timestamp,edge_id,boundary_class,guard_relation,endpoint_status_combination,original_n_interior,original_g_e,original_interior_fractions,new_point_count,final_n_interior,final_g_e,final_interior_fractions,requested_count_note
2010-07-01 07:30:00,E0012,VMAX30,NONE,CONVEX-REFLEX,2,0.601421438473917,1.10470346728868e-11;0.601421438484964,4,6,0.199289280757518,1.10470346728868e-11;0.150355359629526;0.300710719248006;0.451066078866485;0.601421438484964;0.800710719242482,TRUE_SET_HAS_41_EDGES_NOT_PROMPT_EXPECTATION_44
2010-07-01 07:30:00,E0048,VMAX13,NONE,REFLEX-CONVEX,0,1,,3,3,0.25,0.25;0.5;0.75,TRUE_SET_HAS_41_EDGES_NOT_PROMPT_EXPECTATION_44
2010-07-02 17:30:00,E0015,VMAX30,NONE,REFLEX-REFLEX,1,0.511399091268773,0.488600908731227,4,5,0.244300454365614,0.244300454365614;0.488600908731227;0.61645068154842;0.744300454365614;0.872150227182807,TRUE_SET_HAS_41_EDGES_NOT_PROMPT_EXPECTATION_44
2010-07-02 17:30:00,E0034,VMIN33,NONE,CONVEX-CONVEX,2,0.507496648475549,1.3798360894774e-11;0.507496648489347,4,6,0.246251675755327,1.3798360894774e-11;0.126874162132686;0.253748324251573;0.38062248637046;0.507496648489347;0.753748324244673,TRUE_SET_HAS_41_EDGES_NOT_PROMPT_EXPECTATION_44
2010-07-02 18:00:00,E0048,VMAX13,NONE,REFLEX-REFLEX,2,0.441838265053865,0.12605155042861;0.567889815482475,2,4,0.220919132526933,0.12605155042861;0.346970682955542;0.567889815482475;0.783944907741237,TRUE_SET_HAS_41_EDGES_NOT_PROMPT_EXPECTATION_44
2011-01-21 18:00:00,E0011,VMAX30,NONE,REFLEX-CONVEX,0,1,,3,3,0.25,0.25;0.5;0.75,TRUE_SET_HAS_41_EDGES_NOT_PROMPT_EXPECTATION_44
2011-01-21 18:00:00,E0027,VMIN18,NONE,CONVEX-CONVEX,1,0.564319606940963,0.435680393059037,4,5,0.217840196529518,0.217840196529518;0.435680393059037;0.576760294794278;0.717840196529518;0.858920098264759,TRUE_SET_HAS_41_EDGES_NOT_PROMPT_EXPECTATION_44
2011-01-21 18:00:00,E0036,VMIN33,NONE,REFLEX-CONVEX,0,1,,3,3,0.25,0.25;0.5;0.75,TRUE_SET_HAS_41_EDGES_NOT_PROMPT_EXPECTATION_44
2011-01-21 18:00:00,E0051,VMAX13,NONE,REFLEX-REFLEX,1,0.567835615311406,0.567835615311406,4,5,0.216082192344297,0.141958903827852;0.283917807655703;0.425876711483555;0.567835615311406;0.783917807655703,TRUE_SET_HAS_41_EDGES_NOT_PROMPT_EXPECTATION_44
2011-02-05 11:30:00,E0015,VMAX30,NONE,CONVEX-REFLEX,0,1,,3,3,0.25,0.25;0.5;0.75,TRUE_SET_HAS_41_EDGES_NOT_PROMPT_EXPECTATION_44
2011-02-05 11:30:00,E0029,VMIN18,NONE,CONVEX-CONVEX,1,0.682816548267937,0.317183451732063,4,5,0.170704137066984,0.158591725866032;0.317183451732063;0.487887588799047;0.658591725866032;0.829295862933016,TRUE_SET_HAS_41_EDGES_NOT_PROMPT_EXPECTATION_44
2011-02-05 11:30:00,E0034,VMIN33,NONE,CONVEX-CONVEX,1,0.999999999920132,0.999999999920132,3,4,0.249999999980033,0.249999999980033;0.499999999960066;0.749999999940099;0.999999999920132,TRUE_SET_HAS_41_EDGES_NOT_PROMPT_EXPECTATION_44
2011-02-05 11:30:00,E0047,VMAX13,NONE,REFLEX-REFLEX,1,0.686692971117465,0.686692971117465,4,5,0.171673242779366,0.171673242779366;0.343346485558732;0.515019728338099;0.686692971117465;0.843346485558732,TRUE_SET_HAS_41_EDGES_NOT_PROMPT_EXPECTATION_44
2011-02-05 17:30:00,E0018,VMAX30,NONE,REFLEX-REFLEX,1,0.649549925062272,0.350450074937728,4,5,0.175225037468864,0.175225037468864;0.350450074937728;0.512837556203296;0.675225037468864;0.837612518734432,TRUE_SET_HAS_41_EDGES_NOT_PROMPT_EXPECTATION_44
2011-02-05 17:30:00,E0034,VMIN33,NONE,CONVEX-CONVEX,2,0.645634755649388,2.7039530855941e-12;0.645634755652092,4,6,0.177182622173954,2.7039530855941e-12;0.161408688915051;0.322817377827398;0.484226066739745;0.645634755652092;0.822817377826046,TRUE_SET_HAS_41_EDGES_NOT_PROMPT_EXPECTATION_44
2011-02-05 18:00:00,E0018,VMAX30,NONE,REFLEX-REFLEX,0,1,,3,3,0.25,0.25;0.5;0.75,TRUE_SET_HAS_41_EDGES_NOT_PROMPT_EXPECTATION_44
2011-02-05 18:00:00,E0031,VMIN18,NONE,CONVEX-CONVEX,2,0.470738244759699,0.0607894577052086;0.529261755240301,2,4,0.23536912237985,0.0607894577052086;0.295025606472755;0.529261755240301;0.76463087762015,TRUE_SET_HAS_41_EDGES_NOT_PROMPT_EXPECTATION_44
2011-02-05 18:00:00,E0034,VMIN33,NONE,CONVEX-CONVEX,1,0.999999999992823,0.999999999992823,3,4,0.249999999998206,0.249999999998206;0.499999999996411;0.749999999994617;0.999999999992823,TRUE_SET_HAS_41_EDGES_NOT_PROMPT_EXPECTATION_44
2011-02-05 18:00:00,E0046,VMAX13,NONE,REFLEX-REFLEX,2,0.480496593063102,0.480496593063102;0.941406484692688,2,4,0.240248296531551,0.240248296531551;0.480496593063102;0.710951538877895;0.941406484692688,TRUE_SET_HAS_41_EDGES_NOT_PROMPT_EXPECTATION_44
2011-02-06 00:00:00,E0012,VMAX30,NONE,REFLEX-REFLEX,2,0.436497374216663,0.431426717258359;0.867924091475022,2,4,0.218248687108332,0.21571335862918;0.431426717258359;0.649675404366691;0.867924091475022,TRUE_SET_HAS_41_EDGES_NOT_PROMPT_EXPECTATION_44
2011-02-06 00:00:00,E0048,VMAX13,NONE,REFLEX-REFLEX,0,1,,3,3,0.25,0.25;0.5;0.75,TRUE_SET_HAS_41_EDGES_NOT_PROMPT_EXPECTATION_44
2011-05-11 17:30:00,E0028,VMIN18,NONE,CONVEX-CONVEX,1,0.639247440199201,0.639247440199201,4,5,0.1803762799004,0.1598118600498;0.3196237200996;0.479435580149401;0.639247440199201;0.8196237200996,TRUE_SET_HAS_41_EDGES_NOT_PROMPT_EXPECTATION_44
2011-05-11 17:30:00,E0049,VMAX13,NONE,REFLEX-REFLEX,1,0.635784507213357,0.364215492786643,4,5,0.182107746393322,0.182107746393322;0.364215492786643;0.523161619589982;0.682107746393322;0.841053873196661,TRUE_SET_HAS_41_EDGES_NOT_PROMPT_EXPECTATION_44
2011-05-11 18:00:00,E0028,VMIN18,NONE,CONVEX-CONVEX,2,0.447220922773767,0.447220922773767;0.894152022016805,2,4,0.223610461386884,0.223610461386884;0.447220922773767;0.670686472395286;0.894152022016805,TRUE_SET_HAS_41_EDGES_NOT_PROMPT_EXPECTATION_44
2011-05-11 18:00:00,E0049,VMAX13,NONE,REFLEX-REFLEX,2,0.450150662947573,0.107876359112963;0.558027022060536,2,4,0.225075331473786,0.107876359112963;0.33295169058675;0.558027022060536;0.779013511030268,TRUE_SET_HAS_41_EDGES_NOT_PROMPT_EXPECTATION_44
2011-05-16 07:30:00,E0011,VMAX30,NONE,REFLEX-REFLEX,1,0.669206982815661,0.669206982815661,4,5,0.167301745703915,0.167301745703915;0.334603491407831;0.501905237111746;0.669206982815661;0.834603491407831,TRUE_SET_HAS_41_EDGES_NOT_PROMPT_EXPECTATION_44
2011-05-16 07:30:00,E0027,VMIN18,NONE,REFLEX-CONVEX,0,1,,3,3,0.25,0.25;0.5;0.75,TRUE_SET_HAS_41_EDGES_NOT_PROMPT_EXPECTATION_44
2011-05-16 07:30:00,E0036,VMIN33,NONE,CONVEX-CONVEX,2,0.671057534711431,0.328942465268855;0.999999999980286,4,6,0.167764383677858,0.164471232634428;0.328942465268855;0.496706848946713;0.664471232624571;0.832235616302428;0.999999999980286,TRUE_SET_HAS_41_EDGES_NOT_PROMPT_EXPECTATION_44
2011-05-16 07:30:00,E0051,VMAX13,NONE,CONVEX-REFLEX,0,1,,3,3,0.25,0.25;0.5;0.75,TRUE_SET_HAS_41_EDGES_NOT_PROMPT_EXPECTATION_44
2011-09-11 00:00:00,E0000,VMAX13,NONE,REFLEX-REFLEX,2,0.446930493391232,0.446930493391232;0.890309085432513,2,4,0.223465246695616,0.223465246695616;0.446930493391232;0.668619789411873;0.890309085432513,TRUE_SET_HAS_41_EDGES_NOT_PROMPT_EXPECTATION_44
2011-09-11 00:00:00,E0011,VMAX30,NONE,REFLEX-REFLEX,1,0.652023462023936,0.347976537976064,4,5,0.173988268988032,0.173988268988032;0.347976537976064;0.510982403482048;0.673988268988032;0.836994134494016,TRUE_SET_HAS_41_EDGES_NOT_PROMPT_EXPECTATION_44
2011-09-11 00:00:00,E0027,VMIN18,NONE,CONVEX-CONVEX,2,0.445902766947863,0.111360281929046;0.557263048876909,2,4,0.222951383473932,0.111360281929046;0.334311665402978;0.557263048876909;0.778631524438455,TRUE_SET_HAS_41_EDGES_NOT_PROMPT_EXPECTATION_44
2011-09-11 00:00:00,E0038,VMIN33,NONE,CONVEX-CONVEX,1,0.650182602485093,0.650182602485093,4,5,0.174908698757454,0.162545650621273;0.325091301242546;0.48763695186382;0.650182602485093;0.825091301242546,TRUE_SET_HAS_41_EDGES_NOT_PROMPT_EXPECTATION_44
2011-09-30 11:30:00,E0011,VMAX30,NONE,CONVEX-REFLEX,2,0.393375824573752,0.215343902552179;0.606624175426248,2,4,0.215343902552179,0.215343902552179;0.410984038989214;0.606624175426248;0.803312087713124,TRUE_SET_HAS_41_EDGES_NOT_PROMPT_EXPECTATION_44
2011-09-30 11:30:00,E0038,VMIN33,NONE,CONVEX-CONVEX,2,0.392192100562616,0.390212218590906;0.782404319153522,2,4,0.217595680846478,0.195106109295453;0.390212218590906;0.586308268872214;0.782404319153522,TRUE_SET_HAS_41_EDGES_NOT_PROMPT_EXPECTATION_44
2011-11-14 17:30:00,E0028,VMIN18,NONE,CONVEX-CONVEX,1,0.582122860418583,0.582122860418583,4,5,0.208938569790709,0.145530715104646;0.291061430209291;0.436592145313937;0.582122860418583;0.791061430209292,TRUE_SET_HAS_41_EDGES_NOT_PROMPT_EXPECTATION_44
2011-11-14 17:30:00,E0049,VMAX13,NONE,REFLEX-REFLEX,1,0.578113690336343,0.421886309663657,4,5,0.210943154831828,0.210943154831828;0.421886309663657;0.566414732247743;0.710943154831828;0.855471577415914,TRUE_SET_HAS_41_EDGES_NOT_PROMPT_EXPECTATION_44
2012-08-05 23:30:00,E0000,VMAX13,NONE,REFLEX-REFLEX,2,0.394249991813229,0.394249991813229;0.785387148889564,2,4,0.214612851110436,0.197124995906615;0.394249991813229;0.589818570351397;0.785387148889564,TRUE_SET_HAS_41_EDGES_NOT_PROMPT_EXPECTATION_44
2012-08-05 23:30:00,E0011,VMAX30,NONE,REFLEX-REFLEX,1,0.539534525125132,0.460465474874868,4,5,0.230232737437434,0.230232737437434;0.460465474874868;0.595349106156151;0.730232737437434;0.865116368718717,TRUE_SET_HAS_41_EDGES_NOT_PROMPT_EXPECTATION_44
2012-08-05 23:30:00,E0027,VMIN18,NONE,CONVEX-CONVEX,2,0.392460712431797,0.217871046023409;0.610331758455206,2,4,0.217871046023409,0.217871046023409;0.414101402239308;0.610331758455206;0.805165879227603,TRUE_SET_HAS_41_EDGES_NOT_PROMPT_EXPECTATION_44
2012-08-05 23:30:00,E0038,VMIN33,NONE,CONVEX-CONVEX,1,0.537108393367163,0.537108393367163,4,5,0.231445803316419,0.134277098341791;0.268554196683581;0.402831295025372;0.537108393367163;0.768554196683581,TRUE_SET_HAS_41_EDGES_NOT_PROMPT_EXPECTATION_44
