selection_index,timestamp,search_kind,search_id,status
1,2012-10-15 13:00:00,RAY,320.000000,RAY_UNBOUNDED_WITHIN_GUARD
1,2012-10-15 13:00:00,RAY,135.000000,RAY_UNBOUNDED_WITHIN_GUARD
1,2012-10-15 13:00:00,RAY,325.000000,RAY_UNBOUNDED_WITHIN_GUARD
2,2011-12-15 05:30:00,RAY,320.000000,RAY_UNBOUNDED_WITHIN_GUARD
2,2011-12-15 05:30:00,RAY,135.000000,RAY_UNBOUNDED_WITHIN_GUARD
2,2011-12-15 05:30:00,RAY,325.000000,RAY_UNBOUNDED_WITHIN_GUARD
3,2011-02-06 00:00:00,RAY,140.000000,RAY_UNBOUNDED_WITHIN_GUARD
3,2011-02-06 00:00:00,RAY,320.000000,RAY_UNBOUNDED_WITHIN_GUARD
3,2011-02-06 00:00:00,RAY,135.000000,RAY_UNBOUNDED_WITHIN_GUARD
3,2011-02-06 00:00:00,RAY,315.000000,RAY_UNBOUNDED_WITHIN_GUARD
4,2010-12-21 11:30:00,RAY,320.000000,RAY_UNBOUNDED_WITHIN_GUARD
4,2010-12-21 11:30:00,RAY,135.000000,RAY_UNBOUNDED_WITHIN_GUARD
5,2011-02-05 11:30:00,RAY,140.000000,RAY_UNBOUNDED_WITHIN_GUARD
5,2011-02-05 11:30:00,RAY,315.000000,RAY_UNBOUNDED_WITHIN_GUARD
6,2010-12-21 12:00:00,RAY,320.000000,RAY_UNBOUNDED_WITHIN_GUARD
6,2010-12-21 12:00:00,RAY,135.000000,RAY_UNBOUNDED_WITHIN_GUARD
7,2011-02-05 17:30:00,RAY,310.000000,RAY_UNBOUNDED_WITHIN_GUARD
7,2011-02-05 17:30:00,RAY,145.000000,RAY_UNBOUNDED_WITHIN_GUARD
8,2011-01-21 18:00:00,RAY,320.000000,RAY_UNBOUNDED_WITHIN_GUARD
8,2011-01-21 18:00:00,RAY,135.000000,RAY_UNBOUNDED_WITHIN_GUARD
9,2011-02-05 18:00:00,RAY,310.000000,RAY_UNBOUNDED_WITHIN_GUARD
9,2011-02-05 18:00:00,RAY,145.000000,RAY_UNBOUNDED_WITHIN_GUARD
10,2013-04-17 05:30:00,RAY,320.000000,RAY_UNBOUNDED_WITHIN_GUARD
10,2013-04-17 05:30:00,RAY,135.000000,RAY_UNBOUNDED_WITHIN_GUARD
10,2013-04-17 05:30:00,RAY,325.000000,RAY_UNBOUNDED_WITHIN_GUARD
11,2013-04-07 02:00:00,RAY,320.000000,RAY_UNBOUNDED_WITHIN_GUARD
11,2013-04-07 02:00:00,RAY,135.000000,RAY_UNBOUNDED_WITHIN_GUARD
12,2011-03-08 11:30:00,RAY,320.000000,RAY_UNBOUNDED_WITHIN_GUARD
12,2011-03-08 11:30:00,RAY,135.000000,RAY_UNBOUNDED_WITHIN_GUARD
13,2011-05-16 07:30:00,RAY,320.000000,RAY_UNBOUNDED_WITHIN_GUARD
13,2011-05-16 07:30:00,RAY,135.000000,RAY_UNBOUNDED_WITHIN_GUARD
14,2011-03-08 12:30:00,RAY,320.000000,RAY_UNBOUNDED_WITHIN_GUARD
14,2011-03-08 12:30:00,RAY,135.000000,RAY_UNBOUNDED_WITHIN_GUARD
15,2011-05-11 17:30:00,RAY,140.000000,RAY_UNBOUNDED_WITHIN_GUARD
15,2011-05-11 17:30:00,RAY,315.000000,RAY_UNBOUNDED_WITHIN_GUARD
16,2011-03-04 18:00:00,RAY,320.000000,RAY_UNBOUNDED_WITHIN_GUARD
16,2011-03-04 18:00:00,RAY,135.000000,RAY_UNBOUNDED_WITHIN_GUARD
17,2011-05-11 18:00:00,RAY,140.000000,RAY_UNBOUNDED_WITHIN_GUARD
17,2011-05-11 18:00:00,RAY,315.000000,RAY_UNBOUNDED_WITHIN_GUARD
18,2012-08-04 03:30:00,RAY,320.000000,RAY_UNBOUNDED_WITHIN_GUARD
18,2012-08-04 03:30:00,RAY,135.000000,RAY_UNBOUNDED_WITHIN_GUARD
18,2012-08-04 03:30:00,RAY,325.000000,RAY_UNBOUNDED_WITHIN_GUARD
19,2010-07-03 00:00:00,RAY,320.000000,RAY_UNBOUNDED_WITHIN_GUARD
19,2010-07-03 00:00:00,RAY,135.000000,RAY_UNBOUNDED_WITHIN_GUARD
20,2012-08-31 11:30:00,RAY,320.000000,RAY_UNBOUNDED_WITHIN_GUARD
20,2012-08-31 11:30:00,RAY,135.000000,RAY_UNBOUNDED_WITHIN_GUARD
21,2010-07-01 07:30:00,RAY,140.000000,RAY_UNBOUNDED_WITHIN_GUARD
21,2010-07-01 07:30:00,RAY,320.000000,RAY_UNBOUNDED_WITHIN_GUARD
21,2010-07-01 07:30:00,RAY,135.000000,RAY_UNBOUNDED_WITHIN_GUARD
21,2010-07-01 07:30:00,RAY,315.000000,RAY_UNBOUNDED_WITHIN_GUARD
22,2012-08-24 12:00:00,RAY,320.000000,RAY_UNBOUNDED_WITHIN_GUARD
22,2012-08-24 12:00:00,RAY,135.000000,RAY_UNBOUNDED_WITHIN_GUARD
23,2010-07-02 17:30:00,RAY,140.000000,RAY_UNBOUNDED_WITHIN_GUARD
23,2010-07-02 17:30:00,RAY,315.000000,RAY_UNBOUNDED_WITHIN_GUARD
24,2012-08-05 23:30:00,RAY,320.000000,RAY_UNBOUNDED_WITHIN_GUARD
24,2012-08-05 23:30:00,RAY,135.000000,RAY_UNBOUNDED_WITHIN_GUARD
25,2010-07-02 18:00:00,RAY,140.000000,RAY_UNBOUNDED_WITHIN_GUARD
25,2010-07-02 18:00:00,RAY,315.000000,RAY_UNBOUNDED_WITHIN_GUARD
26,2011-09-30 05:30:00,RAY,320.000000,RAY_UNBOUNDED_WITHIN_GUARD
26,2011-09-30 05:30:00,RAY,135.000000,RAY_UNBOUNDED_WITHIN_GUARD
26,2011-09-30 05:30:00,RAY,325.000000,RAY_UNBOUNDED_WITHIN_GUARD
27,2011-09-11 00:00:00,RAY,320.000000,RAY_UNBOUNDED_WITHIN_GUARD
27,2011-09-11 00:00:00,RAY,135.000000,RAY_UNBOUNDED_WITHIN_GUARD
28,2011-09-30 11:30:00,RAY,320.000000,RAY_UNBOUNDED_WITHIN_GUARD
28,2011-09-30 11:30:00,RAY,135.000000,RAY_UNBOUNDED_WITHIN_GUARD
29,2012-09-03 07:00:00,RAY,320.000000,RAY_UNBOUNDED_WITHIN_GUARD
29,2012-09-03 07:00:00,RAY,135.000000,RAY_UNBOUNDED_WITHIN_GUARD
30,2011-11-14 17:30:00,RAY,140.000000,RAY_UNBOUNDED_WITHIN_GUARD
30,2011-11-14 17:30:00,RAY,315.000000,RAY_UNBOUNDED_WITHIN_GUARD
31,2010-11-26 18:00:00,RAY,320.000000,RAY_UNBOUNDED_WITHIN_GUARD
31,2010-11-26 18:00:00,RAY,135.000000,RAY_UNBOUNDED_WITHIN_GUARD
32,2011-11-14 19:30:00,RAY,140.000000,RAY_UNBOUNDED_WITHIN_GUARD
32,2011-11-14 19:30:00,RAY,315.000000,RAY_UNBOUNDED_WITHIN_GUARD
