timestamp,cell_id,vertex_index_ccw,p13_abs_kw,p30_abs_kw
2010-07-01 07:30:00,0,0,1738.66574850004,941.037848788138
2010-07-01 07:30:00,0,1,452.1875,614.6875
2010-07-01 07:30:00,0,2,1841.4381815028,614.6875
2010-07-01 07:30:00,1,0,1646.75245448235,1240.20361126259
2010-07-01 07:30:00,1,1,452.1875,614.6875
2010-07-01 07:30:00,1,2,1738.66719429395,941.038215553256
2010-07-01 07:30:00,2,0,1558.48032981976,1533.59613528957
2010-07-01 07:30:00,2,1,452.1875,614.6875
2010-07-01 07:30:00,2,2,1646.74846066802,1240.20151996131
2010-07-01 07:30:00,3,0,1468.10628345028,1841.09665217269
2010-07-01 07:30:00,3,1,452.1875,614.6875
2010-07-01 07:30:00,3,2,1558.47113940122,1533.58850154674
2010-07-01 07:30:00,4,0,1162.54560762476,2384.79984726278
2010-07-01 07:30:00,4,1,452.1875,614.6875
2010-07-01 07:30:00,4,2,1468.09333244369,1841.08101781957
2010-07-01 07:30:00,4,3,1370.71656361587,2180.19374253159
2010-07-01 07:30:00,4,4,1284.9987393822,2333.71752261838
2010-07-01 07:30:00,5,0,925.39292127059,2485.14009460353
2010-07-01 07:30:00,5,1,452.1875,614.6875
2010-07-01 07:30:00,5,2,1162.45229451132,2384.56732412764
2010-07-01 07:30:00,6,0,693.76099552728,2585.71813754513
2010-07-01 07:30:00,6,1,452.1875,614.6875
2010-07-01 07:30:00,6,2,925.391171479236,2485.13317815323
2010-07-01 07:30:00,7,0,452.1875,2693.87388685325
2010-07-01 07:30:00,7,1,452.1875,614.6875
2010-07-01 07:30:00,7,2,693.758709495767,2585.69948550659
2010-07-01 07:30:00,8,0,182.225345818422,2817.34502130273
2010-07-01 07:30:00,8,1,452.1875,614.6875
2010-07-01 07:30:00,8,2,452.1875,2693.57573610574
2010-07-01 07:30:00,9,0,25.0632180108697,2892.03261178358
2010-07-01 07:30:00,9,1,1.20082553073318,2903.2812461146
2010-07-01 07:30:00,9,2,452.1875,614.6875
2010-07-01 07:30:00,9,3,182.158878211208,2817.88733944875
2010-07-01 07:30:00,10,0,-144.582514901352,2973.55739577865
2010-07-01 07:30:00,10,1,452.1875,614.6875
2010-07-01 07:30:00,10,2,1.20879392566297,2903.24080940142
2010-07-01 07:30:00,11,0,-344.047783412202,3071.27214564399
2010-07-01 07:30:00,11,1,452.1875,614.6875
2010-07-01 07:30:00,11,2,-144.492028176536,2973.19972631503
2010-07-01 07:30:00,12,0,-581.759421049646,3191.13759144723
2010-07-01 07:30:00,12,1,452.1875,614.6875
2010-07-01 07:30:00,12,2,-344.024552973029,3071.20047393919
2010-07-01 07:30:00,13,0,-876.729946905839,3345.1365920588
2010-07-01 07:30:00,13,1,452.1875,614.6875
2010-07-01 07:30:00,13,2,-581.564673369292,3190.65230765882
2010-07-01 07:30:00,14,0,-1678.64819585791,2044.19149664388
2010-07-01 07:30:00,14,1,452.1875,614.6875
2010-07-01 07:30:00,14,2,-876.241262051302,3344.13251981904
2010-07-01 07:30:00,14,3,-1269.77656303117,3559.91626458976
2010-07-01 07:30:00,14,4,-1898.80439110917,2983.00283777085
2010-07-01 07:30:00,14,5,-1780.83552876067,2472.07359810983
2010-07-01 07:30:00,15,0,2391.98824793924,-996.549244898245
2010-07-01 07:30:00,15,1,452.1875,614.6875
2010-07-01 07:30:00,15,2,-1678.62563427699,2044.17636085929
2010-07-01 07:30:00,15,3,-1590.58858335927,1686.23118406906
2010-07-01 07:30:00,15,4,-1511.67701465028,1373.29372402423
2010-07-01 07:30:00,15,5,-1439.98025978635,1095.93537098149
2010-07-01 07:30:00,15,6,-1312.04914056309,615.342228244973
2010-07-01 07:30:00,15,7,-1204.70390021299,227.166383866713
2010-07-01 07:30:00,15,8,-1121.51684186753,-64.6796554515132
2010-07-01 07:30:00,15,9,-1085.05979629841,-190.822393828246
2010-07-01 07:30:00,15,10,-972.459086878916,-569.915472339094
2010-07-01 07:30:00,15,11,-851.746549158777,-961.543948265234
2010-07-01 07:30:00,15,12,-785.750273223806,-1168.8276831377
2010-07-01 07:30:00,15,13,-704.043199594807,-1366.86531554554
2010-07-01 07:30:00,15,14,-398.258177810987,-1504.82847127172
2010-07-01 07:30:00,15,15,-114.544696686424,-1627.68038188196
2010-07-01 07:30:00,15,16,1.35164208008463,-1676.77148988261
2010-07-01 07:30:00,15,17,164.017683021275,-1744.0755009019
2010-07-01 07:30:00,15,18,453.472351460749,-1860.49855754863
2010-07-01 07:30:00,15,19,772.32242957757,-1983.92978483538
2010-07-01 07:30:00,15,20,1146.90589752294,-2123.30710847659
2010-07-01 07:30:00,15,21,1367.57337030649,-2202.59769615195
2010-07-01 07:30:00,15,22,1620.84097840295,-2291.2792072007
2010-07-01 07:30:00,15,23,1918.49398363735,-2392.44687744438
2010-07-01 07:30:00,15,24,2278.15830967469,-2510.74320785679
2010-07-01 07:30:00,15,25,2607.46771839432,-1566.41823194487
2010-07-01 07:30:00,16,0,2245.20168014808,-588.183721622028
2010-07-01 07:30:00,16,1,452.1875,614.6875
2010-07-01 07:30:00,16,2,2392.94721026182,-997.345777909561
2010-07-01 07:30:00,17,0,2132.83998933447,-265.361094744876
2010-07-01 07:30:00,17,1,452.1875,614.6875
2010-07-01 07:30:00,17,2,2245.63741662988,-588.476042162473
2010-07-01 07:30:00,18,0,2042.13818445417,1.77430799602307
2010-07-01 07:30:00,18,1,452.1875,614.6875
2010-07-01 07:30:00,18,2,2133.20527691487,-265.552372134964
2010-07-01 07:30:00,19,0,1966.19673701167,230.617700807315
2010-07-01 07:30:00,19,1,452.1875,614.6875
2010-07-01 07:30:00,19,2,2021.6269539063,9.68122228584355
2010-07-01 07:30:00,19,3,2036.96020610405,18.057312058985
2010-07-01 07:30:00,20,0,1841.16312753108,614.6875
2010-07-01 07:30:00,20,1,452.1875,614.6875
2010-07-01 07:30:00,20,2,1965.93132636654,230.685029467329
2010-07-03 00:00:00,0,0,1503.19269307971,433.458562091185
2010-07-03 00:00:00,0,1,59.6875,68.28125
2010-07-03 00:00:00,0,2,1620.35617208795,68.28125
2010-07-03 00:00:00,1,0,1399.30583569575,767.822964996738
2010-07-03 00:00:00,1,1,59.6875,68.28125
2010-07-03 00:00:00,1,2,1503.19477424308,433.459088582984
2010-07-03 00:00:00,2,0,1299.63666120588,1095.37460099827
2010-07-03 00:00:00,2,1,59.6875,68.28125
2010-07-03 00:00:00,2,2,1399.30191391696,767.820917064289
2010-07-03 00:00:00,3,0,1198.15096606009,1438.84516920504
2010-07-03 00:00:00,3,1,59.6875,68.28125
2010-07-03 00:00:00,3,2,1299.62517278096,1095.36508473323
2010-07-03 00:00:00,4,0,826.369978058371,1973.49115742726
2010-07-03 00:00:00,4,1,59.6875,68.28125
2010-07-03 00:00:00,4,2,1198.13745307585,1438.82890130608
2010-07-03 00:00:00,4,3,1086.77387225923,1824.99567321671
2010-07-03 00:00:00,4,4,961.589731998527,1917.00173769392
2010-07-03 00:00:00,5,0,570.806476634614,2083.03885319757
2010-07-03 00:00:00,5,1,59.6875,68.28125
2010-07-03 00:00:00,5,2,826.36965638585,1973.49035806939
2010-07-03 00:00:00,6,0,320.852419864522,2193.29985264848
2010-07-03 00:00:00,6,1,59.6875,68.28125
2010-07-03 00:00:00,6,2,570.804230933597,2083.03000096667
2010-07-03 00:00:00,7,0,59.6875,2311.66616865662
2010-07-03 00:00:00,7,1,59.6875,68.28125
2010-07-03 00:00:00,7,2,320.850338144608,2193.282914334
2010-07-03 00:00:00,8,0,0.146159967728952,2339.42487725189
2010-07-03 00:00:00,8,1,59.6875,68.28125
2010-07-03 00:00:00,8,2,59.6875,2311.92274739391
2010-07-03 00:00:00,9,0,-232.874183754904,2448.76566085701
2010-07-03 00:00:00,9,1,59.6875,68.28125
2010-07-03 00:00:00,9,2,0.154009522867945,2339.12546398506
2010-07-03 00:00:00,10,0,-399.886372865776,2529.04286824499
2010-07-03 00:00:00,10,1,59.6875,68.28125
2010-07-03 00:00:00,10,2,-232.870111194107,2448.73252368277
2010-07-03 00:00:00,11,0,-588.001384526405,2621.37781705366
2010-07-03 00:00:00,11,1,59.6875,68.28125
2010-07-03 00:00:00,11,2,-399.879068977481,2529.0037599992
2010-07-03 00:00:00,12,0,-805.801151281962,2731.1851617649
2010-07-03 00:00:00,12,1,59.6875,68.28125
2010-07-03 00:00:00,12,2,-587.9856789229,2621.31590782015
2010-07-03 00:00:00,13,0,-1066.55171729201,2866.99150662896
2010-07-03 00:00:00,13,1,59.6875,68.28125
2010-07-03 00:00:00,13,2,-805.770534748418,2731.0909619313
2010-07-03 00:00:00,14,0,-1391.92809024698,3042.62738788615
2010-07-03 00:00:00,14,1,59.6875,68.28125
2010-07-03 00:00:00,14,2,-1066.20051102727,2866.11875725188
2010-07-03 00:00:00,15,0,-1980.59260795283,1758.31677615192
2010-07-03 00:00:00,15,1,59.6875,68.28125
2010-07-03 00:00:00,15,2,-1391.19330770898,3041.1218256569
2010-07-03 00:00:00,15,3,-1834.81350316721,3295.21168425696
2010-07-03 00:00:00,15,4,-2229.44644667523,2828.92043885369
2010-07-03 00:00:00,15,5,-2086.56122741398,2204.52917934062
2010-07-03 00:00:00,16,0,2260.5762338523,-1754.79203038949
2010-07-03 00:00:00,16,1,-1980.24071639911,1758.02529204402
2010-07-03 00:00:00,16,2,-1885.49191812632,1371.87215869618
2010-07-03 00:00:00,16,3,-1802.44107226447,1042.55838573437
2010-07-03 00:00:00,16,4,-1728.75890046741,757.377840522876
2010-07-03 00:00:00,16,5,-1662.28239561189,505.161543886016
2010-07-03 00:00:00,16,6,-1543.83827537342,68.9449006242052
2010-07-03 00:00:00,16,7,-1524.78050452805,0.675562776862293
2010-07-03 00:00:00,16,8,-1437.03593568582,-310.278714238566
2010-07-03 00:00:00,16,9,-1335.16312606039,-660.646110969104
2010-07-03 00:00:00,16,10,-1232.34286411098,-1003.20250386922
2010-07-03 00:00:00,16,11,-1122.32464949185,-1356.82350891804
2010-07-03 00:00:00,16,12,-997.07677760135,-1744.91323141519
2010-07-03 00:00:00,16,13,-881.135238455951,-1825.2548576326
2010-07-03 00:00:00,16,14,-729.689781708912,-1893.67189575937
2010-07-03 00:00:00,16,15,-466.826191085225,-2009.42219179242
2010-07-03 00:00:00,16,16,-208.1982694426,-2119.16396736673
2010-07-03 00:00:00,16,17,1.32307611898244,-2205.19720417269
2010-07-03 00:00:00,16,18,60.9889578767685,-2229.42303051071
2010-07-03 00:00:00,16,19,358.173553100636,-2346.84699749168
2010-07-03 00:00:00,16,20,708.230526679376,-2480.06998776709
2010-07-03 00:00:00,16,21,914.904042088815,-2556.05023774456
2010-07-03 00:00:00,16,22,1152.60725981892,-2641.42734131491
2010-07-03 00:00:00,16,23,1432.60453167123,-2739.17208293651
2010-07-03 00:00:00,16,24,1790.87231866739,-2860.2717005255
2010-07-03 00:00:00,16,25,2190.32306750291,-2989.81088100359
2010-07-03 00:00:00,16,26,2520.96806557586,-2410.09155293909
2010-07-03 00:00:00,17,0,2086.89881214975,-1287.96401475461
2010-07-03 00:00:00,17,1,59.6875,68.28125
2010-07-03 00:00:00,17,2,2262.44280762766,-1756.33817887187
2010-07-03 00:00:00,18,0,1955.66326957281,-921.787418136032
2010-07-03 00:00:00,18,1,59.6875,68.28125
2010-07-03 00:00:00,18,2,2087.71834810316,-1288.51230084075
2010-07-03 00:00:00,19,0,1850.44672039115,-620.143244605957
2010-07-03 00:00:00,19,1,59.6875,68.28125
2010-07-03 00:00:00,19,2,1956.04162847761,-921.984995184731
2010-07-03 00:00:00,20,0,1762.81414429649,-362.574983214608
2010-07-03 00:00:00,20,1,59.6875,68.28125
2010-07-03 00:00:00,20,2,1850.48150956478,-620.156618664848
2010-07-03 00:00:00,21,0,1642.28628091754,0.184000368160193
2010-07-03 00:00:00,21,1,59.6875,68.28125
2010-07-03 00:00:00,21,2,1762.83560520153,-362.580412384975
2010-07-03 00:00:00,22,0,1620.61707433623,68.28125
2010-07-03 00:00:00,22,1,59.6875,68.28125
2010-07-03 00:00:00,22,2,1642.56716341469,0.171914344996068
2010-11-26 18:00:00,0,0,1552.09038782972,538.507994257924
2010-11-26 18:00:00,0,1,140.78125,181.25
2010-11-26 18:00:00,0,2,1666.22411317853,181.25
2010-11-26 18:00:00,1,0,1450.51189789393,865.616731673084
2010-11-26 18:00:00,1,1,140.78125,181.25
2010-11-26 18:00:00,1,2,1552.09219585534,538.508451940503
2010-11-26 18:00:00,2,0,1353.32461522991,1186.27689392205
2010-11-26 18:00:00,2,1,140.78125,181.25
2010-11-26 18:00:00,2,2,1450.50731957647,865.614339388712
2010-11-26 18:00:00,3,0,1253.98048898862,1522.24593728145
2010-11-26 18:00:00,3,1,140.78125,181.25
2010-11-26 18:00:00,3,2,1353.3149638802,1186.26889431866
2010-11-26 18:00:00,4,0,895.979628110854,2059.10782021582
2010-11-26 18:00:00,4,1,140.78125,181.25
2010-11-26 18:00:00,4,2,1253.96557863762,1522.22797578866
2010-11-26 18:00:00,4,3,1142.46817545176,1909.52054017804
2010-11-26 18:00:00,4,4,1043.25031238466,1997.09231037162
2010-11-26 18:00:00,5,0,644.072835371621,2166.40687593086
2010-11-26 18:00:00,5,1,140.78125,181.25
2010-11-26 18:00:00,5,2,895.886152328227,2058.8753856205
2010-11-26 18:00:00,6,0,397.920016470409,2274.83123151809
2010-11-26 18:00:00,6,1,140.78125,181.25
2010-11-26 18:00:00,6,2,644.070425611969,2166.39737100154
2010-11-26 18:00:00,7,0,140.78125,2390.58470465601
2010-11-26 18:00:00,7,1,140.78125,181.25
2010-11-26 18:00:00,7,2,397.886256345772,2274.55636217697
2010-11-26 18:00:00,8,0,0.367723180433076,2455.91796610255
2010-11-26 18:00:00,8,1,140.78125,181.25
2010-11-26 18:00:00,8,2,140.78125,2390.83225183887
2010-11-26 18:00:00,9,0,-147.088606787734,2525.03867707376
2010-11-26 18:00:00,9,1,140.78125,181.25
2010-11-26 18:00:00,9,2,0.36859744114966,2455.90380327301
2010-11-26 18:00:00,10,0,-311.40063704723,2603.96172195067
2010-11-26 18:00:00,10,1,140.78125,181.25
2010-11-26 18:00:00,10,2,-147.120869074922,2525.30135127053
2010-11-26 18:00:00,11,0,-496.364149547261,2694.37282510509
2010-11-26 18:00:00,11,1,140.78125,181.25
2010-11-26 18:00:00,11,2,-311.335453717372,2603.61248103269
2010-11-26 18:00:00,12,0,-710.313321544855,2801.52156368832
2010-11-26 18:00:00,12,1,140.78125,181.25
2010-11-26 18:00:00,12,2,-496.351886436288,2694.32445513472
2010-11-26 18:00:00,13,0,-966.072482933906,2933.52542651827
2010-11-26 18:00:00,13,1,140.78125,181.25
2010-11-26 18:00:00,13,2,-710.173359865687,2801.09066256382
2010-11-26 18:00:00,14,0,-1285.02892934561,3104.56732332859
2010-11-26 18:00:00,14,1,140.78125,181.25
2010-11-26 18:00:00,14,2,-965.868331109863,2933.01778758471
2010-11-26 18:00:00,15,0,-1842.27434993237,1508.79261146029
2010-11-26 18:00:00,15,1,140.78125,181.25
2010-11-26 18:00:00,15,2,-1284.30101608125,3103.07489363043
2010-11-26 18:00:00,15,3,-1707.81362337811,3343.63014010625
2010-11-26 18:00:00,15,4,-2187.79419024514,2980.90662277438
2010-11-26 18:00:00,15,5,-2047.00143777,2361.47776358207
2010-11-26 18:00:00,15,6,-1948.0216211392,1942.5939863002
2010-11-26 18:00:00,16,0,2287.55329169167,-1598.12028801074
2010-11-26 18:00:00,16,1,140.78125,181.25
2010-11-26 18:00:00,16,2,-1842.25137320562,1508.77722985232
2010-11-26 18:00:00,16,3,-1758.64485553805,1175.62862848348
2010-11-26 18:00:00,16,4,-1683.91987398734,884.725828697241
2010-11-26 18:00:00,16,5,-1616.20889629764,627.269108994212
2010-11-26 18:00:00,16,6,-1495.82073932172,181.911197528608
2010-11-26 18:00:00,16,7,-1445.40524449344,0.674643742319347
2010-11-26 18:00:00,16,8,-1387.20484087291,-205.464308880683
2010-11-26 18:00:00,16,9,-1283.42641383371,-563.479611480537
2010-11-26 18:00:00,16,10,-1178.4463184995,-913.455361895576
2010-11-26 18:00:00,16,11,-1066.28163146362,-1274.93414235982
2010-11-26 18:00:00,16,12,-939.75088112475,-1667.11770138968
2010-11-26 18:00:00,16,13,-801.075814804488,-1750.04688236686
2010-11-26 18:00:00,16,14,-661.168212395608,-1813.198232328
2010-11-26 18:00:00,16,15,-394.003071054393,-1930.3679374028
2010-11-26 18:00:00,16,16,-131.247303808507,-2041.31906369195
2010-11-26 18:00:00,16,17,1.3234173141295,-2096.13481563164
2010-11-26 18:00:00,16,18,142.077638333831,-2152.91681951472
2010-11-26 18:00:00,16,19,443.733513398701,-2271.80327383959
2010-11-26 18:00:00,16,20,798.829181377528,-2406.21907847553
2010-11-26 18:00:00,16,21,1008.45691478019,-2483.11363324978
2010-11-26 18:00:00,16,22,1249.30469441471,-2568.9865881667
2010-11-26 18:00:00,16,23,1555.47017277716,-2675.32491774002
2010-11-26 18:00:00,16,24,1855.14062370336,-2775.89454613008
2010-11-26 18:00:00,16,25,2305.38778143152,-2921.35957045738
2010-11-26 18:00:00,16,26,2540.84222101259,-2242.14692547236
2010-11-26 18:00:00,17,0,2119.67436497619,-1143.50606521103
2010-11-26 18:00:00,17,1,140.78125,181.25
2010-11-26 18:00:00,17,2,2289.37948332943,-1599.63394250098
2010-11-26 18:00:00,18,0,1992.17859059819,-786.151006495581
2010-11-26 18:00:00,18,1,140.78125,181.25
2010-11-26 18:00:00,18,2,2120.13301533024,-1143.81310546184
2010-11-26 18:00:00,19,0,1890.33857958817,-491.760223693517
2010-11-26 18:00:00,19,1,140.78125,181.25
2010-11-26 18:00:00,19,2,1992.55851233643,-786.349525022048
2010-11-26 18:00:00,20,0,1804.81399648667,-239.982305139309
2010-11-26 18:00:00,20,1,140.78125,181.25
2010-11-26 18:00:00,20,2,1890.36497122834,-491.770375886504
2010-11-26 18:00:00,21,0,1725.26817706387,0.468566401682703
2010-11-26 18:00:00,21,1,140.78125,181.25
2010-11-26 18:00:00,21,2,1805.12233815372,-240.060358573928
2010-11-26 18:00:00,22,0,1666.4799115171,181.25
2010-11-26 18:00:00,22,1,140.78125,181.25
2010-11-26 18:00:00,22,2,1725.27965709136,0.467256592311173
2010-12-21 12:00:00,0,0,1518.48044214913,-0.246873772236484
2010-12-21 12:00:00,0,1,-62.109375,-101.25
2010-12-21 12:00:00,0,2,1551.35794517763,-101.25
2010-12-21 12:00:00,1,0,1429.77717459841,275.835744485204
2010-12-21 12:00:00,1,1,-62.109375,-101.25
2010-12-21 12:00:00,1,2,1518.2277640366,-0.263020453062637
2010-12-21 12:00:00,2,0,1321.98759891504,620.884231181805
2010-12-21 12:00:00,2,1,-62.109375,-101.25
2010-12-21 12:00:00,2,2,1429.77883112324,275.836163184534
2010-12-21 12:00:00,3,0,1218.95680842333,958.97120165907
2010-12-21 12:00:00,3,1,-62.109375,-101.25
2010-12-21 12:00:00,3,2,1321.98296577838,620.881813904226
2010-12-21 12:00:00,4,0,1113.84743689302,1313.20927329835
2010-12-21 12:00:00,4,1,-62.109375,-101.25
2010-12-21 12:00:00,4,2,1218.94639403155,958.962582620397
2010-12-21 12:00:00,5,0,722.059683134224,1845.70482219234
2010-12-21 12:00:00,5,1,-62.109375,-101.25
2010-12-21 12:00:00,5,2,1113.8319969406,1313.19070188173
2010-12-21 12:00:00,5,3,998.720808507617,1712.04303690377
2010-12-21 12:00:00,5,4,860.498203502838,1787.44271125582
2010-12-21 12:00:00,6,0,460.715693800291,1957.84355849881
2010-12-21 12:00:00,6,1,-62.109375,-101.25
2010-12-21 12:00:00,6,2,721.965972567018,1845.4721552198
2010-12-21 12:00:00,7,0,205.103598735954,2071.07256807982
2010-12-21 12:00:00,7,1,-62.109375,-101.25
2010-12-21 12:00:00,7,2,460.713364260556,1957.8343838426
2010-12-21 12:00:00,8,0,-0.155751561598005,2164.30439069336
2010-12-21 12:00:00,8,1,-62.109375,-101.25
2010-12-21 12:00:00,8,2,205.101654215782,2071.05675999613
2010-12-21 12:00:00,9,0,-62.109375,2192.89301930592
2010-12-21 12:00:00,9,1,-62.109375,-101.25
2010-12-21 12:00:00,9,2,-0.148480962609447,2164.57026598115
2010-12-21 12:00:00,10,0,-361.602062726009,2333.49227852155
2010-12-21 12:00:00,10,1,-62.109375,-101.25
2010-12-21 12:00:00,10,2,-62.109375,2192.31014680673
2010-12-21 12:00:00,11,0,-532.750618821907,2416.56070434367
2010-12-21 12:00:00,11,1,-62.109375,-101.25
2010-12-21 12:00:00,11,2,-361.633189062664,2333.7453217875
2010-12-21 12:00:00,12,0,-725.711078552687,2512.27807035341
2010-12-21 12:00:00,12,1,-62.109375,-101.25
2010-12-21 12:00:00,12,2,-532.800249891321,2416.82621791581
2010-12-21 12:00:00,13,0,-949.151095888064,2625.57359841227
2010-12-21 12:00:00,13,1,-62.109375,-101.25
2010-12-21 12:00:00,13,2,-725.613827171191,2511.89505564134
2010-12-21 12:00:00,14,0,-1217.09100454653,2766.36767742464
2010-12-21 12:00:00,14,1,-62.109375,-101.25
2010-12-21 12:00:00,14,2,-949.119272016687,2625.4757697742
2010-12-21 12:00:00,15,0,-1552.29290257343,2949.44311141008
2010-12-21 12:00:00,15,1,-62.109375,-101.25
2010-12-21 12:00:00,15,2,-1216.73222707906,2765.47689563067
2010-12-21 12:00:00,16,0,-1949.10587636842,1160.08134321519
2010-12-21 12:00:00,16,1,-62.109375,-101.25
2010-12-21 12:00:00,16,2,-1551.34264764391,2947.49775628171
2010-12-21 12:00:00,16,3,-2008.69189776113,3213.25821739838
2010-12-21 12:00:00,16,4,-2287.62973090493,2581.48253432889
2010-12-21 12:00:00,16,5,-2153.56649295491,2001.00139082279
2010-12-21 12:00:00,16,6,-2043.30640969494,1541.00716579081
2010-12-21 12:00:00,17,0,2220.67842136085,-1990.50447561274
2010-12-21 12:00:00,17,1,-62.109375,-101.25
2010-12-21 12:00:00,17,2,-1949.08327455063,1160.06623540701
2010-12-21 12:00:00,17,3,-1868.46767677994,843.079358486973
2010-12-21 12:00:00,17,4,-1796.55907820031,566.506560911237
2010-12-21 12:00:00,17,5,-1731.61975316955,321.990923763978
2010-12-21 12:00:00,17,6,-1644.15161556496,0.661560579175614
2010-12-21 12:00:00,17,7,-1616.14855265663,-100.576205698922
2010-12-21 12:00:00,17,8,-1512.20264166314,-467.68867781214
2010-12-21 12:00:00,17,9,-1421.43849680773,-778.650676826066
2010-12-21 12:00:00,17,10,-1305.83615470538,-1162.48025333742
2010-12-21 12:00:00,17,11,-1206.75501000169,-1480.15673742905
2010-12-21 12:00:00,17,12,-1086.46695335603,-1852.03055505113
2010-12-21 12:00:00,17,13,-968.33976905369,-1953.30255404734
2010-12-21 12:00:00,17,14,-832.713341434922,-2014.88121372158
2010-12-21 12:00:00,17,15,-557.631633285845,-2136.28513490527
2010-12-21 12:00:00,17,16,-342.483079683359,-2228.08386072183
2010-12-21 12:00:00,17,17,-33.7708025638444,-2355.33157456945
2010-12-21 12:00:00,17,18,248.622390120488,-2467.40694628906
2010-12-21 12:00:00,17,19,547.77307439028,-2581.90216460458
2010-12-21 12:00:00,17,20,774.548985988915,-2666.20361244256
2010-12-21 12:00:00,17,21,1007.33417131132,-2750.27618120047
2010-12-21 12:00:00,17,22,1281.8309154577,-2846.90275897241
2010-12-21 12:00:00,17,23,1634.60813654602,-2967.08562180361
2010-12-21 12:00:00,17,24,2032.64953384194,-3097.4821295818
2010-12-21 12:00:00,17,25,2499.28974179604,-2681.19572214373
2010-12-21 12:00:00,18,0,2037.96692560028,-1505.01098162876
2010-12-21 12:00:00,18,1,-62.109375,-101.25
2010-12-21 12:00:00,18,2,2222.98247209323,-1992.41132747392
2010-12-21 12:00:00,19,0,1900.44726949347,-1125.18788898763
2010-12-21 12:00:00,19,1,-62.109375,-101.25
2010-12-21 12:00:00,19,2,2038.80002753255,-1505.56785472233
2010-12-21 12:00:00,20,0,1790.76639384706,-812.929242884437
2010-12-21 12:00:00,20,1,-62.109375,-101.25
2010-12-21 12:00:00,20,2,1900.83303060841,-1125.38915473086
2010-12-21 12:00:00,21,0,1699.35610203921,-546.4738817862
2010-12-21 12:00:00,21,1,-62.109375,-101.25
2010-12-21 12:00:00,21,2,1790.7998677108,-812.942100008701
2010-12-21 12:00:00,22,0,1550.82205953916,-101.25
2010-12-21 12:00:00,22,1,-62.109375,-101.25
2010-12-21 12:00:00,22,2,1699.09538489661,-546.407983532848
2011-01-21 18:00:00,0,0,1632.17087592652,710.912075864204
2011-01-21 18:00:00,0,1,274.21875,366.875
2011-01-21 18:00:00,0,2,1741.4509456451,366.875
2011-01-21 18:00:00,1,0,1534.72264955908,1026.06722925928
2011-01-21 18:00:00,1,1,274.21875,366.875
2011-01-21 18:00:00,1,2,1632.17253443415,710.912496046994
2011-01-21 18:00:00,2,0,1441.40371026006,1335.11065825452
2011-01-21 18:00:00,2,1,274.21875,366.875
2011-01-21 18:00:00,2,2,1534.71815573466,1026.06487917203
2011-01-21 18:00:00,3,0,1345.93936525105,1658.9779924604
2011-01-21 18:00:00,3,1,274.21875,366.875
2011-01-21 18:00:00,3,2,1441.39426819635,1335.10282561181
2011-01-21 18:00:00,4,0,1010.32233327488,2198.7742150201
2011-01-21 18:00:00,4,1,274.21875,366.875
2011-01-21 18:00:00,4,2,1345.92613663468,1658.96204358851
2011-01-21 18:00:00,4,3,1241.42700828147,2021.99580039366
2011-01-21 18:00:00,4,4,1138.56314225814,2145.10372822033
2011-01-21 18:00:00,5,0,764.691260530936,2303.07769683094
2011-01-21 18:00:00,5,1,274.21875,366.875
2011-01-21 18:00:00,5,2,1010.22890268376,2198.54169961002
2011-01-21 18:00:00,6,0,524.744256201094,2408.3082995553
2011-01-21 18:00:00,6,1,274.21875,366.875
2011-01-21 18:00:00,6,2,764.688980261599,2303.06869517734
2011-01-21 18:00:00,7,0,274.21875,2520.57513553983
2011-01-21 18:00:00,7,1,274.21875,366.875
2011-01-21 18:00:00,7,2,524.710562257734,2408.03374093247
2011-01-21 18:00:00,8,0,0.769408499837969,2647.02181681674
2011-01-21 18:00:00,8,1,274.21875,366.875
2011-01-21 18:00:00,8,2,274.21875,2520.5449230733
2011-01-21 18:00:00,9,0,-165.840698608013,2726.59739995797
2011-01-21 18:00:00,9,1,274.21875,366.875
2011-01-21 18:00:00,9,2,0.730168351907992,2647.34901928101
2011-01-21 18:00:00,10,0,-345.673232945866,2813.97754571196
2011-01-21 18:00:00,10,1,274.21875,366.875
2011-01-21 18:00:00,10,2,-165.833355881168,2726.55802619366
2011-01-21 18:00:00,11,0,-553.438645133173,2917.1092217758
2011-01-21 18:00:00,11,1,274.21875,366.875
2011-01-21 18:00:00,11,2,-345.661068699948,2813.92952580209
2011-01-21 18:00:00,12,0,-801.504381877076,3043.96611278037
2011-01-21 18:00:00,12,1,274.21875,366.875
2011-01-21 18:00:00,12,2,-553.411469566398,2917.02548657233
2011-01-21 18:00:00,13,0,-1110.12968432614,3207.54411393881
2011-01-21 18:00:00,13,1,274.21875,366.875
2011-01-21 18:00:00,13,2,-801.305528391885,3043.47123739638
2011-01-21 18:00:00,14,0,-5.62308320046195,-1913.4454574543
2011-01-21 18:00:00,14,1,274.21875,366.875
2011-01-21 18:00:00,14,2,-1109.42644044314,3206.10106453847
2011-01-21 18:00:00,14,3,-1484.17723979576,3415.78871984625
2011-01-21 18:00:00,14,4,-2118.45432252848,3227.37529902036
2011-01-21 18:00:00,14,5,-1981.27452109597,2617.33435105178
2011-01-21 18:00:00,14,6,-1879.66383650963,2183.11696159395
2011-01-21 18:00:00,14,7,-1772.72048766696,1740.54572524208
2011-01-21 18:00:00,14,8,-1686.55047159274,1394.15580217572
2011-01-21 18:00:00,14,9,-1610.00914574751,1093.8483981943
2011-01-21 18:00:00,14,10,-1540.67699713406,827.93094639037
2011-01-21 18:00:00,14,11,-1416.88097246997,367.534745632389
2011-01-21 18:00:00,14,12,-1314.78098050737,0.677286153884609
2011-01-21 18:00:00,14,13,-1305.14691770324,-33.1773430121464
2011-01-21 18:00:00,14,14,-1198.22376879177,-403.702714025051
2011-01-21 18:00:00,14,15,-1090.01274930406,-766.077602745323
2011-01-21 18:00:00,14,16,-1017.40788353356,-1000.93568465614
2011-01-21 18:00:00,14,17,-841.230280278024,-1547.52668525015
2011-01-21 18:00:00,14,18,-692.390104920035,-1616.38910158924
2011-01-21 18:00:00,14,19,-548.508343867029,-1680.9229180104
2011-01-21 18:00:00,14,20,-274.277631634119,-1800.60560968224
2011-01-21 18:00:00,15,0,2331.88549723244,-1340.0578215402
2011-01-21 18:00:00,15,1,274.21875,366.875
2011-01-21 18:00:00,15,2,-5.6215797941494,-1913.43320679066
2011-01-21 18:00:00,15,3,1.35438802315211,-1916.45989831004
2011-01-21 18:00:00,15,4,275.5135088437,-2027.63768264605
2011-01-21 18:00:00,15,5,584.551316831818,-2148.42573302964
2011-01-21 18:00:00,15,6,948.036632168633,-2285.03861808489
2011-01-21 18:00:00,15,7,1162.33520814123,-2362.71481027107
2011-01-21 18:00:00,15,8,1408.62891654979,-2450.08915625217
2011-01-21 18:00:00,15,9,1698.37110432395,-2549.85346093941
2011-01-21 18:00:00,15,10,2048.65981429818,-2666.37497552676
2011-01-21 18:00:00,15,11,2485.26953146317,-2805.93531574401
2011-01-21 18:00:00,15,12,2569.65229517521,-1955.2401143942
2011-01-21 18:00:00,16,0,2173.27933946641,-905.494899353224
2011-01-21 18:00:00,16,1,274.21875,366.875
2011-01-21 18:00:00,16,2,2333.27649610175,-1341.21172152325
2011-01-21 18:00:00,17,0,2052.7240153099,-563.210857719993
2011-01-21 18:00:00,17,1,274.21875,366.875
2011-01-21 18:00:00,17,2,2174.07494458568,-906.027954491723
2011-01-21 18:00:00,18,0,1955.43725417178,-280.384794794331
2011-01-21 18:00:00,18,1,274.21875,366.875
2011-01-21 18:00:00,18,2,2052.77260640762,-563.236268886147
2011-01-21 18:00:00,19,0,1874.1796920341,-38.4749924524806
2011-01-21 18:00:00,19,1,274.21875,366.875
2011-01-21 18:00:00,19,2,1955.46675694567,-280.396153198564
2011-01-21 18:00:00,20,0,1861.34592318677,0.986477403776339
2011-01-21 18:00:00,20,1,274.21875,366.875
2011-01-21 18:00:00,20,2,1874.47761542902,-38.5504713236878
2011-01-21 18:00:00,21,0,1741.17640135382,366.875
2011-01-21 18:00:00,21,1,274.21875,366.875
2011-01-21 18:00:00,21,2,1860.78891792352,1.11488666819679
2011-02-05 11:30:00,0,0,2029.95200979897,1575.14539252628
2011-02-05 11:30:00,0,1,942.890625,1298.4375
2011-02-05 11:30:00,0,2,2115.43782223108,1298.4375
2011-02-05 11:30:00,1,0,1953.00386240778,1829.18094319295
2011-02-05 11:30:00,1,1,942.890625,1298.4375
2011-02-05 11:30:00,1,2,2029.95302994888,1575.14565220208
2011-02-05 11:30:00,2,0,1879.02606883645,2078.67490765788
2011-02-05 11:30:00,2,1,942.890625,1298.4375
2011-02-05 11:30:00,2,2,1953.22597518703,1829.29764783246
2011-02-05 11:30:00,3,0,1802.89335720856,2340.18404328462
2011-02-05 11:30:00,3,1,942.890625,1298.4375
2011-02-05 11:30:00,3,2,1879.01800067476,2078.66818311647
2011-02-05 11:30:00,4,0,1718.85651369553,2633.42686770495
2011-02-05 11:30:00,4,1,942.890625,1298.4375
2011-02-05 11:30:00,4,2,1802.69024911355,2339.93801248964
2011-02-05 11:30:00,5,0,1367.90530941058,2984.16268001648
2011-02-05 11:30:00,5,1,942.890625,1298.4375
2011-02-05 11:30:00,5,2,1719.02147370077,2633.71066865071
2011-02-05 11:30:00,5,3,1671.08314016231,2803.91989493189
2011-02-05 11:30:00,5,4,1583.73780635389,2893.77597259497
2011-02-05 11:30:00,6,0,1159.6836953836,3073.34339588411
2011-02-05 11:30:00,6,1,942.890625,1298.4375
2011-02-05 11:30:00,6,2,1367.96571768989,2984.40227587342
2011-02-05 11:30:00,7,0,942.890625,3168.3782775899
2011-02-05 11:30:00,7,1,942.890625,1298.4375
2011-02-05 11:30:00,7,2,1159.68181247345,3073.32798031609
2011-02-05 11:30:00,8,0,701.284014565293,3276.49425513093
2011-02-05 11:30:00,8,1,942.890625,1298.4375
2011-02-05 11:30:00,8,2,942.890625,3168.08239982552
2011-02-05 11:30:00,9,0,563.970527178181,3339.91169737438
2011-02-05 11:30:00,9,1,942.890625,1298.4375
2011-02-05 11:30:00,9,2,701.252898958654,3276.74900162066
2011-02-05 11:30:00,10,0,410.103299945936,3411.61862616554
2011-02-05 11:30:00,10,1,942.890625,1298.4375
2011-02-05 11:30:00,10,2,563.974695746555,3339.88923874834
2011-02-05 11:30:00,11,0,233.060654483132,3495.94563352939
2011-02-05 11:30:00,11,1,942.890625,1298.4375
2011-02-05 11:30:00,11,2,410.11487204288,3411.57272804503
2011-02-05 11:30:00,12,0,3.09023231692999,3607.71916752913
2011-02-05 11:30:00,12,1,942.890625,1298.4375
2011-02-05 11:30:00,12,2,233.186119884524,3495.55721482141
2011-02-05 11:30:00,13,0,-235.305358239679,3727.50432539945
2011-02-05 11:30:00,13,1,942.890625,1298.4375
2011-02-05 11:30:00,13,2,3.15030387074682,3607.5715594423
2011-02-05 11:30:00,14,0,-570.088347677785,3901.400944036
2011-02-05 11:30:00,14,1,942.890625,1298.4375
2011-02-05 11:30:00,14,2,-234.861614569817,3726.58946654508
2011-02-05 11:30:00,15,0,942.890625,1298.4375
2011-02-05 11:30:00,15,1,-568.891320204311,3899.34155073892
2011-02-05 11:30:00,15,2,-1055.54462742687,4167.85444601844
2011-02-05 11:30:00,15,3,-1660.26865295,3929.77303452
2011-02-05 11:30:00,16,0,2719.06769738995,-496.96468140534
2011-02-05 11:30:00,16,1,-1656.96196932947,3926.43055978716
2011-02-05 11:30:00,16,2,-1531.38645498253,3363.24971727429
2011-02-05 11:30:00,16,3,-1422.72792464259,2893.09795411116
2011-02-05 11:30:00,16,4,-1327.3360899414,2493.14646861361
2011-02-05 11:30:00,16,5,-1241.96839037465,2145.11042662107
2011-02-05 11:30:00,16,6,-1164.33706267852,1836.06115948223
2011-02-05 11:30:00,16,7,-1030.99578304291,1323.50777813211
2011-02-05 11:30:00,16,8,-891.079724428727,806.741883317258
2011-02-05 11:30:00,16,9,-781.915838186747,419.489954221743
2011-02-05 11:30:00,16,10,-659.394170212059,0.779983392021052
2011-02-05 11:30:00,16,11,-637.759728283484,-71.5907128790477
2011-02-05 11:30:00,16,12,-523.469317785005,-445.926411757188
2011-02-05 11:30:00,16,13,-442.392868271993,-702.604365735049
2011-02-05 11:30:00,16,14,-319.475185288487,-872.508593066916
2011-02-05 11:30:00,16,15,1.41072196067654,-1015.23437233089
2011-02-05 11:30:00,16,16,15.2541879144256,-1021.27105972221
2011-02-05 11:30:00,16,17,325.314460501269,-1153.15430834692
2011-02-05 11:30:00,16,18,629.167927125236,-1277.45487555666
2011-02-05 11:30:00,16,19,944.148801875443,-1401.16637876505
2011-02-05 11:30:00,16,20,1273.11314269127,-1525.42322122211
2011-02-05 11:30:00,16,21,1695.58285786411,-1678.42905959663
2011-02-05 11:30:00,16,22,1961.85728406332,-1771.43083281194
2011-02-05 11:30:00,16,23,2181.12166990356,-1845.95747577418
2011-02-05 11:30:00,16,24,2526.0529323641,-1959.59302128904
2011-02-05 11:30:00,16,25,2910.11061692105,-2081.67934734587
2011-02-05 11:30:00,16,26,2976.7060006671,-1180.02671315166
2011-02-05 11:30:00,17,0,2560.52715966233,-49.8081461274585
2011-02-05 11:30:00,17,1,942.890625,1298.4375
2011-02-05 11:30:00,17,2,2721.50919850789,-499.432609013002
2011-02-05 11:30:00,18,0,2542.25456537825,4.49656201204807
2011-02-05 11:30:00,18,1,942.890625,1298.4375
2011-02-05 11:30:00,18,2,2561.71433139795,-50.7976138412903
2011-02-05 11:30:00,19,0,2444.78181642547,287.41755106379
2011-02-05 11:30:00,19,1,942.890625,1298.4375
2011-02-05 11:30:00,19,2,2541.95325518936,4.74033241263965
2011-02-05 11:30:00,20,0,2354.29209562812,556.845321513873
2011-02-05 11:30:00,20,1,942.890625,1298.4375
2011-02-05 11:30:00,20,2,2444.8318200664,287.38389038398
2011-02-05 11:30:00,21,0,2280.59414193373,780.996272829968
2011-02-05 11:30:00,21,1,942.890625,1298.4375
2011-02-05 11:30:00,21,2,2354.32599183069,556.827511444072
2011-02-05 11:30:00,22,0,2218.46144114722,973.745153054602
2011-02-05 11:30:00,22,1,942.890625,1298.4375
2011-02-05 11:30:00,22,2,2280.91271850987,780.873043241035
2011-02-05 11:30:00,23,0,2115.42871519029,1298.4375
2011-02-05 11:30:00,23,1,942.890625,1298.4375
2011-02-05 11:30:00,23,2,2218.1938214745,973.813274760214
2011-02-05 17:30:00,0,0,2249.28604715826,2056.23180163805
2011-02-05 17:30:00,0,1,1316.25,1818.125
2011-02-05 17:30:00,0,2,2321.71754006179,1818.125
2011-02-05 17:30:00,1,0,2183.61838909296,2275.02805959181
2011-02-05 17:30:00,1,1,1316.25,1818.125
2011-02-05 17:30:00,1,2,2249.04436486001,2056.17012535103
2011-02-05 17:30:00,2,0,2120.44519063621,2490.10361425645
2011-02-05 17:30:00,2,1,1316.25,1818.125
2011-02-05 17:30:00,2,2,2183.84133789488,2275.14550218138
2011-02-05 17:30:00,3,0,2055.23277172091,2715.55886017568
2011-02-05 17:30:00,3,1,1316.25,1818.125
2011-02-05 17:30:00,3,2,2120.43796547249,2490.09757697152
2011-02-05 17:30:00,4,0,1983.10698906801,2968.32611604156
2011-02-05 17:30:00,4,1,1316.25,1818.125
2011-02-05 17:30:00,4,2,2055.22560579285,2715.55015774482
2011-02-05 17:30:00,5,0,1942.60234630277,3112.75758687892
2011-02-05 17:30:00,5,1,1316.25,1818.125
2011-02-05 17:30:00,5,2,1983.09527094937,2968.30590452192
2011-02-05 17:30:00,6,0,1806.96945924146,3317.98169469336
2011-02-05 17:30:00,6,1,1704.24183313825,3360.9310158702
2011-02-05 17:30:00,6,2,1316.25,1818.125
2011-02-05 17:30:00,6,3,1942.59415700243,3112.74066008818
2011-02-05 17:30:00,6,4,1897.12537474998,3276.7859867525
2011-02-05 17:30:00,7,0,1513.96991208082,3441.00439140417
2011-02-05 17:30:00,7,1,1316.25,1818.125
2011-02-05 17:30:00,7,2,1704.17943432302,3360.68289397873
2011-02-05 17:30:00,8,0,1316.25,3526.21143725235
2011-02-05 17:30:00,8,1,1316.25,1818.125
2011-02-05 17:30:00,8,2,1513.96842943386,3440.99222188026
2011-02-05 17:30:00,9,0,1096.29962187425,3623.47142184912
2011-02-05 17:30:00,9,1,1316.25,1818.125
2011-02-05 17:30:00,9,2,1316.25,3526.1865876965
2011-02-05 17:30:00,10,0,971.633616833654,3679.51799534708
2011-02-05 17:30:00,10,1,1316.25,1818.125
2011-02-05 17:30:00,10,2,1096.26634530696,3623.74455496302
2011-02-05 17:30:00,11,0,832.090188378663,3743.33219825087
2011-02-05 17:30:00,11,1,1316.25,1818.125
2011-02-05 17:30:00,11,2,971.640373096806,3679.48150241894
2011-02-05 17:30:00,12,0,671.977621672942,3817.7638788278
2011-02-05 17:30:00,12,1,1316.25,1818.125
2011-02-05 17:30:00,12,2,832.098394865514,3743.29956607616
2011-02-05 17:30:00,13,0,482.781743788922,3907.44181147168
2011-02-05 17:30:00,13,1,1316.25,1818.125
2011-02-05 17:30:00,13,2,671.993037179543,3817.71603346398
2011-02-05 17:30:00,14,0,250.898336395044,4020.1427434207
2011-02-05 17:30:00,14,1,1316.25,1818.125
2011-02-05 17:30:00,14,2,482.953317517478,3907.01171485695
2011-02-05 17:30:00,15,0,4.83529135052939,4143.301886086
2011-02-05 17:30:00,15,1,1316.25,1818.125
2011-02-05 17:30:00,15,2,250.952102689477,4020.0316117274
2011-02-05 17:30:00,16,0,-47.8027167079495,4170.85576957147
2011-02-05 17:30:00,16,1,1316.25,1818.125
2011-02-05 17:30:00,16,2,4.46897640118982,4143.95137327538
2011-02-05 17:30:00,17,0,-457.340321541404,4385.01889946849
2011-02-05 17:30:00,17,1,1316.25,1818.125
2011-02-05 17:30:00,17,2,-46.313508508513,4168.28716946519
2011-02-05 17:30:00,18,0,-1091.86227666851,4742.5795054138
2011-02-05 17:30:00,18,1,1316.25,1818.125
2011-02-05 17:30:00,18,2,-453.877627895931,4380.0073885878
2011-02-05 17:30:00,19,0,3004.94411000212,-232.655250619021
2011-02-05 17:30:00,19,1,-1107.43906091,4761.49623006
2011-02-05 17:30:00,19,2,-1343.42231988449,4046.4108398256
2011-02-05 17:30:00,19,3,-1228.81031948576,3537.94093751029
2011-02-05 17:30:00,19,4,-1128.51203251774,3107.80746892849
2011-02-05 17:30:00,19,5,-1047.36297099944,2769.25781513743
2011-02-05 17:30:00,19,6,-948.583971760113,2368.97906108284
2011-02-05 17:30:00,19,7,-808.130341025233,1818.75645979332
2011-02-05 17:30:00,19,8,-672.544158373689,1310.63490585063
2011-02-05 17:30:00,19,9,-541.379001356645,838.999297624709
2011-02-05 17:30:00,19,10,-413.735970664972,398.851837807492
2011-02-05 17:30:00,19,11,-293.620109406927,0.80391098799879
2011-02-05 17:30:00,19,12,-262.095768087394,-101.015315825821
2011-02-05 17:30:00,19,13,-181.071468023433,-358.748960263499
2011-02-05 17:30:00,19,14,-37.4800216422067,-494.603289317257
2011-02-05 17:30:00,19,15,23.5926918276124,-522.154101880854
2011-02-05 17:30:00,19,16,329.265155518769,-656.266084108196
2011-02-05 17:30:00,19,17,643.849678988564,-788.20098270006
2011-02-05 17:30:00,19,18,983.038028893568,-924.669295572871
2011-02-05 17:30:00,19,19,1335.0961974357,-1060.61325630071
2011-02-05 17:30:00,19,20,1668.10143024316,-1184.13158236349
2011-02-05 17:30:00,19,21,2133.57560047682,-1349.1875437849
2011-02-05 17:30:00,19,22,2337.46089352892,-1418.85719012295
2011-02-05 17:30:00,19,23,2677.23049978772,-1531.62915179515
2011-02-05 17:30:00,19,24,2978.73640767659,-1628.5945848888
2011-02-05 17:30:00,19,25,3354.50438578722,-1141.56022390715
2011-02-05 17:30:00,20,0,2921.53518381102,8.13484507508985
2011-02-05 17:30:00,20,1,1316.25,1818.125
2011-02-05 17:30:00,20,2,3012.39866992779,-241.708201169422
2011-02-05 17:30:00,21,0,2820.65332271782,293.560953963979
2011-02-05 17:30:00,21,1,1316.25,1818.125
2011-02-05 17:30:00,21,2,2921.69156049485,7.95852733351421
2011-02-05 17:30:00,22,0,2691.41011257651,669.052986652788
2011-02-05 17:30:00,22,1,1316.25,1818.125
2011-02-05 17:30:00,22,2,2820.37153391816,293.846519055509
2011-02-05 17:30:00,23,0,2596.39721997226,954.178055560614
2011-02-05 17:30:00,23,1,1316.25,1818.125
2011-02-05 17:30:00,23,2,2691.86184096426,668.675526280533
2011-02-05 17:30:00,24,0,2521.89552847272,1183.02792052749
2011-02-05 17:30:00,24,1,1316.25,1818.125
2011-02-05 17:30:00,24,2,2596.45181079317,954.141213256708
2011-02-05 17:30:00,25,0,2460.45242972159,1374.40405854316
2011-02-05 17:30:00,25,1,1316.25,1818.125
2011-02-05 17:30:00,25,2,2521.91706817667,1183.01657407221
2011-02-05 17:30:00,26,0,2408.37327434942,1539.41981959922
2011-02-05 17:30:00,26,1,1316.25,1818.125
2011-02-05 17:30:00,26,2,2460.76515658718,1374.28278327262
2011-02-05 17:30:00,27,0,2321.44822994491,1818.125
2011-02-05 17:30:00,27,1,1316.25,1818.125
2011-02-05 17:30:00,27,2,2408.10397221003,1539.48854435136
2011-02-06 00:00:00,0,0,1744.47865251549,953.960033426413
2011-02-06 00:00:00,0,1,461.953125,628.59375
2011-02-06 00:00:00,0,2,1847.04620720882,628.59375
2011-02-06 00:00:00,1,0,1652.88793400095,1252.24473800097
2011-02-06 00:00:00,1,1,461.953125,628.59375
2011-02-06 00:00:00,1,2,1744.48019328258,953.960424306478
2011-02-06 00:00:00,2,0,1564.90118045636,1544.77666619078
2011-02-06 00:00:00,2,1,461.953125,628.59375
2011-02-06 00:00:00,2,2,1652.88398884552,1252.24267206079
2011-02-06 00:00:00,3,0,1474.6812066138,1851.22119416635
2011-02-06 00:00:00,3,1,461.953125,628.59375
2011-02-06 00:00:00,3,2,1564.89278900371,1544.76969568522
2011-02-06 00:00:00,4,0,1170.85815281221,2395.18648973099
2011-02-06 00:00:00,4,1,461.953125,628.59375
2011-02-06 00:00:00,4,2,1474.86030320224,1851.43741055075
2011-02-06 00:00:00,4,3,1370.34785243587,2215.4820249456
2011-02-06 00:00:00,4,4,1302.30140404663,2340.47037075757
2011-02-06 00:00:00,5,0,934.153861402975,2495.18209253526
2011-02-06 00:00:00,5,1,461.953125,628.59375
2011-02-06 00:00:00,5,2,1170.67168606405,2394.72181422358
2011-02-06 00:00:00,6,0,703.021362679511,2595.61467222335
2011-02-06 00:00:00,6,1,461.953125,628.59375
2011-02-06 00:00:00,6,2,934.214398021899,2495.42139107605
2011-02-06 00:00:00,7,0,461.953125,2703.27741570091
2011-02-06 00:00:00,7,1,461.953125,628.59375
2011-02-06 00:00:00,7,2,703.019122035903,2595.59638946284
2011-02-06 00:00:00,8,0,192.546801608439,2826.8421787043
2011-02-06 00:00:00,8,1,461.953125,628.59375
2011-02-06 00:00:00,8,2,461.953125,2702.97387549599
2011-02-06 00:00:00,9,0,39.0517588551296,2899.37025981062
2011-02-06 00:00:00,9,1,461.953125,628.59375
2011-02-06 00:00:00,9,2,192.515367814776,2827.09866595618
2011-02-06 00:00:00,10,0,1.23253604134052,2917.62629903222
2011-02-06 00:00:00,10,1,461.953125,628.59375
2011-02-06 00:00:00,10,2,38.9986237614481,2899.65556965409
2011-02-06 00:00:00,11,0,-133.440691704975,2982.15881628942
2011-02-06 00:00:00,11,1,461.953125,628.59375
2011-02-06 00:00:00,11,2,1.29855520562654,2917.29829108221
2011-02-06 00:00:00,12,0,-332.427366486501,3079.59639314183
2011-02-06 00:00:00,12,1,461.953125,628.59375
2011-02-06 00:00:00,12,2,-133.430989766786,2982.12046496269
2011-02-06 00:00:00,13,0,-569.652125558631,3199.35608682456
2011-02-06 00:00:00,13,1,461.953125,628.59375
2011-02-06 00:00:00,13,2,-332.400155425513,3079.51243541235
2011-02-06 00:00:00,14,0,-863.943897926054,3352.99311826945
2011-02-06 00:00:00,14,1,461.953125,628.59375
2011-02-06 00:00:00,14,2,-569.459191096381,3198.87529376078
2011-02-06 00:00:00,15,0,-1673.43171892158,2061.23173289367
2011-02-06 00:00:00,15,1,461.953125,628.59375
2011-02-06 00:00:00,15,2,-863.269558913477,3351.60751384611
2011-02-06 00:00:00,15,3,-1247.04442318939,3561.76140859992
2011-02-06 00:00:00,15,4,-1891.48321679327,2991.20365249356
2011-02-06 00:00:00,15,5,-1775.85049411186,2490.05723917594
2011-02-06 00:00:00,16,0,2395.2968972011,-977.371758937964
2011-02-06 00:00:00,16,1,461.953125,628.59375
2011-02-06 00:00:00,16,2,-1673.41067434923,2061.21761400837
2011-02-06 00:00:00,16,3,-1585.3686652242,1702.57883356504
2011-02-06 00:00:00,16,4,-1506.26312083474,1388.92084781142
2011-02-06 00:00:00,16,5,-1434.48180136231,1110.95137983762
2011-02-06 00:00:00,16,6,-1306.28189539985,629.248298393655
2011-02-06 00:00:00,16,7,-1199.34791141113,242.413081697362
2011-02-06 00:00:00,16,8,-1130.63792158219,0.758524539545363
2011-02-06 00:00:00,16,9,-1068.54972918457,-213.642959274386
2011-02-06 00:00:00,16,10,-973.029717369827,-535.185982407738
2011-02-06 00:00:00,16,11,-836.709214804744,-977.595215771169
2011-02-06 00:00:00,16,12,-772.845920061209,-1178.34395380458
2011-02-06 00:00:00,16,13,-698.800265432768,-1355.7380669458
2011-02-06 00:00:00,16,14,-390.097009367906,-1495.04419105243
2011-02-06 00:00:00,16,15,-105.878393991593,-1618.23309767102
2011-02-06 00:00:00,16,16,1.34887917528948,-1663.33285578012
2011-02-06 00:00:00,16,17,173.2545577558,-1734.62519566431
2011-02-06 00:00:00,16,18,463.237213457635,-1851.13275104623
2011-02-06 00:00:00,16,19,782.648068312177,-1974.74861372632
2011-02-06 00:00:00,16,20,1157.83918249416,-2114.17327665942
2011-02-06 00:00:00,16,21,1378.92188283237,-2193.73666516958
2011-02-06 00:00:00,16,22,1632.56965541142,-2282.43172824178
2011-02-06 00:00:00,16,23,1930.79830713772,-2383.92929174095
2011-02-06 00:00:00,16,24,2286.43752355529,-2500.78582124736
2011-02-06 00:00:00,16,25,2607.29292318006,-1538.36340931232
2011-02-06 00:00:00,17,0,2249.01971859847,-570.356166327396
2011-02-06 00:00:00,17,1,461.953125,628.59375
2011-02-06 00:00:00,17,2,2396.25377339824,-978.166604733646
2011-02-06 00:00:00,18,0,2137.61786672543,-248.893383491846
2011-02-06 00:00:00,18,1,461.953125,628.59375
2011-02-06 00:00:00,18,2,2249.80523969754,-570.883175482723
2011-02-06 00:00:00,19,0,2052.30806460555,1.92271595982707
2011-02-06 00:00:00,19,1,461.953125,628.59375
2011-02-06 00:00:00,19,2,2137.6577350742,-248.914261154429
2011-02-06 00:00:00,20,0,2047.33271262267,17.4076452958871
2011-02-06 00:00:00,20,1,461.953125,628.59375
2011-02-06 00:00:00,20,2,2052.61852472885,1.80038077435995
2011-02-06 00:00:00,21,0,1971.27829129191,245.690244920468
2011-02-06 00:00:00,21,1,461.953125,628.59375
2011-02-06 00:00:00,21,2,2047.05287742838,17.5155256948091
2011-02-06 00:00:00,22,0,1846.7720535444,628.59375
2011-02-06 00:00:00,22,1,461.953125,628.59375
2011-02-06 00:00:00,22,2,1971.01178819953,245.757854585016
2011-03-04 18:00:00,0,0,1551.9290251042,538.288632134841
2011-03-04 18:00:00,0,1,140.703125,181.09375
2011-03-04 18:00:00,0,2,1666.06599050803,181.09375
2011-03-04 18:00:00,1,0,1450.57777660432,865.455178731047
2011-03-04 18:00:00,1,1,140.703125,181.09375
2011-03-04 18:00:00,1,2,1552.17353981704,538.350521166235
2011-03-04 18:00:00,2,0,1353.30557719379,1186.05133645213
2011-03-04 18:00:00,2,1,140.703125,181.09375
2011-03-04 18:00:00,2,2,1450.34763040605,865.334935789574
2011-03-04 18:00:00,3,0,1253.95723185631,1521.99796021331
2011-03-04 18:00:00,3,1,140.703125,181.09375
2011-03-04 18:00:00,3,2,1353.29660279099,1186.04389881735
2011-03-04 18:00:00,4,0,895.845327728833,2058.59090690751
2011-03-04 18:00:00,4,1,140.703125,181.09375
2011-03-04 18:00:00,4,2,1253.94232276481,1521.98000235136
2011-03-04 18:00:00,4,3,1145.27264532498,1899.4058781935
2011-03-04 18:00:00,4,4,1028.09667347735,2003.34116410983
2011-03-04 18:00:00,5,0,644.07229893124,2166.32300326961
2011-03-04 18:00:00,5,1,140.703125,181.09375
2011-03-04 18:00:00,5,2,895.845030957289,2058.59016904949
2011-03-04 18:00:00,6,0,397.854663013813,2274.5325702748
2011-03-04 18:00:00,6,1,140.703125,181.09375
2011-03-04 18:00:00,6,2,644.070222657787,2166.31481468952
2011-03-04 18:00:00,7,0,140.703125,2390.77190417954
2011-03-04 18:00:00,7,1,140.703125,181.09375
2011-03-04 18:00:00,7,2,397.852512977431,2274.51506709492
2011-03-04 18:00:00,8,0,0.349825974823298,2455.89263869789
2011-03-04 18:00:00,8,1,140.703125,181.09375
2011-03-04 18:00:00,8,2,140.703125,2391.02532663659
2011-03-04 18:00:00,9,0,-147.233750313897,2525.15218818224
2011-03-04 18:00:00,9,1,140.703125,181.09375
2011-03-04 18:00:00,9,2,0.368820969330557,2455.58477423945
2011-03-04 18:00:00,10,0,-311.524529471856,2603.76554050239
2011-03-04 18:00:00,10,1,140.703125,181.09375
2011-03-04 18:00:00,10,2,-147.230875674889,2525.12878610213
2011-03-04 18:00:00,11,0,-496.475971427419,2694.05371518535
2011-03-04 18:00:00,11,1,140.703125,181.09375
2011-03-04 18:00:00,11,2,-311.517585704364,2603.72834138496
2011-03-04 18:00:00,12,0,-710.56150159802,2801.58043564208
2011-03-04 18:00:00,12,1,140.703125,181.09375
2011-03-04 18:00:00,12,2,-496.459410889608,2693.98840235767
2011-03-04 18:00:00,13,0,-966.360388892507,2933.56685022082
2011-03-04 18:00:00,13,1,140.703125,181.09375
2011-03-04 18:00:00,13,2,-710.424589792207,2801.15897379223
2011-03-04 18:00:00,14,0,-1285.52950831687,3104.93309230434
2011-03-04 18:00:00,14,1,140.703125,181.09375
2011-03-04 18:00:00,14,2,-966.15358512546,2933.05267754808
2011-03-04 18:00:00,15,0,-1938.92726327054,1904.61025116741
2011-03-04 18:00:00,15,1,140.703125,181.09375
2011-03-04 18:00:00,15,2,-1284.80889905111,3103.45581175946
2011-03-04 18:00:00,15,3,-1714.56701117044,3347.22645666825
2011-03-04 18:00:00,15,4,-2189.39031751977,2987.49228980692
2011-03-04 18:00:00,15,5,-2053.42118064878,2389.4581595793
2011-03-04 18:00:00,16,0,2287.5877669155,-1598.16045176447
2011-03-04 18:00:00,16,1,-1938.8949585861,1904.58347830574
2011-03-04 18:00:00,16,2,-1842.81710191486,1511.01596387077
2011-03-04 18:00:00,16,3,-1758.6706560146,1175.32786375922
2011-03-04 18:00:00,16,4,-1683.93787189665,884.463296909131
2011-03-04 18:00:00,16,5,-1616.37350882542,627.082218068602
2011-03-04 18:00:00,16,6,-1495.82426097617,181.754698743758
2011-03-04 18:00:00,16,7,-1445.56149943182,0.674673090564625
2011-03-04 18:00:00,16,8,-1387.20565887095,-205.55459508617
2011-03-04 18:00:00,16,9,-1283.42878234512,-563.509063782362
2011-03-04 18:00:00,16,10,-1178.58929921437,-913.53701071317
2011-03-04 18:00:00,16,11,-1066.41926102236,-1274.99049401768
2011-03-04 18:00:00,16,12,-939.88244846862,-1667.14668665094
2011-03-04 18:00:00,16,13,-801.289459849013,-1750.25266439934
2011-03-04 18:00:00,16,14,-661.288101144023,-1813.21663005989
2011-03-04 18:00:00,16,15,-394.106507680824,-1930.37976053659
2011-03-04 18:00:00,16,16,-131.367500989015,-2041.54141382023
2011-03-04 18:00:00,16,17,1.32304866652822,-2096.13468676378
2011-03-04 18:00:00,16,18,142.001872783973,-2153.13655900126
2011-03-04 18:00:00,16,19,443.696890780306,-2272.01044918958
2011-03-04 18:00:00,16,20,798.834906795664,-2406.40653158814
2011-03-04 18:00:00,16,21,1008.42196044895,-2483.08733409946
2011-03-04 18:00:00,16,22,1249.43712489085,-2569.34023975107
2011-03-04 18:00:00,16,23,1557.6299319704,-2676.17417664821
2011-03-04 18:00:00,16,24,1856.04334214034,-2776.41592085749
2011-03-04 18:00:00,16,25,2173.80789567301,-2879.04241725456
2011-03-04 18:00:00,16,26,2462.3919253043,-2043.12850355466
2011-03-04 18:00:00,17,0,2119.33856080361,-1143.33393028753
2011-03-04 18:00:00,17,1,140.703125,181.09375
2011-03-04 18:00:00,17,2,2289.02158121495,-1599.34874109638
2011-03-04 18:00:00,18,0,1992.19171381517,-786.241081899283
2011-03-04 18:00:00,18,1,140.703125,181.09375
2011-03-04 18:00:00,18,2,2120.15244492303,-1143.87871516139
2011-03-04 18:00:00,19,0,1890.04372038328,-491.753908260448
2011-03-04 18:00:00,19,1,140.703125,181.09375
2011-03-04 18:00:00,19,2,1992.56733186357,-786.437328543148
2011-03-04 18:00:00,20,0,1805.10936388381,-240.183517006436
2011-03-04 18:00:00,20,1,140.703125,181.09375
2011-03-04 18:00:00,20,2,1890.38060369104,-491.88348345314
2011-03-04 18:00:00,21,0,1724.99483649273,0.49929771378667
2011-03-04 18:00:00,21,1,140.703125,181.09375
2011-03-04 18:00:00,21,2,1804.8391592044,-240.115125596807
2011-03-04 18:00:00,22,0,1666.32052872025,181.09375
2011-03-04 18:00:00,22,1,140.703125,181.09375
2011-03-04 18:00:00,22,2,1725.2778500334,0.467036814486278
2011-05-11 18:00:00,0,0,1856.11510454004,1196.30114090571
2011-05-11 18:00:00,0,1,649.453125,889.765625
2011-05-11 18:00:00,0,2,1952.08785334954,889.765625
2011-05-11 18:00:00,1,0,1770.26889904325,1477.49378931282
2011-05-11 18:00:00,1,1,649.453125,889.765625
2011-05-11 18:00:00,1,2,1856.11651598329,1196.30149946303
2011-05-11 18:00:00,2,0,1687.86512373083,1753.51047424925
2011-05-11 18:00:00,2,1,649.453125,889.765625
2011-05-11 18:00:00,2,2,1770.49076240612,1477.61012899148
2011-05-11 18:00:00,3,0,1603.15623235911,2042.69612439954
2011-05-11 18:00:00,3,1,649.453125,889.765625
2011-05-11 18:00:00,3,2,1687.85695447341,1753.50367911011
2011-05-11 18:00:00,4,0,1330.97222096105,2590.41606872046
2011-05-11 18:00:00,4,1,649.453125,889.765625
2011-05-11 18:00:00,4,2,1603.14512836054,2042.6827007895
2011-05-11 18:00:00,4,3,1503.19729703313,2391.21184309125
2011-05-11 18:00:00,4,4,1452.86984954789,2539.96966122923
2011-05-11 18:00:00,5,0,1103.32909858933,2686.35044366483
2011-05-11 18:00:00,5,1,649.453125,889.765625
2011-05-11 18:00:00,5,2,1330.8789904597,2590.18342301117
2011-05-11 18:00:00,6,0,881.080642913705,2782.31745712996
2011-05-11 18:00:00,6,1,649.453125,889.765625
2011-05-11 18:00:00,6,2,1103.32742405951,2686.34381534558
2011-05-11 18:00:00,7,0,649.453125,2884.84075993729
2011-05-11 18:00:00,7,1,649.453125,889.765625
2011-05-11 18:00:00,7,2,881.078743038725,2782.30193387993
2011-05-11 18:00:00,8,0,390.85163752887,3002.71284005112
2011-05-11 18:00:00,8,1,649.453125,889.765625
2011-05-11 18:00:00,8,2,649.453125,2884.81094046488
2011-05-11 18:00:00,9,0,243.734959995083,3071.23138292516
2011-05-11 18:00:00,9,1,649.453125,889.765625
2011-05-11 18:00:00,9,2,390.819121979318,3002.97851385116
2011-05-11 18:00:00,10,0,78.4955822401916,3149.79636714248
2011-05-11 18:00:00,10,1,649.453125,889.765625
2011-05-11 18:00:00,10,2,243.74307624288,3071.18774347744
2011-05-11 18:00:00,11,0,1.81092639000021,3187.01397221678
2011-05-11 18:00:00,11,1,649.453125,889.765625
2011-05-11 18:00:00,11,2,78.4229235768553,3150.08397313859
2011-05-11 18:00:00,12,0,-111.962837903909,3242.24502846124
2011-05-11 18:00:00,12,1,649.453125,889.765625
2011-05-11 18:00:00,12,2,1.90978552573517,3186.66330947945
2011-05-11 18:00:00,13,0,-338.249526410049,3354.46098326197
2011-05-11 18:00:00,13,1,649.453125,889.765625
2011-05-11 18:00:00,13,2,-111.838895147217,3241.86209351302
2011-05-11 18:00:00,14,0,-618.355448762878,3498.34047450885
2011-05-11 18:00:00,14,1,649.453125,889.765625
2011-05-11 18:00:00,14,2,-338.202781107919,3354.34433587926
2011-05-11 18:00:00,15,0,-983.842859598984,3694.08688464393
2011-05-11 18:00:00,15,1,649.453125,889.765625
2011-05-11 18:00:00,15,2,-617.880210690356,3497.36265016757
2011-05-11 18:00:00,16,0,-1802.46476500701,3363.24962005039
2011-05-11 18:00:00,16,1,649.453125,889.765625
2011-05-11 18:00:00,16,2,-982.060302477978,3691.02628639468
2011-05-11 18:00:00,16,3,-1511.91168488311,3994.74493551289
2011-05-11 18:00:00,17,0,2644.51697786741,-1122.84602455793
2011-05-11 18:00:00,17,1,649.453125,889.765625
2011-05-11 18:00:00,17,2,-1801.57952959103,3362.356598452
2011-05-11 18:00:00,17,3,-1680.43311293022,2830.34113404804
2011-05-11 18:00:00,17,4,-1575.9343708426,2387.02689522841
2011-05-11 18:00:00,17,5,-1494.1179451977,2050.01897640593
2011-05-11 18:00:00,17,6,-1393.02649681097,1644.54942856289
2011-05-11 18:00:00,17,7,-1328.79469496102,1393.55487636825
2011-05-11 18:00:00,17,8,-1196.17763363958,890.415196499778
2011-05-11 18:00:00,17,9,-1075.68726884741,451.579527985395
2011-05-11 18:00:00,17,10,-975.951662977631,101.216585295621
2011-05-11 18:00:00,17,11,-936.262609422106,-35.9675965187674
2011-05-11 18:00:00,17,12,-842.451182123919,-352.460482908893
2011-05-11 18:00:00,17,13,-724.068027135717,-738.361887071496
2011-05-11 18:00:00,17,14,-647.145526002096,-980.863751275241
2011-05-11 18:00:00,17,15,-549.163897865287,-1167.48176442718
2011-05-11 18:00:00,17,16,-231.934799000632,-1309.95097816245
2011-05-11 18:00:00,17,17,1.37469733537259,-1410.68749267656
2011-05-11 18:00:00,17,18,62.3150347050216,-1436.43007348328
2011-05-11 18:00:00,17,19,351.038055828024,-1556.00751052376
2011-05-11 18:00:00,17,20,650.727580560757,-1675.43373667727
2011-05-11 18:00:00,17,21,980.514244749106,-1801.89422498695
2011-05-11 18:00:00,17,22,1367.41439286458,-1944.15186732402
2011-05-11 18:00:00,17,23,1595.09173400282,-2025.00831062837
2011-05-11 18:00:00,17,24,1856.22323422149,-2115.45508595973
2011-05-11 18:00:00,17,25,2162.75545525842,-2218.3440411346
2011-05-11 18:00:00,17,26,2534.14739794925,-2338.72741886516
2011-05-11 18:00:00,17,27,2954.07399430471,-1907.40630258665
2011-05-11 18:00:00,18,0,2459.09667062352,-615.484982099856
2011-05-11 18:00:00,18,1,649.453125,889.765625
2011-05-11 18:00:00,18,2,2648.04681261101,-1126.40690633911
2011-05-11 18:00:00,19,0,2325.36826902662,-236.137367741845
2011-05-11 18:00:00,19,1,649.453125,889.765625
2011-05-11 18:00:00,19,2,2460.01886230617,-616.252055589835
2011-05-11 18:00:00,20,0,2243.20062191932,2.9140960795827
2011-05-11 18:00:00,20,1,649.453125,889.765625
2011-05-11 18:00:00,20,2,2325.77693509333,-236.411915262451
2011-05-11 18:00:00,21,0,2222.6208024812,64.8352727934082
2011-05-11 18:00:00,21,1,649.453125,889.765625
2011-05-11 18:00:00,21,2,2243.56619599316,2.71066992397073
2011-05-11 18:00:00,22,0,2138.42741161781,314.966563205789
2011-05-11 18:00:00,22,1,649.453125,889.765625
2011-05-11 18:00:00,22,2,2222.30794186562,64.9993291883471
2011-05-11 18:00:00,23,0,2067.92514328586,529.422745805255
2011-05-11 18:00:00,23,1,649.453125,889.765625
2011-05-11 18:00:00,23,2,2138.45151677094,314.957257726488
2011-05-11 18:00:00,24,0,1951.815021478,889.765625
2011-05-11 18:00:00,24,1,649.453125,889.765625
2011-05-11 18:00:00,24,2,2067.65830644557,529.490531954058
2011-09-11 00:00:00,0,0,1560.15388172433,-0.109985266874079
2011-09-11 00:00:00,0,1,-21.25,-44.609375
2011-09-11 00:00:00,0,2,1574.67067517,-44.609375
2011-09-11 00:00:00,1,0,1454.37178778913,328.458057215627
2011-09-11 00:00:00,1,1,-21.25,-44.609375
2011-09-11 00:00:00,1,2,1559.89889486386,-0.117160385015616
2011-09-11 00:00:00,2,0,1347.8877035937,669.89765541158
2011-09-11 00:00:00,2,1,-21.25,-44.609375
2011-09-11 00:00:00,2,2,1454.37372266083,328.45854639085
2011-09-11 00:00:00,3,0,1246.1660022228,1004.57560991413
2011-09-11 00:00:00,3,1,-21.25,-44.609375
2011-09-11 00:00:00,3,2,1347.88287530729,669.895135690903
2011-09-11 00:00:00,4,0,1142.18219973516,1355.13302281247
2011-09-11 00:00:00,4,1,-21.25,-44.609375
2011-09-11 00:00:00,4,2,1246.15649623272,1004.5677407204
2011-09-11 00:00:00,5,0,757.153158104307,1888.51022644379
2011-09-11 00:00:00,5,1,-21.25,-44.609375
2011-09-11 00:00:00,5,2,1142.16726000295,1355.11504860083
2011-09-11 00:00:00,5,3,1028.1034580367,1750.10600002577
2011-09-11 00:00:00,5,4,896.057244976978,1830.04809173773
2011-09-11 00:00:00,6,0,497.729518700305,1999.84705034946
2011-09-11 00:00:00,6,1,-21.25,-44.609375
2011-09-11 00:00:00,6,2,757.059463247391,1888.27754064008
2011-09-11 00:00:00,7,0,243.957957844196,2111.94934686392
2011-09-11 00:00:00,7,1,-21.25,-44.609375
2011-09-11 00:00:00,7,2,497.727433775671,1999.83883704352
2011-09-11 00:00:00,8,0,-0.0536728050890264,2222.69628579388
2011-09-11 00:00:00,8,1,-21.25,-44.609375
2011-09-11 00:00:00,8,2,243.95586817588,2111.93235456674
2011-09-11 00:00:00,9,0,-21.25,2232.97679210655
2011-09-11 00:00:00,9,1,-21.25,-44.609375
2011-09-11 00:00:00,9,2,-0.0486630809888418,2223.23216050967
2011-09-11 00:00:00,10,0,-318.43285170157,2371.95563321325
2011-09-11 00:00:00,10,1,-21.25,-44.609375
2011-09-11 00:00:00,10,2,-21.25,2232.12609972144
2011-09-11 00:00:00,11,0,-488.278474096722,2454.49511706206
2011-09-11 00:00:00,11,1,-21.25,-44.609375
2011-09-11 00:00:00,11,2,-318.500318049262,2372.50424096141
2011-09-11 00:00:00,12,0,-679.601651186137,2548.88654325315
2011-09-11 00:00:00,12,1,-21.25,-44.609375
2011-09-11 00:00:00,12,2,-488.271186688596,2454.45612159306
2011-09-11 00:00:00,13,0,-901.186700247354,2661.04545636377
2011-09-11 00:00:00,13,1,-21.25,-44.609375
2011-09-11 00:00:00,13,2,-679.50407036385,2548.50213552235
2011-09-11 00:00:00,14,0,-1166.64934842679,2799.92421772607
2011-09-11 00:00:00,14,1,-21.25,-44.609375
2011-09-11 00:00:00,14,2,-901.157675262119,2660.95620949919
2011-09-11 00:00:00,15,0,-1498.75421896823,2980.87877056963
2011-09-11 00:00:00,15,1,-21.25,-44.609375
2011-09-11 00:00:00,15,2,-1166.28817539237,2799.02726520853
2011-09-11 00:00:00,16,0,-1459.45360561383,1145.95601600623
2011-09-11 00:00:00,16,1,-21.25,-44.609375
2011-09-11 00:00:00,16,2,-1005.46779292604,1970.77523570239
2011-09-11 00:00:00,17,0,2234.25676956546,-1911.74994435625
2011-09-11 00:00:00,17,1,-21.25,-44.609375
2011-09-11 00:00:00,17,2,-2021.6205235605,1611.32578275095
2011-09-11 00:00:00,17,3,-1928.17202369658,1232.58589236139
2011-09-11 00:00:00,17,4,-1846.3373900729,909.727307509753
2011-09-11 00:00:00,17,5,-1773.83863784949,630.280959099474
2011-09-11 00:00:00,17,6,-1708.28565217385,383.167076217798
2011-09-11 00:00:00,17,7,-1604.15194076406,0.662754475636802
2011-09-11 00:00:00,17,8,-1591.76973754976,-43.9356324873415
2011-09-11 00:00:00,17,9,-1487.07209363786,-415.117443695102
2011-09-11 00:00:00,17,10,-1387.08448549664,-757.932741555681
2011-09-11 00:00:00,17,11,-1294.29485505137,-1065.84703865785
2011-09-11 00:00:00,17,12,-1178.25723744257,-1438.9443307404
2011-09-11 00:00:00,17,13,-1056.83454677517,-1814.56642511578
2011-09-11 00:00:00,17,14,-933.323428242177,-1913.02806123026
2011-09-11 00:00:00,17,15,-798.156073693245,-1974.36698013739
2011-09-11 00:00:00,17,16,-539.510242546991,-2088.5038141638
2011-09-11 00:00:00,17,17,-284.970345905235,-2196.82469812243
2011-09-11 00:00:00,17,18,-19.9244861380563,-2305.759841304
2011-09-11 00:00:00,17,19,1.30481854220764,-2314.40852228502
2011-09-11 00:00:00,17,20,291.941878641903,-2429.54595944803
2011-09-11 00:00:00,17,21,595.184296807499,-2545.44160428575
2011-09-11 00:00:00,17,22,821.616125553455,-2629.29753382583
2011-09-11 00:00:00,17,23,1056.04761719679,-2713.80368331618
2011-09-11 00:00:00,17,24,1332.47335861419,-2810.98298044683
2011-09-11 00:00:00,17,25,1667.20857753873,-2924.56196527404
2011-09-11 00:00:00,17,26,2079.1786830389,-3059.21592781195
2011-09-11 00:00:00,17,27,2503.84686206261,-2583.70329933575
2011-09-11 00:00:00,18,0,2054.4466236395,-1432.41912631715
2011-09-11 00:00:00,18,1,-21.25,-44.609375
2011-09-11 00:00:00,18,2,2236.14440656315,-1913.31255709861
2011-09-11 00:00:00,19,0,1918.80998665604,-1057.06158944583
2011-09-11 00:00:00,19,1,-21.25,-44.609375
2011-09-11 00:00:00,19,2,2055.27020838384,-1432.96977467598
2011-09-11 00:00:00,20,0,1810.80490181329,-748.466391875282
2011-09-11 00:00:00,20,1,-21.25,-44.609375
2011-09-11 00:00:00,20,2,1919.19810979804,-1057.26413789139
2011-09-11 00:00:00,21,0,1720.59251051094,-484.98286236609
2011-09-11 00:00:00,21,1,-21.25,-44.609375
2011-09-11 00:00:00,21,2,1810.83626514583,-748.478441351345
2011-09-11 00:00:00,22,0,1574.13702715788,-44.609375
2011-09-11 00:00:00,22,1,-21.25,-44.609375
2011-09-11 00:00:00,22,2,1720.3328987767,-484.917227198686
2011-09-30 05:30:00,0,0,1476.4935584733,-0.382836170806796
2011-09-30 05:30:00,0,1,-103.28125,-158.75
2011-09-30 05:30:00,0,2,1528.02136961147,-158.75
2011-09-30 05:30:00,1,0,1405.0941837349,222.395422985033
2011-09-30 05:30:00,1,1,-103.28125,-158.75
2011-09-30 05:30:00,1,2,1476.49718017665,-0.38247310710662
2011-09-30 05:30:00,2,0,1295.75794191947,570.973338151567
2011-09-30 05:30:00,2,1,-103.28125,-158.75
2011-09-30 05:30:00,2,2,1404.85291514329,222.334457778796
2011-09-30 05:30:00,3,0,1191.6861381078,912.672324731543
2011-09-30 05:30:00,3,1,-103.28125,-158.75
2011-09-30 05:30:00,3,2,1295.75289501543,570.970705742351
2011-09-30 05:30:00,4,0,1085.42289043846,1270.63688439979
2011-09-30 05:30:00,4,1,-103.28125,-158.75
2011-09-30 05:30:00,4,2,1191.67613060346,912.664044782828
2011-09-30 05:30:00,5,0,686.801584943294,1802.33194427244
2011-09-30 05:30:00,5,1,-103.28125,-158.75
2011-09-30 05:30:00,5,2,1085.40771730382,1270.61863908633
2011-09-30 05:30:00,5,3,969.107353056056,1673.21610964453
2011-09-30 05:30:00,5,4,822.406674819161,1745.2575581332
2011-09-30 05:30:00,6,0,423.543369202575,1915.50755662272
2011-09-30 05:30:00,6,1,-103.28125,-158.75
2011-09-30 05:30:00,6,2,686.707822368646,1802.09921412813
2011-09-30 05:30:00,7,0,165.956347573482,2029.41175362694
2011-09-30 05:30:00,7,1,-103.28125,-158.75
2011-09-30 05:30:00,7,2,423.478703406723,1915.25294909146
2011-09-30 05:30:00,8,0,-0.257012077414633,2104.9777331129
2011-09-30 05:30:00,8,1,-103.28125,-158.75
2011-09-30 05:30:00,8,2,165.986572009591,2029.65739523018
2011-09-30 05:30:00,9,0,-103.28125,2152.54943410053
2011-09-30 05:30:00,9,1,-103.28125,-158.75
2011-09-30 05:30:00,9,2,-0.245273095075234,2105.23567105466
2011-09-30 05:30:00,10,0,-405.134828010291,2294.49003983444
2011-09-30 05:30:00,10,1,-103.28125,-158.75
2011-09-30 05:30:00,10,2,-103.28125,2151.96915781974
2011-09-30 05:30:00,11,0,-577.725281485778,2378.68556279377
2011-09-30 05:30:00,11,1,-103.28125,-158.75
2011-09-30 05:30:00,11,2,-405.20227347052,2295.03818607352
2011-09-30 05:30:00,12,0,-772.336522494165,2475.50987355386
2011-09-30 05:30:00,12,1,-103.28125,-158.75
2011-09-30 05:30:00,12,2,-577.716378508593,2378.6379476286
2011-09-30 05:30:00,13,0,-997.809606495716,2590.30894178637
2011-09-30 05:30:00,13,1,-103.28125,-158.75
2011-09-30 05:30:00,13,2,-772.240057507933,2475.13006361456
2011-09-30 05:30:00,14,0,-1268.00299172324,2732.23139686268
2011-09-30 05:30:00,14,1,-103.28125,-158.75
2011-09-30 05:30:00,14,2,-997.669068609112,2589.8770416336
2011-09-30 05:30:00,15,0,-1606.83252960418,2918.43743106236
2011-09-30 05:30:00,15,1,-103.28125,-158.75
2011-09-30 05:30:00,15,2,-1267.78261822535,2731.68440296711
2011-09-30 05:30:00,16,0,-1970.74983880217,1089.17458513917
2011-09-30 05:30:00,16,1,-103.28125,-158.75
2011-09-30 05:30:00,16,2,-1605.88000019529,2916.48797209509
2011-09-30 05:30:00,16,3,-2067.81114109873,3186.00901182315
2011-09-30 05:30:00,16,4,-2307.36143844882,2497.87848696962
2011-09-30 05:30:00,16,5,-2173.84105456117,1921.93836471739
2011-09-30 05:30:00,16,6,-2064.25097532469,1466.30784787587
2011-09-30 05:30:00,17,0,2021.70883915619,-1578.76176958555
2011-09-30 05:30:00,17,1,-1970.72752035901,1089.15967097457
2011-09-30 05:30:00,17,2,-1890.78444947713,775.47899669824
2011-09-30 05:30:00,17,3,-1819.31209353682,501.746498533789
2011-09-30 05:30:00,17,4,-1754.97976008808,259.870622913844
2011-09-30 05:30:00,17,5,-1684.4640807984,0.661435896243347
2011-09-30 05:30:00,17,6,-1640.54761352256,-158.075856746262
2011-09-30 05:30:00,17,7,-1537.66178391341,-521.113104646448
2011-09-30 05:30:00,17,8,-1439.58567533175,-856.289657688956
2011-09-30 05:30:00,17,9,-1340.80543281482,-1183.88924825362
2011-09-30 05:30:00,17,10,-1242.71329727922,-1497.99631710934
2011-09-30 05:30:00,17,11,-1114.10622256469,-1895.86463614155
2011-09-30 05:30:00,17,12,-1010.49988111194,-1990.85218638557
2011-09-30 05:30:00,17,13,-844.522515917116,-2066.23482256961
2011-09-30 05:30:00,17,14,-632.025219197439,-2160.21029130505
2011-09-30 05:30:00,17,15,-362.761414721789,-2275.40259249015
2011-09-30 05:30:00,17,16,-101.956142116412,-2382.99959954052
2011-09-30 05:30:00,17,17,1.30113911259244,-2424.87580424569
2011-09-30 05:30:00,17,18,186.216896989077,-2497.9850255136
2011-09-30 05:30:00,17,19,526.056056516596,-2628.48503351728
2011-09-30 05:30:00,17,20,726.914183986121,-2703.10593947762
2011-09-30 05:30:00,17,21,958.164010607511,-2787.16305652577
2011-09-30 05:30:00,17,22,1254.1834416138,-2891.53085579633
2011-09-30 05:30:00,17,23,1539.50964461085,-2988.91792980217
2011-09-30 05:30:00,17,24,1974.76844330181,-3132.15118402224
2011-09-30 05:30:00,17,25,2215.5246363236,-2087.16552330451
2011-09-30 05:30:00,18,0,1882.03456065805,-1194.26872528175
2011-09-30 05:30:00,18,1,-103.28125,-158.75
2011-09-30 05:30:00,18,2,2022.5468487739,-1579.32176444212
2011-09-30 05:30:00,19,0,1770.69079590726,-878.32828318238
2011-09-30 05:30:00,19,1,-103.28125,-158.75
2011-09-30 05:30:00,19,2,1882.42097903654,-1194.47027682562
2011-09-30 05:30:00,20,0,1677.93599031818,-608.838740045895
2011-09-30 05:30:00,20,1,-103.28125,-158.75
2011-09-30 05:30:00,20,2,1770.72445932356,-878.341209449537
2011-09-30 05:30:00,21,0,1527.4844301968,-158.75
2011-09-30 05:30:00,21,1,-103.28125,-158.75
2011-09-30 05:30:00,21,2,1677.67645519276,-608.773159141469
2011-09-30 11:30:00,0,0,1545.79676620317,-0.157255604958486
2011-09-30 11:30:00,0,1,-35.3125,-64.0625
2011-09-30 11:30:00,0,2,1566.48706324387,-64.0625
2011-09-30 11:30:00,1,0,1445.96266529845,310.417939657918
2011-09-30 11:30:00,1,1,-35.3125,-64.0625
2011-09-30 11:30:00,1,2,1545.54067838785,-0.16760615743123
2011-09-30 11:30:00,2,0,1338.93652859302,653.080778323195
2011-09-30 11:30:00,2,1,-35.3125,-64.0625
2011-09-30 11:30:00,2,2,1445.96438705952,310.41837493548
2011-09-30 11:30:00,3,0,1236.67946154932,988.864748229646
2011-09-30 11:30:00,3,1,-35.3125,-64.0625
2011-09-30 11:30:00,3,2,1338.93179186055,653.078306488919
2011-09-30 11:30:00,4,0,1132.39494094366,1340.76242219257
2011-09-30 11:30:00,4,1,-35.3125,-64.0625
2011-09-30 11:30:00,4,2,1236.66883049761,988.85594807653
2011-09-30 11:30:00,5,0,745.010346980853,1873.74028375874
2011-09-30 11:30:00,5,1,-35.3125,-64.0625
2011-09-30 11:30:00,5,2,1132.37972517061,1340.74411666804
2011-09-30 11:30:00,5,3,1018.1165591722,1736.99489802913
2011-09-30 11:30:00,5,4,884.440116405254,1814.90078689314
2011-09-30 11:30:00,6,0,484.941042229678,1985.32367891981
2011-09-30 11:30:00,6,1,-35.3125,-64.0625
2011-09-30 11:30:00,6,2,745.010118559143,1873.73971651118
2011-09-30 11:30:00,7,0,230.541881273505,2097.6586724541
2011-09-30 11:30:00,7,1,-35.3125,-64.0625
2011-09-30 11:30:00,7,2,484.938785001248,1985.31478723071
2011-09-30 11:30:00,8,0,-35.3125,2218.75602046757
2011-09-30 11:30:00,8,1,-35.3125,-64.0625
2011-09-30 11:30:00,8,2,230.539474268116,2097.63910055731
2011-09-30 11:30:00,9,0,-333.279044139902,2358.76981919881
2011-09-30 11:30:00,9,1,-35.3125,-64.0625
2011-09-30 11:30:00,9,2,-35.3125,2218.61422803503
2011-09-30 11:30:00,10,0,-503.569599933072,2441.507520109
2011-09-30 11:30:00,10,1,-35.3125,-64.0625
2011-09-30 11:30:00,10,2,-333.309802652882,2359.01992351691
2011-09-30 11:30:00,11,0,-695.358034775604,2535.99321635851
2011-09-30 11:30:00,11,1,-35.3125,-64.0625
2011-09-30 11:30:00,11,2,-503.505439627902,2441.16420841733
2011-09-30 11:30:00,12,0,-917.69037014035,2648.9805491513
2011-09-30 11:30:00,12,1,-35.3125,-64.0625
2011-09-30 11:30:00,12,2,-695.341296271512,2535.92727993299
2011-09-30 11:30:00,13,0,-1183.89815270199,2788.2600787863
2011-09-30 11:30:00,13,1,-35.3125,-64.0625
2011-09-30 11:30:00,13,2,-917.5499802546,2648.54889303595
2011-09-30 11:30:00,14,0,-1516.9668148903,2969.79189392862
2011-09-30 11:30:00,14,1,-35.3125,-64.0625
2011-09-30 11:30:00,14,2,-1183.68644335407,2787.73433362155
2011-09-30 11:30:00,15,0,-1935.02703676442,1206.03049061711
2011-09-30 11:30:00,15,1,-35.3125,-64.0625
2011-09-30 11:30:00,15,2,-1516.01813784292,2967.84937062903
2011-09-30 11:30:00,15,3,-1970.36718604337,3231.04952085011
2011-09-30 11:30:00,15,4,-2275.2113797345,2635.70017107731
2011-09-30 11:30:00,15,5,-2147.50514615856,2081.9180803082
2011-09-30 11:30:00,15,6,-2029.66039208483,1589.41661944508
2011-09-30 11:30:00,16,0,2229.24926247426,-1938.61741629284
2011-09-30 11:30:00,16,1,-35.3125,-64.0625
2011-09-30 11:30:00,16,2,-1935.0039311447,1206.01504288269
2011-09-30 11:30:00,16,3,-1853.93086121046,886.857335968504
2011-09-30 11:30:00,16,4,-1781.72426121053,608.425538345169
2011-09-30 11:30:00,16,5,-1716.37515774657,362.18561964412
2011-09-30 11:30:00,16,6,-1617.90131502696,0.660454135881366
2011-09-30 11:30:00,16,7,-1600.25903599152,-63.3903237095272
2011-09-30 11:30:00,16,8,-1495.66266117768,-433.170228844806
2011-09-30 11:30:00,16,9,-1396.07735982658,-774.709470341489
2011-09-30 11:30:00,16,10,-1295.5190834148,-1108.48048050324
2011-09-30 11:30:00,16,11,-1188.17953432415,-1453.14428818129
2011-09-30 11:30:00,16,12,-1065.38603536204,-1833.14460883318
2011-09-30 11:30:00,16,13,-957.203073021506,-1921.51082790722
2011-09-30 11:30:00,16,14,-809.97656340335,-1988.16543471845
2011-09-30 11:30:00,16,15,-552.09212300532,-2102.04314689387
2011-09-30 11:30:00,16,16,-298.306298579026,-2210.29641232384
2011-09-30 11:30:00,16,17,-33.993208585021,-2319.11751232374
2011-09-30 11:30:00,16,18,1.29846338170228,-2333.31226003071
2011-09-30 11:30:00,16,19,257.961855459062,-2435.15323274907
2011-09-30 11:30:00,16,20,602.04249771199,-2566.60539809006
2011-09-30 11:30:00,16,21,805.361298094176,-2641.89348189143
2011-09-30 11:30:00,16,22,1039.2971706619,-2726.46395065381
2011-09-30 11:30:00,16,23,1314.9485666444,-2823.22549527675
2011-09-30 11:30:00,16,24,1649.03439729156,-2936.86183019352
2011-09-30 11:30:00,16,25,2068.82423735134,-3074.20232604978
2011-09-30 11:30:00,16,26,2504.59442100732,-2623.24942858204
2011-09-30 11:30:00,17,0,2048.66568706293,-1457.34872104941
2011-09-30 11:30:00,17,1,-35.3125,-64.0625
2011-09-30 11:30:00,17,2,2231.54755595619,-1940.51989359199
2011-09-30 11:30:00,18,0,1912.5093783584,-1080.52119006971
2011-09-30 11:30:00,18,1,-35.3125,-64.0625
2011-09-30 11:30:00,18,2,2049.49501512524,-1457.90318527995
2011-09-30 11:30:00,19,0,1803.85360729974,-770.620849426211
2011-09-30 11:30:00,19,1,-35.3125,-64.0625
2011-09-30 11:30:00,19,2,1912.89433174719,-1080.72207559301
2011-09-30 11:30:00,20,0,1713.35063218961,-506.141158912549
2011-09-30 11:30:00,20,1,-35.3125,-64.0625
2011-09-30 11:30:00,20,2,1803.88790409124,-770.634025334735
2011-09-30 11:30:00,21,0,1565.949421449,-64.0625
2011-09-30 11:30:00,21,1,-35.3125,-64.0625
2011-09-30 11:30:00,21,2,1713.08813148854,-506.074796240543
2011-11-14 19:30:00,0,0,1879.46089320431,1246.60514807853
2011-11-14 19:30:00,0,1,688.515625,943.984375
2011-11-14 19:30:00,0,2,1973.82425219174,943.984375
2011-11-14 19:30:00,1,0,1794.61340225294,1524.14406439573
2011-11-14 19:30:00,1,1,688.515625,943.984375
2011-11-14 19:30:00,1,2,1879.46198941202,1246.60542662636
2011-11-14 19:30:00,2,0,1713.36532740358,1796.66759013332
2011-11-14 19:30:00,2,1,688.515625,943.984375
2011-11-14 19:30:00,2,2,1794.83475020854,1524.26016368082
2011-11-14 19:30:00,3,0,1629.68729392235,2082.0584697908
2011-11-14 19:30:00,3,1,688.515625,943.984375
2011-11-14 19:30:00,3,2,1713.14734581756,1796.4862276963
2011-11-14 19:30:00,4,0,1364.44732646176,2631.12625070806
2011-11-14 19:30:00,4,1,688.515625,943.984375
2011-11-14 19:30:00,4,2,1629.67736494305,2082.04646357078
2011-11-14 19:30:00,4,3,1526.83114762944,2440.23202101575
2011-11-14 19:30:00,4,4,1484.07782039301,2581.60848872223
2011-11-14 19:30:00,5,0,1138.61554554179,2726.08092799549
2011-11-14 19:30:00,5,1,688.515625,943.984375
2011-11-14 19:30:00,5,2,1364.35415603551,2630.89369507061
2011-11-14 19:30:00,6,0,918.19966077899,2821.13966478478
2011-11-14 19:30:00,6,1,688.515625,943.984375
2011-11-14 19:30:00,6,2,1138.61388028724,2726.07433469418
2011-11-14 19:30:00,7,0,688.515625,2922.59186836689
2011-11-14 19:30:00,7,1,688.515625,943.984375
2011-11-14 19:30:00,7,2,918.197916355401,2821.12540800826
2011-11-14 19:30:00,8,0,432.174262437232,3039.00392259482
2011-11-14 19:30:00,8,1,688.515625,943.984375
2011-11-14 19:30:00,8,2,688.515625,2922.28807088239
2011-11-14 19:30:00,9,0,286.318962649964,3107.0722947101
2011-11-14 19:30:00,9,1,688.515625,943.984375
2011-11-14 19:30:00,9,2,432.142365144125,3039.26461190344
2011-11-14 19:30:00,10,0,122.618652976121,3184.56029419207
2011-11-14 19:30:00,10,1,688.515625,943.984375
2011-11-14 19:30:00,10,2,286.324892198583,3107.04040450267
2011-11-14 19:30:00,11,0,1.93546333981621,3242.89439320383
2011-11-14 19:30:00,11,1,688.515625,943.984375
2011-11-14 19:30:00,11,2,122.547678308719,3184.84130670585
2011-11-14 19:30:00,12,0,-66.1177147675179,3276.10818344035
2011-11-14 19:30:00,12,1,688.515625,943.984375
2011-11-14 19:30:00,12,2,1.94578529514501,3242.85983169472
2011-11-14 19:30:00,13,0,-290.144522207981,3386.74377344937
2011-11-14 19:30:00,13,1,688.515625,943.984375
2011-11-14 19:30:00,13,2,-65.8890839661601,3275.40162131661
2011-11-14 19:30:00,14,0,-567.377319546847,3528.70733585321
2011-11-14 19:30:00,14,1,688.515625,943.984375
2011-11-14 19:30:00,14,2,-290.100066134241,3386.63281001405
2011-11-14 19:30:00,15,0,-928.532192920449,3721.12258966616
2011-11-14 19:30:00,15,1,688.515625,943.984375
2011-11-14 19:30:00,15,2,-566.908966720457,3527.74343020392
2011-11-14 19:30:00,16,0,-1783.17459691352,3438.05635660523
2011-11-14 19:30:00,16,1,688.515625,943.984375
2011-11-14 19:30:00,16,2,-927.009201422274,3718.50698495533
2011-11-14 19:30:00,16,3,-1449.86371593964,4016.71065878908
2011-11-14 19:30:00,17,0,2654.34644540961,-1039.64752446221
2011-11-14 19:30:00,17,1,688.515625,943.984375
2011-11-14 19:30:00,17,2,-1782.40224378817,3437.27700963336
2011-11-14 19:30:00,17,3,-1660.50430711477,2900.97748492051
2011-11-14 19:30:00,17,4,-1555.51715765576,2454.15902140559
2011-11-14 19:30:00,17,5,-1463.57342697573,2074.64671025883
2011-11-14 19:30:00,17,6,-1381.57282897161,1744.86711545723
2011-11-14 19:30:00,17,7,-1314.78682721421,1482.81380299876
2011-11-14 19:30:00,17,8,-1166.77107092714,920.714087539882
2011-11-14 19:30:00,17,9,-1051.93078235315,501.794909522916
2011-11-14 19:30:00,17,10,-935.392920975741,91.6593463643608
2011-11-14 19:30:00,17,11,-908.851567659264,0.705372255455174
2011-11-14 19:30:00,17,12,-816.836673341917,-309.750449882329
2011-11-14 19:30:00,17,13,-689.570894836806,-724.553092933345
2011-11-14 19:30:00,17,14,-623.131232850144,-934.16695690141
2011-11-14 19:30:00,17,15,-516.033799087648,-1129.58398259858
2011-11-14 19:30:00,17,16,-199.007007540841,-1271.60839601166
2011-11-14 19:30:00,17,17,1.37551317646165,-1358.18784126071
2011-11-14 19:30:00,17,18,97.3489181972715,-1398.75804218954
2011-11-14 19:30:00,17,19,388.079852021614,-1518.91335025439
2011-11-14 19:30:00,17,20,671.282407565504,-1631.53109236677
2011-11-14 19:30:00,17,21,1037.7599921536,-1771.9620141917
2011-11-14 19:30:00,17,22,1411.0463874293,-1908.76237396765
2011-11-14 19:30:00,17,23,1640.15925399397,-1990.10538344093
2011-11-14 19:30:00,17,24,1873.8911475436,-2070.68937103709
2011-11-14 19:30:00,17,25,2232.44200951435,-2191.03056102955
2011-11-14 19:30:00,17,26,2584.07234792489,-2304.69239697139
2011-11-14 19:30:00,17,27,2956.05222695568,-1809.1505034447
2011-11-14 19:30:00,18,0,2472.54875611006,-540.345573650462
2011-11-14 19:30:00,18,1,688.515625,943.984375
2011-11-14 19:30:00,18,2,2657.40392743929,-1042.73269273973
2011-11-14 19:30:00,19,0,2341.18921358417,-166.590378987638
2011-11-14 19:30:00,19,1,688.515625,943.984375
2011-11-14 19:30:00,19,2,2473.46035242704,-541.104029135834
2011-11-14 19:30:00,20,0,2283.30115356169,2.93863872950519
2011-11-14 19:30:00,20,1,688.515625,943.984375
2011-11-14 19:30:00,20,2,2341.93590692357,-167.092147018206
2011-11-14 19:30:00,21,0,2240.12869858937,130.147318871657
2011-11-14 19:30:00,21,1,688.515625,943.984375
2011-11-14 19:30:00,21,2,2283.32863750761,2.92242109418055
2011-11-14 19:30:00,22,0,2157.09334670802,376.913228480317
2011-11-14 19:30:00,22,1,688.515625,943.984375
2011-11-14 19:30:00,22,2,2239.8270935874,130.305513805107
2011-11-14 19:30:00,23,0,2087.97056449927,588.381017747183
2011-11-14 19:30:00,23,1,688.515625,943.984375
2011-11-14 19:30:00,23,2,2157.42070446652,376.786823771398
2011-11-14 19:30:00,24,0,1973.81398912658,943.984375
2011-11-14 19:30:00,24,1,688.515625,943.984375
2011-11-14 19:30:00,24,2,2087.70412122524,588.448721336692
2012-08-05 23:30:00,0,0,1555.88966924824,-0.116295122327123
2012-08-05 23:30:00,0,1,-25.703125,-50.625
2012-08-05 23:30:00,0,2,1572.26162590749,-50.625
2012-08-05 23:30:00,1,0,1451.82780573849,322.904993492406
2012-08-05 23:30:00,1,1,-25.703125,-50.625
2012-08-05 23:30:00,1,2,1555.3733475804,-0.132784030747786
2012-08-05 23:30:00,2,0,1345.1127631617,664.719307676214
2012-08-05 23:30:00,2,1,-25.703125,-50.625
2012-08-05 23:30:00,2,2,1451.82953687559,322.905431135786
2012-08-05 23:30:00,3,0,1243.25908503767,999.783408411924
2012-08-05 23:30:00,3,1,-25.703125,-50.625
2012-08-05 23:30:00,3,2,1345.10776480305,664.716699340956
2012-08-05 23:30:00,4,0,1139.09504466165,1350.68537602516
2012-08-05 23:30:00,4,1,-25.703125,-50.625
2012-08-05 23:30:00,4,2,1243.24981761366,999.775737119569
2012-08-05 23:30:00,5,0,753.264766179235,1883.79294319947
2012-08-05 23:30:00,5,1,-25.703125,-50.625
2012-08-05 23:30:00,5,2,1139.07891604449,1350.66597249315
2012-08-05 23:30:00,5,3,1024.28074851704,1748.74674225552
2012-08-05 23:30:00,5,4,905.389880159692,1819.95584866023
2012-08-05 23:30:00,6,0,493.674394419155,1995.28915766119
2012-08-05 23:30:00,6,1,-25.703125,-50.625
2012-08-05 23:30:00,6,2,753.264459545858,1883.79218173406
2012-08-05 23:30:00,7,0,239.706765181434,2107.45956838617
2012-08-05 23:30:00,7,1,-25.703125,-50.625
2012-08-05 23:30:00,7,2,493.672198226483,1995.28050649414
2012-08-05 23:30:00,8,0,-0.0648863569750688,2216.44988937046
2012-08-05 23:30:00,8,1,-25.703125,-50.625
2012-08-05 23:30:00,8,2,239.704540157698,2107.44147641008
2012-08-05 23:30:00,9,0,-25.703125,2228.65614748859
2012-08-05 23:30:00,9,1,-25.703125,-50.625
2012-08-05 23:30:00,9,2,-0.0620629213974055,2216.69955316324
2012-08-05 23:30:00,10,0,-323.140298385424,2367.87784294964
2012-08-05 23:30:00,10,1,-25.703125,-50.625
2012-08-05 23:30:00,10,2,-25.703125,2228.09595258174
2012-08-05 23:30:00,11,0,-493.109572345257,2450.36741304565
2012-08-05 23:30:00,11,1,-25.703125,-50.625
2012-08-05 23:30:00,11,2,-323.207783247846,2368.42657171063
2012-08-05 23:30:00,12,0,-684.656143303443,2545.10018828122
2012-08-05 23:30:00,12,1,-25.703125,-50.625
2012-08-05 23:30:00,12,2,-493.100986404658,2450.32147150501
2012-08-05 23:30:00,13,0,-906.510797670051,2657.56212584038
2012-08-05 23:30:00,13,1,-25.703125,-50.625
2012-08-05 23:30:00,13,2,-684.559051180139,2544.71772631043
2012-08-05 23:30:00,14,0,-1172.13925094265,2796.33010286045
2012-08-05 23:30:00,14,1,-25.703125,-50.625
2012-08-05 23:30:00,14,2,-906.371905953921,2657.1350805623
2012-08-05 23:30:00,15,0,-1504.5586292145,2977.46715589434
2012-08-05 23:30:00,15,1,-25.703125,-50.625
2012-08-05 23:30:00,15,2,-1171.92555909804,2795.79943998819
2012-08-05 23:30:00,16,0,-2023.86168996831,1603.39002218837
2012-08-05 23:30:00,16,1,-25.703125,-50.625
2012-08-05 23:30:00,16,2,-1503.61327793102,2975.53146251662
2012-08-05 23:30:00,16,3,-1956.98126127469,3237.86781610255
2012-08-05 23:30:00,16,4,-2270.23629856274,2655.1608813923
2012-08-05 23:30:00,16,5,-2135.43869565871,2070.38469400927
2012-08-05 23:30:00,17,0,2232.4999706844,-1919.89699317282
2012-08-05 23:30:00,17,1,-2023.82927229227,1603.36318781992
2012-08-05 23:30:00,17,2,-1930.42656185511,1225.03185819707
2012-08-05 23:30:00,17,3,-1848.66386150111,902.550620360746
2012-08-05 23:30:00,17,4,-1776.26129557418,623.448822867322
2012-08-05 23:30:00,17,5,-1710.8259553363,376.644567623786
2012-08-05 23:30:00,17,6,-1608.52708515243,0.663288740447058
2012-08-05 23:30:00,17,7,-1594.44274241393,-49.9502501755457
2012-08-05 23:30:00,17,8,-1489.77597715073,-420.67037794261
2012-08-05 23:30:00,17,9,-1389.86987435789,-763.040107659267
2012-08-05 23:30:00,17,10,-1296.36006591077,-1073.87209710769
2012-08-05 23:30:00,17,11,-1181.23033052426,-1443.10348049449
2012-08-05 23:30:00,17,12,-1058.08502338866,-1824.41799370994
2012-08-05 23:30:00,17,13,-949.828445135291,-1911.34581893144
2012-08-05 23:30:00,17,14,-801.950136791776,-1978.64619901836
2012-08-05 23:30:00,17,15,-543.51442810403,-2092.63970441935
2012-08-05 23:30:00,17,16,-289.193893002209,-2200.87003554776
2012-08-05 23:30:00,17,17,-24.3903213554731,-2309.98305947862
2012-08-05 23:30:00,17,18,1.29107982066553,-2320.18433015291
2012-08-05 23:30:00,17,19,286.647427662209,-2433.33169304994
2012-08-05 23:30:00,17,20,612.716505516004,-2557.9177174035
2012-08-05 23:30:00,17,21,816.38173116119,-2633.26963899515
2012-08-05 23:30:00,17,22,1050.68425568024,-2717.85732688489
2012-08-05 23:30:00,17,23,1305.11729469054,-2807.29412224603
2012-08-05 23:30:00,17,24,1683.24129144141,-2935.62617959401
2012-08-05 23:30:00,17,25,2072.60544364388,-3063.06663646929
2012-08-05 23:30:00,17,26,2502.9188437437,-2593.19176194891
2012-08-05 23:30:00,18,0,2052.69493667316,-1440.16612475756
2012-08-05 23:30:00,18,1,-25.703125,-50.625
2012-08-05 23:30:00,18,2,2234.79456943627,-1921.7963923857
2012-08-05 23:30:00,19,0,1916.8794035476,-1064.33907057024
2012-08-05 23:30:00,19,1,-25.703125,-50.625
2012-08-05 23:30:00,19,2,2053.52044548262,-1440.71802983328
2012-08-05 23:30:00,20,0,1808.65292656837,-755.328157325483
2012-08-05 23:30:00,20,1,-25.703125,-50.625
2012-08-05 23:30:00,20,2,1917.26646933288,-1064.54105634279
2012-08-05 23:30:00,21,0,1718.34024820142,-491.531174136356
2012-08-05 23:30:00,21,1,-25.703125,-50.625
2012-08-05 23:30:00,21,2,1808.6852691095,-755.340582334699
2012-08-05 23:30:00,22,0,1571.46201351453,-50.625
2012-08-05 23:30:00,22,1,-25.703125,-50.625
2012-08-05 23:30:00,22,2,1718.07901409376,-491.465132355096
2012-08-31 11:30:00,0,0,1488.66915206302,-0.343706836212657
2012-08-31 11:30:00,0,1,-91.40625,-142.109375
2012-08-31 11:30:00,0,2,1534.65181513235,-142.109375
2012-08-31 11:30:00,1,0,1412.39313028678,237.896324292512
2012-08-31 11:30:00,1,1,-91.40625,-142.109375
2012-08-31 11:30:00,1,2,1488.67242776649,-0.343412937395783
2012-08-31 11:30:00,2,0,1303.25879841334,585.364200931748
2012-08-31 11:30:00,2,1,-91.40625,-142.109375
2012-08-31 11:30:00,2,2,1412.15171048866,237.835318216561
2012-08-31 11:30:00,3,0,1199.53069386163,926.024871964868
2012-08-31 11:30:00,3,1,-91.40625,-142.109375
2012-08-31 11:30:00,3,2,1303.25345469052,585.361413583523
2012-08-31 11:30:00,4,0,1093.6227196678,1282.92038851348
2012-08-31 11:30:00,4,1,-91.40625,-142.109375
2012-08-31 11:30:00,4,2,1199.52065041988,926.016561919872
2012-08-31 11:30:00,5,0,696.97677950562,1814.83883430621
2012-08-31 11:30:00,5,1,-91.40625,-142.109375
2012-08-31 11:30:00,5,2,1093.60737739681,1282.90193901278
2012-08-31 11:30:00,5,3,977.711305184936,1684.36530834659
2012-08-31 11:30:00,5,4,832.845778708602,1757.56852562001
2012-08-31 11:30:00,6,0,434.2434838047,1927.61263563263
2012-08-31 11:30:00,6,1,-91.40625,-142.109375
2012-08-31 11:30:00,6,2,696.789573801692,1814.37414664379
2012-08-31 11:30:00,7,0,177.240145737812,2041.34280511262
2012-08-31 11:30:00,7,1,-91.40625,-142.109375
2012-08-31 11:30:00,7,2,434.241349001171,1927.60422994046
2012-08-31 11:30:00,8,0,-0.227999789099502,2122.15050523736
2012-08-31 11:30:00,8,1,-91.40625,-142.109375
2012-08-31 11:30:00,8,2,177.270095549499,2041.58622539541
2012-08-31 11:30:00,9,0,-91.40625,2164.42493591276
2012-08-31 11:30:00,9,1,-91.40625,-142.109375
2012-08-31 11:30:00,9,2,-0.217649703692629,2122.4075323583
2012-08-31 11:30:00,10,0,-392.568104421614,2305.61565700189
2012-08-31 11:30:00,10,1,-91.40625,-142.109375
2012-08-31 11:30:00,10,2,-91.40625,2163.85130542009
2012-08-31 11:30:00,11,0,-564.822054792006,2389.93747871097
2012-08-31 11:30:00,11,1,-91.40625,-142.109375
2012-08-31 11:30:00,11,2,-392.634299772995,2306.15366676707
2012-08-31 11:30:00,12,0,-758.822168679999,2485.81056540941
2012-08-31 11:30:00,12,1,-91.40625,-142.109375
2012-08-31 11:30:00,12,2,-564.758202439459,2389.59596677425
2012-08-31 11:30:00,13,0,-983.760206978708,2600.386881796
2012-08-31 11:30:00,13,1,-91.40625,-142.109375
2012-08-31 11:30:00,13,2,-758.80578585849,2485.746058792
2012-08-31 11:30:00,14,0,-1253.41006788826,2742.25165956701
2012-08-31 11:30:00,14,1,-91.40625,-142.109375
2012-08-31 11:30:00,14,2,-983.729150234089,2600.29143423822
2012-08-31 11:30:00,15,0,-1591.00227318839,2927.11709982464
2012-08-31 11:30:00,15,1,-91.40625,-142.109375
2012-08-31 11:30:00,15,2,-1253.04835821004,2741.35381285978
2012-08-31 11:30:00,16,0,-1964.43144551671,1109.58299526019
2012-08-31 11:30:00,16,1,-91.40625,-142.109375
2012-08-31 11:30:00,16,2,-1590.04458034728,2925.15698778299
2012-08-31 11:30:00,16,3,-2048.47731217652,3192.61868914083
2012-08-31 11:30:00,16,4,-2300.60058175204,2516.53777844493
2012-08-31 11:30:00,16,5,-2174.90910801512,1973.62484553702
2012-08-31 11:30:00,16,6,-2058.12154448177,1487.77298843324
2012-08-31 11:30:00,17,0,2211.05861009542,-2047.19202151106
2012-08-31 11:30:00,17,1,-91.40625,-142.109375
2012-08-31 11:30:00,17,2,-1964.40964548976,1109.56842688841
2012-08-31 11:30:00,17,3,-1884.34962705727,794.997034899869
2012-08-31 11:30:00,17,4,-1812.85606018716,520.496792524794
2012-08-31 11:30:00,17,5,-1748.15339656317,277.805384448873
2012-08-31 11:30:00,17,6,-1672.90169225091,0.661857300331064
2012-08-31 11:30:00,17,7,-1633.4623249594,-141.434508977604
2012-08-31 11:30:00,17,8,-1530.33532217922,-505.638421981767
2012-08-31 11:30:00,17,9,-1432.04455725282,-841.940466423069
2012-08-31 11:30:00,17,10,-1340.32855766526,-1146.0533186935
2012-08-31 11:30:00,17,11,-1219.26809423643,-1533.75025988844
2012-08-31 11:30:00,17,12,-1108.21504797389,-1877.36111597102
2012-08-31 11:30:00,17,13,-989.837011864606,-1983.83101266098
2012-08-31 11:30:00,17,14,-857.487999980252,-2044.06209881025
2012-08-31 11:30:00,17,15,-584.416348889076,-2164.71935297065
2012-08-31 11:30:00,17,16,-372.161662058292,-2255.31131494476
2012-08-31 11:30:00,17,17,-90.0837697644679,-2371.99311397578
2012-08-31 11:30:00,17,18,1.297516153288,-2408.78062579488
2012-08-31 11:30:00,17,19,221.120053609814,-2495.77639231974
2012-08-31 11:30:00,17,20,517.040619806646,-2609.34335663842
2012-08-31 11:30:00,17,21,740.716965153539,-2692.50333128579
2012-08-31 11:30:00,17,22,972.412006080938,-2776.5312682778
2012-08-31 11:30:00,17,23,1245.50692610152,-2872.71808243676
2012-08-31 11:30:00,17,24,1576.67034349348,-2985.83585906833
2012-08-31 11:30:00,17,25,1993.60399435852,-3122.72897960156
2012-08-31 11:30:00,17,26,2493.7873981305,-2745.37618933917
2012-08-31 11:30:00,18,0,2026.43836847902,-1557.40798213922
2012-08-31 11:30:00,18,1,-91.40625,-142.109375
2012-08-31 11:30:00,18,2,2213.77906708409,-2049.44295506037
2012-08-31 11:30:00,19,0,1887.3267163838,-1174.23959759828
2012-08-31 11:30:00,19,1,-91.40625,-142.109375
2012-08-31 11:30:00,19,2,2027.27391797207,-1557.96635739649
2012-08-31 11:30:00,20,0,1776.36275171875,-859.337074015052
2012-08-31 11:30:00,20,1,-91.40625,-142.109375
2012-08-31 11:30:00,20,2,1887.71221603023,-1174.44067871566
2012-08-31 11:30:00,21,0,1684.0717125645,-590.767456380719
2012-08-31 11:30:00,21,1,-91.40625,-142.109375
2012-08-31 11:30:00,21,2,1776.39823405298,-859.350699315028
2012-08-31 11:30:00,22,0,1534.11375475817,-142.109375
2012-08-31 11:30:00,22,1,-91.40625,-142.109375
2012-08-31 11:30:00,22,2,1683.81081998113,-590.701529588967
2012-09-03 07:00:00,0,0,1597.76027394964,636.956089036701
2012-09-03 07:00:00,0,1,216.953125,287.265625
2012-09-03 07:00:00,0,2,1709.19034821417,287.265625
2012-09-03 07:00:00,1,0,1498.70744718518,957.308587690784
2012-09-03 07:00:00,1,1,216.953125,287.265625
2012-09-03 07:00:00,1,2,1597.76215120414,636.956564452837
2012-09-03 07:00:00,2,0,1403.58528638753,1271.24836141797
2012-09-03 07:00:00,2,1,216.953125,287.265625
2012-09-03 07:00:00,2,2,1498.70361349013,957.30658360908
2012-09-03 07:00:00,3,0,1306.63351143995,1600.50729765362
2012-09-03 07:00:00,3,1,216.953125,287.265625
2012-09-03 07:00:00,3,2,1403.78455250097,1271.41359747169
2012-09-03 07:00:00,4,0,961.193656832083,2138.68982930821
2012-09-03 07:00:00,4,1,216.953125,287.265625
2012-09-03 07:00:00,4,2,1306.62027987457,1600.49135147044
2012-09-03 07:00:00,4,3,1200.50172911048,1969.13533492267
2012-09-03 07:00:00,4,4,1091.42897340089,2084.22438286443
2012-09-03 07:00:00,5,0,712.958628991817,2244.54409533728
2012-09-03 07:00:00,5,1,216.953125,287.265625
2012-09-03 07:00:00,5,2,961.193419322203,2138.68923846221
2012-09-03 07:00:00,6,0,470.313682201769,2350.99252885117
2012-09-03 07:00:00,6,1,216.953125,287.265625
2012-09-03 07:00:00,6,2,712.956441870654,2244.53546477748
2012-09-03 07:00:00,7,0,216.953125,2464.84717890178
2012-09-03 07:00:00,7,1,216.953125,287.265625
2012-09-03 07:00:00,7,2,470.279774131667,2350.71633354556
2012-09-03 07:00:00,8,0,0.574730825621026,2565.19949381094
2012-09-03 07:00:00,8,1,216.953125,287.265625
2012-09-03 07:00:00,8,2,216.953125,2465.09497809619
2012-09-03 07:00:00,9,0,-66.6124409296594,2597.02486248941
2012-09-03 07:00:00,9,1,216.953125,287.265625
2012-09-03 07:00:00,9,2,0.549276452068284,2565.46746594303
2012-09-03 07:00:00,10,0,-228.32594506923,2674.04249775473
2012-09-03 07:00:00,10,1,216.953125,287.265625
2012-09-03 07:00:00,10,2,-66.5732218977013,2596.70540719499
2012-09-03 07:00:00,11,0,-410.340515038738,2762.61786676388
2012-09-03 07:00:00,11,1,216.953125,287.265625
2012-09-03 07:00:00,11,2,-228.319755029783,2674.00931801647
2012-09-03 07:00:00,12,0,-620.850063134082,2867.75129815913
2012-09-03 07:00:00,12,1,216.953125,287.265625
2012-09-03 07:00:00,12,2,-410.32554641992,2762.55879936421
2012-09-03 07:00:00,13,0,-872.113265056268,2996.50247573234
2012-09-03 07:00:00,13,1,216.953125,287.265625
2012-09-03 07:00:00,13,2,-620.714955759295,2867.33515908265
2012-09-03 07:00:00,14,0,-1185.23235310074,3163.40994562605
2012-09-03 07:00:00,14,1,216.953125,287.265625
2012-09-03 07:00:00,14,2,-871.908396933931,2995.99283162649
2012-09-03 07:00:00,15,0,-1899.9672439203,2042.66478336725
2012-09-03 07:00:00,15,1,216.953125,287.265625
2012-09-03 07:00:00,15,2,-1184.521733932,3161.95233297906
2012-09-03 07:00:00,15,3,-1612.24721033836,3402.4641477113
2012-09-03 07:00:00,15,4,-2154.29636581681,3148.88395983456
2012-09-03 07:00:00,15,5,-2015.71325782706,2535.6194752967
2012-09-03 07:00:00,16,0,2312.74760827928,-1450.61546210965
2012-09-03 07:00:00,16,1,-1899.93640588387,2042.63921175672
2012-09-03 07:00:00,16,2,-1802.86173294118,1642.23455705793
2012-09-03 07:00:00,16,3,-1717.41691795115,1300.34647597683
2012-09-03 07:00:00,16,4,-1641.58521600964,1004.06997537423
2012-09-03 07:00:00,16,5,-1573.05248011094,741.83926962182
2012-09-03 07:00:00,16,6,-1450.69223879935,287.925637516379
2012-09-03 07:00:00,16,7,-1370.87438740171,0.676063233823754
2012-09-03 07:00:00,16,8,-1340.29538055891,-107.028701595656
2012-09-03 07:00:00,16,9,-1234.7029806089,-472.1428848166
2012-09-03 07:00:00,16,10,-1127.9816128719,-829.240645073823
2012-09-03 07:00:00,16,11,-1020.25638213477,-1176.93446191297
2012-09-03 07:00:00,16,12,-884.115292908912,-1599.35852975991
2012-09-03 07:00:00,16,13,-751.549309349902,-1668.07096924886
2012-09-03 07:00:00,16,14,-596.933344350107,-1737.74582691377
2012-09-03 07:00:00,16,15,-308.190098067151,-1863.8098862384
2012-09-03 07:00:00,16,16,-101.207155518008,-1950.96496224284
2012-09-03 07:00:00,16,17,1.32731894598817,-1993.48016536877
2012-09-03 07:00:00,16,18,218.248876899356,-2081.34724624941
2012-09-03 07:00:00,16,19,524.121967141632,-2201.25405804436
2012-09-03 07:00:00,16,20,884.0131908989,-2336.92398300813
2012-09-03 07:00:00,16,21,1096.34784454133,-2414.38008125372
2012-09-03 07:00:00,16,22,1340.28160671639,-2501.02197620961
2012-09-03 07:00:00,16,23,1627.4129068759,-2600.22722344938
2012-09-03 07:00:00,16,24,1974.71994283363,-2716.24912789337
2012-09-03 07:00:00,16,25,2408.12780317588,-2855.40761354581
2012-09-03 07:00:00,16,26,2556.96687816445,-2078.15507327184
2012-09-03 07:00:00,17,0,2150.34400410058,-1007.59851842903
2012-09-03 07:00:00,17,1,216.953125,287.265625
2012-09-03 07:00:00,17,2,2314.54589550612,-1452.10664332311
2012-09-03 07:00:00,18,0,2026.49813101098,-658.682343311593
2012-09-03 07:00:00,18,1,216.953125,287.265625
2012-09-03 07:00:00,18,2,2150.79507631665,-1007.90061835357
2012-09-03 07:00:00,19,0,1927.52749997223,-371.0382413158
2012-09-03 07:00:00,19,1,216.953125,287.265625
2012-09-03 07:00:00,19,2,2026.87740449579,-658.880610268869
2012-09-03 07:00:00,20,0,1844.48081461499,-124.907004210686
2012-09-03 07:00:00,20,1,216.953125,287.265625
2012-09-03 07:00:00,20,2,1927.55536082348,-371.048963390421
2012-09-03 07:00:00,21,0,1802.98328336085,0.759464730146952
2012-09-03 07:00:00,21,1,216.953125,287.265625
2012-09-03 07:00:00,21,2,1844.78204568777,-124.983291209709
2012-09-03 07:00:00,22,0,1709.18068354454,287.265625
2012-09-03 07:00:00,22,1,216.953125,287.265625
2012-09-03 07:00:00,22,2,1802.71591033277,0.807763950203366
2013-04-07 02:00:00,0,0,1505.402796992,438.188287263365
2013-04-07 02:00:00,0,1,63.28125,73.359375
2013-04-07 02:00:00,0,2,1622.24490454845,73.359375
2013-04-07 02:00:00,1,0,1401.57556022434,772.21282150341
2013-04-07 02:00:00,1,1,63.28125,73.359375
2013-04-07 02:00:00,1,2,1505.40472557483,438.18877515759
2013-04-07 02:00:00,2,0,1302.14417054708,1099.55755193433
2013-04-07 02:00:00,2,1,63.28125,73.359375
2013-04-07 02:00:00,2,2,1401.57122334934,772.210556799735
2013-04-07 02:00:00,3,0,1200.67045857191,1442.63616011098
2013-04-07 02:00:00,3,1,63.28125,73.359375
2013-04-07 02:00:00,3,2,1302.13377211027,1099.54893850606
2013-04-07 02:00:00,4,0,829.496946541067,1977.417857715
2013-04-07 02:00:00,4,1,63.28125,73.359375
2013-04-07 02:00:00,4,2,1200.65729241039,1442.62030967106
2013-04-07 02:00:00,4,3,1089.27619172414,1828.20744658477
2013-04-07 02:00:00,4,4,964.546974635826,1920.82029018835
2013-04-07 02:00:00,5,0,574.070271028684,2086.82536046441
2013-04-07 02:00:00,5,1,63.28125,73.359375
2013-04-07 02:00:00,5,2,829.403272722506,1977.18507675052
2013-04-07 02:00:00,6,0,324.256957601042,2196.84792844091
2013-04-07 02:00:00,6,1,63.28125,73.359375
2013-04-07 02:00:00,6,2,574.130729052297,2087.06367837861
2013-04-07 02:00:00,7,0,63.28125,2315.19637172854
2013-04-07 02:00:00,7,1,63.28125,73.359375
2013-04-07 02:00:00,7,2,324.254523988502,2196.82812679569
2013-04-07 02:00:00,8,0,0.1551806282881,2344.72887109697
2013-04-07 02:00:00,8,1,63.28125,73.359375
2013-04-07 02:00:00,8,2,63.28125,2315.4494986833
2013-04-07 02:00:00,9,0,-229.067390788152,2452.12097710718
2013-04-07 02:00:00,9,1,63.28125,73.359375
2013-04-07 02:00:00,9,2,0.163338755824114,2344.43532958211
2013-04-07 02:00:00,10,0,-395.994196038156,2532.53410068421
2013-04-07 02:00:00,10,1,63.28125,73.359375
2013-04-07 02:00:00,10,2,-229.099492524884,2452.38218023265
2013-04-07 02:00:00,11,0,-584.021501171106,2624.94529036749
2013-04-07 02:00:00,11,1,63.28125,73.359375
2013-04-07 02:00:00,11,2,-395.986387811043,2532.4922917982
2013-04-07 02:00:00,12,0,-801.636728136188,2734.5193818617
2013-04-07 02:00:00,12,1,63.28125,73.359375
2013-04-07 02:00:00,12,2,-583.925055385668,2624.56511322893
2013-04-07 02:00:00,13,0,-1061.99741144872,2869.69517236539
2013-04-07 02:00:00,13,1,63.28125,73.359375
2013-04-07 02:00:00,13,2,-801.498072787846,2734.09277023254
2013-04-07 02:00:00,14,0,-1387.23417456574,3045.46459854479
2013-04-07 02:00:00,14,1,63.28125,73.359375
2013-04-07 02:00:00,14,2,-1061.78872375623,2869.17658005134
2013-04-07 02:00:00,15,0,-1882.98145673159,1375.45422277167
2013-04-07 02:00:00,15,1,63.28125,73.359375
2013-04-07 02:00:00,15,2,-1386.30291008597,3043.55643819162
2013-04-07 02:00:00,15,3,-1805.94653650595,3283.93841532045
2013-04-07 02:00:00,15,4,-2220.18753925489,2803.26280524314
2013-04-07 02:00:00,15,5,-2091.63144450857,2241.20916539716
2013-04-07 02:00:00,15,6,-1979.25935279233,1767.87456527541
2013-04-07 02:00:00,16,0,2261.71073840405,-1747.68498406942
2013-04-07 02:00:00,16,1,63.28125,73.359375
2013-04-07 02:00:00,16,2,-1882.95931523365,1375.4394095965
2013-04-07 02:00:00,16,3,-1800.48721021685,1048.49696849079
2013-04-07 02:00:00,16,4,-1726.83849194359,763.102275449448
2013-04-07 02:00:00,16,5,-1660.23219898771,510.632467933691
2013-04-07 02:00:00,16,6,-1541.64181921243,74.0204413989733
2013-04-07 02:00:00,16,7,-1521.34237256775,0.673331762235918
2013-04-07 02:00:00,16,8,-1434.81092834521,-305.548183895319
2013-04-07 02:00:00,16,9,-1332.87202585066,-656.251585512194
2013-04-07 02:00:00,16,10,-1229.95022186427,-999.124537230661
2013-04-07 02:00:00,16,11,-1126.61777610719,-1331.61451990007
2013-04-07 02:00:00,16,12,-994.151284969791,-1741.76989694755
2013-04-07 02:00:00,16,13,-878.557920095249,-1821.26227598914
2013-04-07 02:00:00,16,14,-726.714815328317,-1890.14470774138
2013-04-07 02:00:00,16,15,-463.603483332553,-2005.81154565044
2013-04-07 02:00:00,16,16,-204.791910619741,-2115.62549571266
2013-04-07 02:00:00,16,17,1.32101321433024,-2200.3526029983
2013-04-07 02:00:00,16,18,64.5805899549468,-2225.91509599468
2013-04-07 02:00:00,16,19,361.984985686285,-2343.55069842634
2013-04-07 02:00:00,16,20,712.259148921332,-2476.71721856166
2013-04-07 02:00:00,16,21,919.105883465434,-2552.85481237457
2013-04-07 02:00:00,16,22,1156.92798171704,-2638.16889216426
2013-04-07 02:00:00,16,23,1459.08519094021,-2743.68865033985
2013-04-07 02:00:00,16,24,1776.19858916727,-2850.62033201613
2013-04-07 02:00:00,16,25,2184.52058023719,-2983.37952392411
2013-04-07 02:00:00,16,26,2515.90507058125,-2388.22502814512
2013-04-07 02:00:00,17,0,2088.52011608596,-1281.57235334078
2013-04-07 02:00:00,17,1,63.28125,73.359375
2013-04-07 02:00:00,17,2,2263.95598572399,-1749.54480945307
2013-04-07 02:00:00,18,0,1957.1144618473,-915.594890956852
2013-04-07 02:00:00,18,1,63.28125,73.359375
2013-04-07 02:00:00,18,2,2088.98457401969,-1281.88308646043
2013-04-07 02:00:00,19,0,1852.4251268716,-614.447211681306
2013-04-07 02:00:00,19,1,63.28125,73.359375
2013-04-07 02:00:00,19,2,1957.49812074245,-915.795236530399
2013-04-07 02:00:00,20,0,1764.74332787886,-357.077685193839
2013-04-07 02:00:00,20,1,63.28125,73.359375
2013-04-07 02:00:00,20,2,1852.45405430095,-614.45833235008
2013-04-07 02:00:00,21,0,1646.03164001657,0.197879665474119
2013-04-07 02:00:00,21,1,63.28125,73.359375
2013-04-07 02:00:00,21,2,1764.76590538385,-357.083396866759
2013-04-07 02:00:00,22,0,1622.50155572458,73.359375
2013-04-07 02:00:00,22,1,63.28125,73.359375
2013-04-07 02:00:00,22,2,1646.3088060815,0.185067864008559
