timestamp,edge_id,boundary_class,guard_relation,normal_sign_category,calibration_point_count,anchor_id,anchor_selection_source,limiting_calibration_id,d_e_star_kw,representability_cap_kw,design_headroom_pu,original_limit_status,headroom_design_status,primary_design_status,replay_design_status,reentry_status,unresolved_count,logical_call_count,retry_count,escalated,final_status
2010-12-21 11:30:00,E0000,VMAX13,NONE,componentwise_nonpositive,5,CAL_003742,COMMITTED_D0_AC,CAL_003742,3.75,1541.28062874419,0.00015,PASS_AT_SEARCH_POINTS,PASS_AT_SEARCH_POINTS,NOT_SEPARATELY_PREREGISTERED,PASS_AT_SEARCH_POINTS,NO_ADDITIONAL_FEASIBILITY_CROSSING_DETECTED_AT_RETREAT_SWEEP_RESOLUTION_0.25_KW,0,14,0,false,EDGE_CALIBRATION_COMPLETE
2010-12-21 11:30:00,E0001,VMAX13,NONE,componentwise_nonpositive,14,CAL_003754,COMMITTED_D0_AC,CAL_003754,3.75,1543.39552724126,0.00015,PASS_AT_SEARCH_POINTS,PASS_AT_SEARCH_POINTS,NOT_SEPARATELY_PREREGISTERED,PASS_AT_SEARCH_POINTS,NO_ADDITIONAL_FEASIBILITY_CROSSING_DETECTED_AT_RETREAT_SWEEP_RESOLUTION_0.25_KW,0,23,0,false,EDGE_CALIBRATION_COMPLETE
2010-12-21 11:30:00,E0002,VMAX13,NONE,componentwise_nonpositive,19,CAL_003772,COMMITTED_D0_AC,CAL_003772,4,1544.05226192293,0.00015,PASS_AT_SEARCH_POINTS,PASS_AT_SEARCH_POINTS,NOT_SEPARATELY_PREREGISTERED,PASS_AT_SEARCH_POINTS,NO_ADDITIONAL_FEASIBILITY_CROSSING_DETECTED_AT_RETREAT_SWEEP_RESOLUTION_0.25_KW,0,28,0,false,EDGE_CALIBRATION_COMPLETE
2010-12-21 11:30:00,E0003,VMAX13,NONE,componentwise_nonpositive,19,CAL_003791,COMMITTED_D0_AC,CAL_003791,4,1542.04153753239,0.00015,PASS_AT_SEARCH_POINTS,PASS_AT_SEARCH_POINTS,NOT_SEPARATELY_PREREGISTERED,PASS_AT_SEARCH_POINTS,NO_ADDITIONAL_FEASIBILITY_CROSSING_DETECTED_AT_RETREAT_SWEEP_RESOLUTION_0.25_KW,0,28,0,false,EDGE_CALIBRATION_COMPLETE
2010-12-21 11:30:00,E0004,VMAX13,NONE,componentwise_nonpositive,19,CAL_003813,COMMITTED_D0_AC,CAL_003813,4,1536.91139314038,0.00015,PASS_AT_SEARCH_POINTS,PASS_AT_SEARCH_POINTS,NOT_SEPARATELY_PREREGISTERED,PASS_AT_SEARCH_POINTS,NO_ADDITIONAL_FEASIBILITY_CROSSING_DETECTED_AT_RETREAT_SWEEP_RESOLUTION_0.25_KW,0,28,0,false,EDGE_CALIBRATION_COMPLETE
2010-12-21 11:30:00,E0005,VMAX13,NONE,componentwise_nonpositive,20,CAL_003832,COMMITTED_D0_AC,CAL_003832,4,1530.02701827465,0.00015,PASS_AT_SEARCH_POINTS,PASS_AT_SEARCH_POINTS,NOT_SEPARATELY_PREREGISTERED,PASS_AT_SEARCH_POINTS,NO_ADDITIONAL_FEASIBILITY_CROSSING_DETECTED_AT_RETREAT_SWEEP_RESOLUTION_0.25_KW,0,29,0,false,EDGE_CALIBRATION_COMPLETE
2010-12-21 11:30:00,E0006,CLASS_TRANSITION,NONE,componentwise_nonpositive,10,CAL_003853,COMMITTED_D0_AC,CAL_003853,5,2108.96604981537,0.00015,PASS_AT_SEARCH_POINTS,PASS_AT_SEARCH_POINTS,NOT_SEPARATELY_PREREGISTERED,PASS_AT_SEARCH_POINTS,NO_ADDITIONAL_FEASIBILITY_CROSSING_DETECTED_AT_RETREAT_SWEEP_RESOLUTION_0.25_KW,0,21,0,false,EDGE_CALIBRATION_COMPLETE
2010-12-21 11:30:00,E0007,VMAX30,NONE,componentwise_nonpositive,9,CAL_003859,COMMITTED_D0_AC,CAL_003859,5,2107.05769400812,0.00015,PASS_AT_SEARCH_POINTS,PASS_AT_SEARCH_POINTS,NOT_SEPARATELY_PREREGISTERED,PASS_AT_SEARCH_POINTS,NO_ADDITIONAL_FEASIBILITY_CROSSING_DETECTED_AT_RETREAT_SWEEP_RESOLUTION_0.25_KW,0,20,0,false,EDGE_CALIBRATION_COMPLETE
2010-12-21 11:30:00,E0008,VMAX30,NONE,componentwise_nonpositive,19,CAL_003874,COMMITTED_D0_AC,CAL_003874,5.25,2106.74138792151,0.00015,PASS_AT_SEARCH_POINTS,PASS_AT_SEARCH_POINTS,NOT_SEPARATELY_PREREGISTERED,PASS_AT_SEARCH_POINTS,NO_ADDITIONAL_FEASIBILITY_CROSSING_DETECTED_AT_RETREAT_SWEEP_RESOLUTION_0.25_KW,0,30,0,false,EDGE_CALIBRATION_COMPLETE
2010-12-21 11:30:00,E0009,VMAX30,NONE,componentwise_nonpositive,19,CAL_003894,COMMITTED_D0_AC,CAL_003894,5.5,2103.14275996892,0.00015,PASS_AT_SEARCH_POINTS,PASS_AT_SEARCH_POINTS,NOT_SEPARATELY_PREREGISTERED,PASS_AT_SEARCH_POINTS,NO_ADDITIONAL_FEASIBILITY_CROSSING_DETECTED_AT_RETREAT_SWEEP_RESOLUTION_0.25_KW,0,30,0,false,EDGE_CALIBRATION_COMPLETE
2010-12-21 11:30:00,E0010,VMAX30,NONE,componentwise_nonpositive,14,CAL_003911,COMMITTED_D0_AC,CAL_003911,5.25,2097.28115080479,0.00015,PASS_AT_SEARCH_POINTS,PASS_AT_SEARCH_POINTS,NOT_SEPARATELY_PREREGISTERED,PASS_AT_SEARCH_POINTS,NO_ADDITIONAL_FEASIBILITY_CROSSING_DETECTED_AT_RETREAT_SWEEP_RESOLUTION_0.25_KW,0,25,0,false,EDGE_CALIBRATION_COMPLETE
2010-12-21 11:30:00,E0011,VMAX30,NONE,componentwise_nonpositive,5,CAL_003920,COMMITTED_D0_AC,CAL_003920,5,2093.42985643226,0.00015,PASS_AT_SEARCH_POINTS,PASS_AT_SEARCH_POINTS,NOT_SEPARATELY_PREREGISTERED,PASS_AT_SEARCH_POINTS,NO_ADDITIONAL_FEASIBILITY_CROSSING_DETECTED_AT_RETREAT_SWEEP_RESOLUTION_0.25_KW,0,16,0,false,EDGE_CALIBRATION_COMPLETE
2010-12-21 11:30:00,E0012,VMAX30,NONE,componentwise_nonpositive,19,CAL_003935,COMMITTED_D0_AC,CAL_003935,5.5,2083.84888834979,0.00015,PASS_AT_SEARCH_POINTS,PASS_AT_SEARCH_POINTS,NOT_SEPARATELY_PREREGISTERED,PASS_AT_SEARCH_POINTS,NO_ADDITIONAL_FEASIBILITY_CROSSING_DETECTED_AT_RETREAT_SWEEP_RESOLUTION_0.25_KW,0,30,0,false,EDGE_CALIBRATION_COMPLETE
2010-12-21 11:30:00,E0013,VMAX30,NONE,componentwise_nonpositive,9,CAL_003951,COMMITTED_D0_AC,CAL_003951,5,2068.81540880075,0.00015,PASS_AT_SEARCH_POINTS,PASS_AT_SEARCH_POINTS,NOT_SEPARATELY_PREREGISTERED,PASS_AT_SEARCH_POINTS,NO_ADDITIONAL_FEASIBILITY_CROSSING_DETECTED_AT_RETREAT_SWEEP_RESOLUTION_0.25_KW,0,20,0,false,EDGE_CALIBRATION_COMPLETE
2010-12-21 11:30:00,E0014,VMAX30,NONE,componentwise_nonpositive,9,CAL_003960,COMMITTED_D0_AC,CAL_003960,5.25,2056.06351211958,0.00015,PASS_AT_SEARCH_POINTS,PASS_AT_SEARCH_POINTS,NOT_SEPARATELY_PREREGISTERED,PASS_AT_SEARCH_POINTS,NO_ADDITIONAL_FEASIBILITY_CROSSING_DETECTED_AT_RETREAT_SWEEP_RESOLUTION_0.25_KW,0,20,0,false,EDGE_CALIBRATION_COMPLETE
2010-12-21 11:30:00,E0015,VMAX30,NONE,componentwise_nonpositive,9,CAL_003971,COMMITTED_D0_AC,CAL_003971,5.25,2035.15101133243,0.00015,PASS_AT_SEARCH_POINTS,PASS_AT_SEARCH_POINTS,NOT_SEPARATELY_PREREGISTERED,PASS_AT_SEARCH_POINTS,NO_ADDITIONAL_FEASIBILITY_CROSSING_DETECTED_AT_RETREAT_SWEEP_RESOLUTION_0.25_KW,0,20,0,false,EDGE_CALIBRATION_COMPLETE
2010-12-21 11:30:00,E0016,VMAX30,NONE,componentwise_nonpositive,9,CAL_003980,COMMITTED_D0_AC,CAL_003980,5.5,2010.4919148235,0.00015,PASS_AT_SEARCH_POINTS,PASS_AT_SEARCH_POINTS,NOT_SEPARATELY_PREREGISTERED,PASS_AT_SEARCH_POINTS,NO_ADDITIONAL_FEASIBILITY_CROSSING_DETECTED_AT_RETREAT_SWEEP_RESOLUTION_0.25_KW,0,20,0,false,EDGE_CALIBRATION_COMPLETE
2010-12-21 11:30:00,E0017,VMAX30,NONE,componentwise_nonpositive,9,CAL_003991,COMMITTED_D0_AC,CAL_003991,5.75,1966.42576617558,0.00015,PASS_AT_SEARCH_POINTS,PASS_AT_SEARCH_POINTS,NOT_SEPARATELY_PREREGISTERED,PASS_AT_SEARCH_POINTS,NO_ADDITIONAL_FEASIBILITY_CROSSING_DETECTED_AT_RETREAT_SWEEP_RESOLUTION_0.25_KW,0,20,0,false,EDGE_CALIBRATION_COMPLETE
2010-12-21 11:30:00,E0018,VMAX30,ADJACENT_TO_GUARD_LIMITED_EDGE,componentwise_nonpositive,9,CAL_004000,COMMITTED_D0_AC,CAL_004000,6.75,1897.12972375996,0.00015,PASS_AT_SEARCH_POINTS,PASS_AT_SEARCH_POINTS,NOT_SEPARATELY_PREREGISTERED,PASS_AT_SEARCH_POINTS,NO_ADDITIONAL_FEASIBILITY_CROSSING_DETECTED_AT_RETREAT_SWEEP_RESOLUTION_0.25_KW,0,20,0,false,EDGE_CALIBRATION_COMPLETE
2010-12-21 11:30:00,E0019,CLASS_TRANSITION,CROSSES_GUARD_LIMITED_RAY,mixed_sign,20,CAL_004006,COMMITTED_D0_AC,CAL_004006,NaN,3083.20086830409,0.00015,BLOCKED,BLOCKED,NOT_SEPARATELY_PREREGISTERED,BLOCKED,NO_ADDITIONAL_FEASIBILITY_CROSSING_DETECTED_AT_RETREAT_SWEEP_RESOLUTION_0.25_KW,0,14,0,false,LOCAL_PARALLEL_EDGE_REPAIR_INSUFFICIENT
2010-12-21 11:30:00,E0020,VMIN18,ADJACENT_TO_GUARD_LIMITED_EDGE,componentwise_positive,10,CAL_004027,COMMITTED_D0_AC,CAL_004027,2.5,1563.62544416887,0.00015,PASS_AT_SEARCH_POINTS,PASS_AT_SEARCH_POINTS,NOT_SEPARATELY_PREREGISTERED,PASS_AT_SEARCH_POINTS,NO_ADDITIONAL_FEASIBILITY_CROSSING_DETECTED_AT_RETREAT_SWEEP_RESOLUTION_0.25_KW,0,19,0,false,EDGE_CALIBRATION_COMPLETE
2010-12-21 11:30:00,E0021,VMIN18,NONE,componentwise_positive,11,CAL_004048,COMMITTED_D0_AC,CAL_004048,2.5,1542.6796037259,0.00015,PASS_AT_SEARCH_POINTS,PASS_AT_SEARCH_POINTS,NOT_SEPARATELY_PREREGISTERED,PASS_AT_SEARCH_POINTS,NO_ADDITIONAL_FEASIBILITY_CROSSING_DETECTED_AT_RETREAT_SWEEP_RESOLUTION_0.25_KW,0,20,0,false,EDGE_CALIBRATION_COMPLETE
2010-12-21 11:30:00,E0022,VMIN18,NONE,componentwise_positive,9,CAL_004050,COMMITTED_D0_AC,CAL_004050,2.5,3403.60716008243,0.00015,PASS_AT_SEARCH_POINTS,PASS_AT_SEARCH_POINTS,NOT_SEPARATELY_PREREGISTERED,PASS_AT_SEARCH_POINTS,NO_ADDITIONAL_FEASIBILITY_CROSSING_DETECTED_AT_RETREAT_SWEEP_RESOLUTION_0.25_KW,0,18,0,false,EDGE_CALIBRATION_COMPLETE
2010-12-21 11:30:00,E0023,VMIN18,NONE,componentwise_positive,9,CAL_004068,COMMITTED_D0_AC,CAL_004068,2.5,3375.52313709525,0.00015,PASS_AT_SEARCH_POINTS,PASS_AT_SEARCH_POINTS,NOT_SEPARATELY_PREREGISTERED,PASS_AT_SEARCH_POINTS,NO_ADDITIONAL_FEASIBILITY_CROSSING_DETECTED_AT_RETREAT_SWEEP_RESOLUTION_0.25_KW,0,18,0,false,EDGE_CALIBRATION_COMPLETE
2010-12-21 11:30:00,E0024,VMIN18,NONE,componentwise_positive,10,CAL_004070,COMMITTED_D0_AC,CAL_004070,2.5,3348.77191438426,0.00015,PASS_AT_SEARCH_POINTS,PASS_AT_SEARCH_POINTS,NOT_SEPARATELY_PREREGISTERED,PASS_AT_SEARCH_POINTS,NO_ADDITIONAL_FEASIBILITY_CROSSING_DETECTED_AT_RETREAT_SWEEP_RESOLUTION_0.25_KW,0,19,0,false,EDGE_CALIBRATION_COMPLETE
2010-12-21 11:30:00,E0025,VMIN18,NONE,componentwise_positive,10,CAL_004081,COMMITTED_D0_AC,CAL_004081,2.5,3327.09692973254,0.00015,PASS_AT_SEARCH_POINTS,PASS_AT_SEARCH_POINTS,NOT_SEPARATELY_PREREGISTERED,PASS_AT_SEARCH_POINTS,NO_ADDITIONAL_FEASIBILITY_CROSSING_DETECTED_AT_RETREAT_SWEEP_RESOLUTION_0.25_KW,0,19,0,false,EDGE_CALIBRATION_COMPLETE
2010-12-21 11:30:00,E0026,VMIN18,NONE,componentwise_positive,14,CAL_004105,COMMITTED_D0_AC,CAL_004105,2.5,3305.30310832936,0.00015,PASS_AT_SEARCH_POINTS,PASS_AT_SEARCH_POINTS,NOT_SEPARATELY_PREREGISTERED,PASS_AT_SEARCH_POINTS,NO_ADDITIONAL_FEASIBILITY_CROSSING_DETECTED_AT_RETREAT_SWEEP_RESOLUTION_0.25_KW,0,23,0,false,EDGE_CALIBRATION_COMPLETE
2010-12-21 11:30:00,E0027,VMIN18,NONE,componentwise_positive,5,CAL_004107,COMMITTED_D0_AC,CAL_004107,2.5,3284.80586354813,0.00015,PASS_AT_SEARCH_POINTS,PASS_AT_SEARCH_POINTS,NOT_SEPARATELY_PREREGISTERED,PASS_AT_SEARCH_POINTS,NO_ADDITIONAL_FEASIBILITY_CROSSING_DETECTED_AT_RETREAT_SWEEP_RESOLUTION_0.25_KW,0,14,0,false,EDGE_CALIBRATION_COMPLETE
2010-12-21 11:30:00,E0028,VMIN18,NONE,componentwise_positive,19,CAL_004131,COMMITTED_D0_AC,CAL_004131,2.5,3267.61117133318,0.00015,PASS_AT_SEARCH_POINTS,PASS_AT_SEARCH_POINTS,NOT_SEPARATELY_PREREGISTERED,PASS_AT_SEARCH_POINTS,NO_ADDITIONAL_FEASIBILITY_CROSSING_DETECTED_AT_RETREAT_SWEEP_RESOLUTION_0.25_KW,0,28,0,false,EDGE_CALIBRATION_COMPLETE
2010-12-21 11:30:00,E0029,VMIN18,NONE,componentwise_positive,20,CAL_004133,COMMITTED_D0_AC,CAL_004133,2.5,3239.65795393279,0.00015,PASS_AT_SEARCH_POINTS,PASS_AT_SEARCH_POINTS,NOT_SEPARATELY_PREREGISTERED,PASS_AT_SEARCH_POINTS,NO_ADDITIONAL_FEASIBILITY_CROSSING_DETECTED_AT_RETREAT_SWEEP_RESOLUTION_0.25_KW,0,29,0,false,EDGE_CALIBRATION_COMPLETE
2010-12-21 11:30:00,E0030,VMIN18,NONE,componentwise_positive,20,CAL_004154,COMMITTED_D0_AC,CAL_004154,2.5,3214.16087007457,0.00015,PASS_AT_SEARCH_POINTS,PASS_AT_SEARCH_POINTS,NOT_SEPARATELY_PREREGISTERED,PASS_AT_SEARCH_POINTS,NO_ADDITIONAL_FEASIBILITY_CROSSING_DETECTED_AT_RETREAT_SWEEP_RESOLUTION_0.25_KW,0,29,0,false,EDGE_CALIBRATION_COMPLETE
2010-12-21 11:30:00,E0031,VMIN18,NONE,componentwise_positive,20,CAL_004175,COMMITTED_D0_AC,CAL_004175,2.5,3190.62618414645,0.00015,PASS_AT_SEARCH_POINTS,PASS_AT_SEARCH_POINTS,NOT_SEPARATELY_PREREGISTERED,PASS_AT_SEARCH_POINTS,NO_ADDITIONAL_FEASIBILITY_CROSSING_DETECTED_AT_RETREAT_SWEEP_RESOLUTION_0.25_KW,0,29,0,false,EDGE_CALIBRATION_COMPLETE
2010-12-21 11:30:00,E0032,VMIN18,NONE,componentwise_positive,21,CAL_004196,COMMITTED_D0_AC,CAL_004196,2.5,3165.49750986598,0.00015,PASS_AT_SEARCH_POINTS,PASS_AT_SEARCH_POINTS,NOT_SEPARATELY_PREREGISTERED,PASS_AT_SEARCH_POINTS,NO_ADDITIONAL_FEASIBILITY_CROSSING_DETECTED_AT_RETREAT_SWEEP_RESOLUTION_0.25_KW,0,30,0,false,EDGE_CALIBRATION_COMPLETE
2010-12-21 11:30:00,E0033,CLASS_TRANSITION,NONE,componentwise_positive,10,CAL_004227,COMMITTED_D0_AC,CAL_004227,3.5,2064.50019867669,0.00015,PASS_AT_SEARCH_POINTS,PASS_AT_SEARCH_POINTS,NOT_SEPARATELY_PREREGISTERED,PASS_AT_SEARCH_POINTS,NO_ADDITIONAL_FEASIBILITY_CROSSING_DETECTED_AT_RETREAT_SWEEP_RESOLUTION_0.25_KW,0,19,0,false,EDGE_CALIBRATION_COMPLETE
2010-12-21 11:30:00,E0034,VMIN33,NONE,componentwise_positive,10,CAL_004238,COMMITTED_D0_AC,CAL_004238,3.5,2731.78941316979,0.00015,PASS_AT_SEARCH_POINTS,PASS_AT_SEARCH_POINTS,NOT_SEPARATELY_PREREGISTERED,PASS_AT_SEARCH_POINTS,NO_ADDITIONAL_FEASIBILITY_CROSSING_DETECTED_AT_RETREAT_SWEEP_RESOLUTION_0.25_KW,0,19,0,false,EDGE_CALIBRATION_COMPLETE
2010-12-21 11:30:00,E0035,VMIN33,NONE,componentwise_positive,20,CAL_004259,COMMITTED_D0_AC,CAL_004259,3.5,2759.76780420658,0.00015,PASS_AT_SEARCH_POINTS,PASS_AT_SEARCH_POINTS,NOT_SEPARATELY_PREREGISTERED,PASS_AT_SEARCH_POINTS,NO_ADDITIONAL_FEASIBILITY_CROSSING_DETECTED_AT_RETREAT_SWEEP_RESOLUTION_0.25_KW,0,29,0,false,EDGE_CALIBRATION_COMPLETE
2010-12-21 11:30:00,E0036,VMIN33,NONE,componentwise_positive,19,CAL_004261,COMMITTED_D0_AC,CAL_004261,3.5,2795.44079246028,0.00015,PASS_AT_SEARCH_POINTS,PASS_AT_SEARCH_POINTS,NOT_SEPARATELY_PREREGISTERED,PASS_AT_SEARCH_POINTS,NO_ADDITIONAL_FEASIBILITY_CROSSING_DETECTED_AT_RETREAT_SWEEP_RESOLUTION_0.25_KW,0,28,0,false,EDGE_CALIBRATION_COMPLETE
2010-12-21 11:30:00,E0037,VMIN33,NONE,componentwise_positive,19,CAL_004299,COMMITTED_D0_AC,CAL_004299,3.5,2831.88319508108,0.00015,PASS_AT_SEARCH_POINTS,PASS_AT_SEARCH_POINTS,NOT_SEPARATELY_PREREGISTERED,PASS_AT_SEARCH_POINTS,NO_ADDITIONAL_FEASIBILITY_CROSSING_DETECTED_AT_RETREAT_SWEEP_RESOLUTION_0.25_KW,0,28,0,false,EDGE_CALIBRATION_COMPLETE
2010-12-21 11:30:00,E0038,VMIN33,NONE,componentwise_positive,5,CAL_004301,COMMITTED_D0_AC,CAL_004301,3.5,2859.57734531611,0.00015,PASS_AT_SEARCH_POINTS,PASS_AT_SEARCH_POINTS,NOT_SEPARATELY_PREREGISTERED,PASS_AT_SEARCH_POINTS,NO_ADDITIONAL_FEASIBILITY_CROSSING_DETECTED_AT_RETREAT_SWEEP_RESOLUTION_0.25_KW,0,14,0,false,EDGE_CALIBRATION_COMPLETE
2010-12-21 11:30:00,E0039,VMIN33,NONE,componentwise_positive,14,CAL_004320,COMMITTED_D0_AC,CAL_004320,3.5,2876.82071040272,0.00015,PASS_AT_SEARCH_POINTS,PASS_AT_SEARCH_POINTS,NOT_SEPARATELY_PREREGISTERED,PASS_AT_SEARCH_POINTS,NO_ADDITIONAL_FEASIBILITY_CROSSING_DETECTED_AT_RETREAT_SWEEP_RESOLUTION_0.25_KW,0,23,0,false,EDGE_CALIBRATION_COMPLETE
2010-12-21 11:30:00,E0040,VMIN33,NONE,componentwise_positive,20,CAL_004322,COMMITTED_D0_AC,CAL_004322,3.5,2921.00037661749,0.00015,PASS_AT_SEARCH_POINTS,PASS_AT_SEARCH_POINTS,NOT_SEPARATELY_PREREGISTERED,PASS_AT_SEARCH_POINTS,NO_ADDITIONAL_FEASIBILITY_CROSSING_DETECTED_AT_RETREAT_SWEEP_RESOLUTION_0.25_KW,0,29,0,false,EDGE_CALIBRATION_COMPLETE
2010-12-21 11:30:00,E0041,VMIN33,NONE,componentwise_positive,11,CAL_004353,COMMITTED_D0_AC,CAL_004353,3.5,2957.2873308331,0.00015,PASS_AT_SEARCH_POINTS,PASS_AT_SEARCH_POINTS,NOT_SEPARATELY_PREREGISTERED,PASS_AT_SEARCH_POINTS,NO_ADDITIONAL_FEASIBILITY_CROSSING_DETECTED_AT_RETREAT_SWEEP_RESOLUTION_0.25_KW,0,20,0,false,EDGE_CALIBRATION_COMPLETE
2010-12-21 11:30:00,E0042,VMIN33,NONE,componentwise_positive,9,CAL_004355,COMMITTED_D0_AC,CAL_004355,3.5,2994.76833451604,0.00015,PASS_AT_SEARCH_POINTS,PASS_AT_SEARCH_POINTS,NOT_SEPARATELY_PREREGISTERED,PASS_AT_SEARCH_POINTS,NO_ADDITIONAL_FEASIBILITY_CROSSING_DETECTED_AT_RETREAT_SWEEP_RESOLUTION_0.25_KW,0,18,0,false,EDGE_CALIBRATION_COMPLETE
2010-12-21 11:30:00,E0043,VMIN33,NONE,componentwise_positive,10,CAL_004374,COMMITTED_D0_AC,CAL_004374,3.5,3029.26542410829,0.00015,PASS_AT_SEARCH_POINTS,PASS_AT_SEARCH_POINTS,NOT_SEPARATELY_PREREGISTERED,PASS_AT_SEARCH_POINTS,NO_ADDITIONAL_FEASIBILITY_CROSSING_DETECTED_AT_RETREAT_SWEEP_RESOLUTION_0.25_KW,0,19,0,false,EDGE_CALIBRATION_COMPLETE
2010-12-21 11:30:00,E0044,VMIN33,NONE,componentwise_positive,10,CAL_004385,COMMITTED_D0_AC,CAL_004385,3.5,3078.64375535887,0.00015,PASS_AT_SEARCH_POINTS,PASS_AT_SEARCH_POINTS,NOT_SEPARATELY_PREREGISTERED,PASS_AT_SEARCH_POINTS,NO_ADDITIONAL_FEASIBILITY_CROSSING_DETECTED_AT_RETREAT_SWEEP_RESOLUTION_0.25_KW,0,19,0,false,EDGE_CALIBRATION_COMPLETE
2010-12-21 11:30:00,E0045,VMIN33,ADJACENT_TO_GUARD_LIMITED_EDGE,componentwise_positive,10,CAL_004396,COMMITTED_D0_AC,CAL_004396,3.25,3134.77503139412,0.00015,PASS_AT_SEARCH_POINTS,PASS_AT_SEARCH_POINTS,NOT_SEPARATELY_PREREGISTERED,PASS_AT_SEARCH_POINTS,NO_ADDITIONAL_FEASIBILITY_CROSSING_DETECTED_AT_RETREAT_SWEEP_RESOLUTION_0.25_KW,0,19,0,false,EDGE_CALIBRATION_COMPLETE
2010-12-21 11:30:00,E0046,CLASS_TRANSITION,CROSSES_GUARD_LIMITED_RAY,mixed_sign,19,CAL_004398,COMMITTED_D0_AC,CAL_004398,0,6163.59433576356,0.00015,PASS_AT_SEARCH_POINTS,PASS_AT_SEARCH_POINTS,NOT_SEPARATELY_PREREGISTERED,PASS_AT_SEARCH_POINTS,NO_ADDITIONAL_FEASIBILITY_CROSSING_DETECTED_AT_RETREAT_SWEEP_RESOLUTION_0.25_KW,0,20,0,false,EDGE_CALIBRATION_COMPLETE
2010-12-21 11:30:00,E0047,VMAX13,ADJACENT_TO_GUARD_LIMITED_EDGE,componentwise_nonpositive,10,CAL_004423,COMMITTED_D0_AC,CAL_004423,6,3023.31149915415,0.00015,PASS_AT_SEARCH_POINTS,PASS_AT_SEARCH_POINTS,NOT_SEPARATELY_PREREGISTERED,PASS_AT_SEARCH_POINTS,NO_ADDITIONAL_FEASIBILITY_CROSSING_DETECTED_AT_RETREAT_SWEEP_RESOLUTION_0.25_KW,0,21,0,false,EDGE_CALIBRATION_COMPLETE
2010-12-21 11:30:00,E0048,VMAX13,NONE,componentwise_nonpositive,9,CAL_004433,COMMITTED_D0_AC,CAL_004433,4.75,1472.87519333702,0.00015,PASS_AT_SEARCH_POINTS,PASS_AT_SEARCH_POINTS,NOT_SEPARATELY_PREREGISTERED,PASS_AT_SEARCH_POINTS,NO_ADDITIONAL_FEASIBILITY_CROSSING_DETECTED_AT_RETREAT_SWEEP_RESOLUTION_0.25_KW,0,20,0,false,EDGE_CALIBRATION_COMPLETE
2010-12-21 11:30:00,E0049,VMAX13,NONE,componentwise_nonpositive,9,CAL_004443,COMMITTED_D0_AC,CAL_004443,4.25,1502.40735669385,0.00015,PASS_AT_SEARCH_POINTS,PASS_AT_SEARCH_POINTS,NOT_SEPARATELY_PREREGISTERED,PASS_AT_SEARCH_POINTS,NO_ADDITIONAL_FEASIBILITY_CROSSING_DETECTED_AT_RETREAT_SWEEP_RESOLUTION_0.25_KW,0,20,0,false,EDGE_CALIBRATION_COMPLETE
2010-12-21 11:30:00,E0050,VMAX13,NONE,componentwise_nonpositive,9,CAL_004453,COMMITTED_D0_AC,CAL_004453,4,1518.40196551244,0.00015,PASS_AT_SEARCH_POINTS,PASS_AT_SEARCH_POINTS,NOT_SEPARATELY_PREREGISTERED,PASS_AT_SEARCH_POINTS,NO_ADDITIONAL_FEASIBILITY_CROSSING_DETECTED_AT_RETREAT_SWEEP_RESOLUTION_0.25_KW,0,18,0,false,EDGE_CALIBRATION_COMPLETE
2010-12-21 11:30:00,E0051,VMAX13,NONE,componentwise_nonpositive,9,CAL_004463,COMMITTED_D0_AC,CAL_004463,4,1528.84287277312,0.00015,PASS_AT_SEARCH_POINTS,PASS_AT_SEARCH_POINTS,NOT_SEPARATELY_PREREGISTERED,PASS_AT_SEARCH_POINTS,NO_ADDITIONAL_FEASIBILITY_CROSSING_DETECTED_AT_RETREAT_SWEEP_RESOLUTION_0.25_KW,0,18,0,false,EDGE_CALIBRATION_COMPLETE
2010-12-21 11:30:00,E0052,VMAX13,NONE,componentwise_nonpositive,19,CAL_004478,COMMITTED_D0_AC,CAL_004478,4.5,1538.46266656052,0.00015,PASS_AT_SEARCH_POINTS,PASS_AT_SEARCH_POINTS,NOT_SEPARATELY_PREREGISTERED,PASS_AT_SEARCH_POINTS,NO_ADDITIONAL_FEASIBILITY_CROSSING_DETECTED_AT_RETREAT_SWEEP_RESOLUTION_0.25_KW,0,30,0,false,EDGE_CALIBRATION_COMPLETE
