lambda,termination_status,primal_status,c13_kw,c20_kw,c24_kw,c30_kw,total_hc_kw,normalized_hc,normalized_penalty_measure,weighted_penalty,objective_dimensionless,socp_vmin_pu,socp_vmax_pu,min_soc_gap_pu2,max_soc_gap_pu2,maximum_relative_soc_gap,maximum_branch_flow_residual,mean_active_losses_kw,max_active_losses_kw,max_reactive_losses_kvar,worst_gap_timestamp,worst_gap_interval,worst_gap_branch,ac_converged,ac_feasible,ac_vmin_pu,ac_vmax_pu,ac_undervoltage_count,ac_overvoltage_count,ac_undervoltage_intervals,ac_overvoltage_intervals,max_socp_ac_voltage_difference_pu,max_import_kw,max_export_kw,ac_max_active_losses_kw,approximately_exact,solve_time_seconds,wall_time_seconds
0.0,"OPTIMAL","FEASIBLE_POINT",7662.948430050176,97261.23003536812,99539.79214729652,35620.229496179854,240084.20010889467,64.62562587049655,20.473006780663912,0.0,64.62562587049655,0.9000000003696116,1.0499999995965827,-2.2630381906196817e-6,50.99685711245228,0.9998118495670432,7.489665693194425e-10,76057.22019016648,231852.84559409268,175255.28889185804,"2010-12-21 12:30:00",26,32,true,false,0.9745301763785033,1.753127961764745,0,753,0,25,0.7678524059283556,1151.9116436137253,118258.09945302927,121111.59567305305,false,1.7587779000000001,8.794999837875366
1.0e-6,"OPTIMAL","FEASIBLE_POINT",7662.023407516106,97261.24568388642,99539.78564803736,35621.13672611583,240084.19146555572,64.62562354389118,20.377593812127408,2.0377593812127408e-5,64.62560316629738,0.9000000003563358,1.0499999996080132,2.979690583160277e-8,50.99783866222113,0.9998118871833759,7.138977672904723e-10,75702.76101205326,231852.85268989805,175255.05451717786,"2010-12-21 12:30:00",26,32,true,false,0.9745301738493918,1.7531326619920231,0,753,0,25,0.7678518165076605,1151.9116446930088,118257.95864964464,121111.72783309872,false,0.6275000000000001,0.7549998760223389
1.0e-5,"OPTIMAL","FEASIBLE_POINT",7662.100337989142,97261.2398353796,99539.78941535525,35621.06069324913,240084.19028197313,64.6256232252956,19.67761287773454,0.0001967761287773454,64.62542644916682,0.900000000341494,1.04999999961884,2.986905123236738e-8,50.99775623070408,0.9998118193139607,6.750765640939349e-10,73102.33184078369,231852.84895399224,175255.07085083125,"2010-12-21 12:30:00",26,32,true,false,0.9745301740598367,1.7531322673090834,0,753,0,25,0.7678518901178311,1151.9116447614667,118257.97033342328,121111.7149657375,false,0.39451420000000004,0.5360000133514404
0.0001,"OPTIMAL","FEASIBLE_POINT",7663.566098853017,97261.24369190072,99539.89616964526,35619.48416206552,240084.19012246453,64.62562318235922,18.216270710800494,0.0018216270710800495,64.62380155528813,0.9000000006265145,1.0499999992720954,-8.363106275055543e-6,50.996002867338554,0.9998122698718143,1.099087869327331e-9,67673.44569062385,231852.79833558374,175255.3093846616,"2010-12-21 12:30:00",26,32,true,false,0.9745301779351438,1.7531235261160818,0,753,0,25,0.7678532943002644,1151.9116444564838,118258.19646455428,121111.48867509779,false,0.4279702,0.5390000343322754
0.001,"OPTIMAL","FEASIBLE_POINT",7665.463706664698,97261.18046734475,99539.83755306718,35617.713167688475,240084.1948947651,64.62562446696234,17.378630493639395,0.017378630493639396,64.6082458364687,0.9000000004414239,1.049999999474517,-2.6869349909475204e-6,62.96642773713015,0.9998684282595226,9.141416512647993e-10,64561.61228387037,231852.79376893252,175255.86212406727,"2010-12-21 04:00:00",9,32,true,false,0.9745301832055656,1.7531147182788998,0,753,0,25,0.7678541236647559,1151.9116431769835,118258.47962512015,121111.21028683252,false,0.6069220000000001,0.753000020980835
0.01,"OPTIMAL","FEASIBLE_POINT",7664.263140221661,97261.18683941949,99539.77093252311,35618.97221342855,240084.1931255928,64.6256239907383,17.339551390847852,0.17339551390847852,64.45222847682984,0.9000000005468213,1.0499999994094051,-2.0767100394891713e-7,69.66140881770778,0.9998048081817081,9.650237345337764e-10,64416.43341699971,231852.82754907807,175255.64129192266,"2010-12-21 15:30:00",32,32,true,false,0.9745301800003601,1.7531215778481843,0,753,0,25,0.7678530790309852,1151.9116436438858,118258.29522422272,121111.39291855767,false,0.5146735,0.6740000247955322
0.1,"OPTIMAL","FEASIBLE_POINT",7683.588836920843,97260.73436514472,99539.79229334979,35600.06344540985,240084.1789408252,64.62562017249668,17.334866517316105,1.7334866517316105,62.89213352076505,0.9000000011404184,1.0499999993938711,8.04868847761513e-8,69.96188873158682,0.9997606546722919,5.950394899034706e-10,64399.02911182939,231852.5493199153,175260.47145763185,"2010-12-21 16:30:00",34,32,true,false,0.9745302328498684,1.7530236940962725,0,753,0,25,0.7678646131743903,1151.911637398228,118261.19831968973,121108.47563832306,false,0.5920981000000001,0.7720000743865967
1.0,"OPTIMAL","FEASIBLE_POINT",7977.548889145484,97253.65706278925,99539.76457715311,35309.639092765974,240080.60962185383,64.62465938677089,17.333039479750422,17.333039479750422,47.29161990702042,0.900000000290747,1.049999999679699,-5.789210888451635e-9,69.98472053900278,0.9995429609781644,6.46351278055235e-10,64392.24166727297,231845.07288125608,175334.73742919948,"2010-12-21 08:30:00",18,32,true,false,0.9745310332967999,1.7514906228467677,0,754,0,25,0.7680338100076379,1151.911830122638,118303.85073604471,121062.253902997,false,0.5350104,0.7000000476837158
10.0,"OPTIMAL","FEASIBLE_POINT",921.0356015173003,5793.645222520457,4273.396639102305,1536.6779685936756,12524.755431733738,3.3714011929296737,0.07301443304399542,0.7301443304399542,2.6412568624897186,0.9744289700645523,1.0499999999878493,3.8789652911369864e-10,2.067106598095352,0.9998150048455658,6.469654213813314e-13,271.2486187584433,1490.9825992255282,1988.7974245610453,"2010-12-21 11:30:00",24,32,true,false,0.9744289706218711,1.061939805779069,0,142,0,9,0.016681626470294253,1171.1493253093647,11119.295990960263,693.1984986998452,false,0.5287951000000001,0.6949999332427979
