timestamp,coordinate_semantics,units,center_p13_abs_kw,center_p30_abs_kw,s13_positive_kw,s13_negative_kw,s30_positive_kw,s30_negative_kw,alpha_outward_exclusion_sup,alpha_squared_geometric_area_retention,alpha1_guard_capped_candidate_area_kw2,area_at_sup_by_exact_scaling_kw2,verification_alpha_values,maximum_absolute_alpha_squared_identity_error_kw2,maximum_relative_alpha_squared_identity_error,identity,interpretation
2010-07-01 07:30:00,ABSOLUTE_PHYSICAL_P_PCC_HOMOTHETY_ABOUT_CERTIFIED_PRODUCTION_CENTER,kW center coordinates; kW^2 area; dimensionless alpha and retention,452.1875,614.6875,1595,1595,2294.6875,2294.6875,0.921013182665084,0.848265282642868,17475301.3324602,14823691.4240486,0.25;0.5;0.75;alpha_outward_exclusion_sup,3.72529029846191e-09,2.5130651953658e-16,AREA(c+alpha(K-c))=alpha^2*AREA(K),GEOMETRIC_CONSEQUENCE_NOT_ACCEPTED_FINAL_AREA_RETENTION_FACTOR
2010-07-02 17:30:00,ABSOLUTE_PHYSICAL_P_PCC_HOMOTHETY_ABOUT_CERTIFIED_PRODUCTION_CENTER,kW center coordinates; kW^2 area; dimensionless alpha and retention,889.53125,1223.90625,1603.90625,1603.90625,2314.53125,2314.53125,0.902865045732686,0.815165290805885,17672182.7218911,14405749.9676651,0.25;0.5;0.75;alpha_outward_exclusion_sup,1.86264514923096e-09,2.10799670707755e-16,AREA(c+alpha(K-c))=alpha^2*AREA(K),GEOMETRIC_CONSEQUENCE_NOT_ACCEPTED_FINAL_AREA_RETENTION_FACTOR
2010-07-02 18:00:00,ABSOLUTE_PHYSICAL_P_PCC_HOMOTHETY_ABOUT_CERTIFIED_PRODUCTION_CENTER,kW center coordinates; kW^2 area; dimensionless alpha and retention,825.234375,1134.53125,1602.578125,1602.578125,2311.71875,2311.71875,0.898109767619933,0.80660115469433,17740600.5652038,14309588.9008643,0.25;0.5;0.75;alpha_outward_exclusion_sup,0,0,AREA(c+alpha(K-c))=alpha^2*AREA(K),GEOMETRIC_CONSEQUENCE_NOT_ACCEPTED_FINAL_AREA_RETENTION_FACTOR
2010-07-03 00:00:00,ABSOLUTE_PHYSICAL_P_PCC_HOMOTHETY_ABOUT_CERTIFIED_PRODUCTION_CENTER,kW center coordinates; kW^2 area; dimensionless alpha and retention,59.6875,68.28125,1586.875,1586.875,2276.71875,2276.71875,0.901196779445671,0.81215563528325,17784951.4873339,14444148.5736775,0.25;0.5;0.75;alpha_outward_exclusion_sup,1.86264514923096e-09,1.28954997916968e-16,AREA(c+alpha(K-c))=alpha^2*AREA(K),GEOMETRIC_CONSEQUENCE_NOT_ACCEPTED_FINAL_AREA_RETENTION_FACTOR
2010-11-26 18:00:00,ABSOLUTE_PHYSICAL_P_PCC_HOMOTHETY_ABOUT_CERTIFIED_PRODUCTION_CENTER,kW center coordinates; kW^2 area; dimensionless alpha and retention,140.78125,181.25,1588.59375,1588.59375,2280.625,2280.625,0.905515366889146,0.819958079672385,17718837.97754,14528704.3620898,0.25;0.5;0.75;alpha_outward_exclusion_sup,1.86264514923096e-09,1.86884103708482e-16,AREA(c+alpha(K-c))=alpha^2*AREA(K),GEOMETRIC_CONSEQUENCE_NOT_ACCEPTED_FINAL_AREA_RETENTION_FACTOR
2010-12-21 11:30:00,ABSOLUTE_PHYSICAL_P_PCC_HOMOTHETY_ABOUT_CERTIFIED_PRODUCTION_CENTER,kW center coordinates; kW^2 area; dimensionless alpha and retention,-71.015625,-113.671875,1584.296875,1584.296875,2270.859375,2270.859375,0.8942563414279,0.799694404184013,17900186.3999423,14314678.8978846,0.25;0.5;0.75;alpha_outward_exclusion_sup,1.86264514923096e-09,2.08114609268757e-16,AREA(c+alpha(K-c))=alpha^2*AREA(K),GEOMETRIC_CONSEQUENCE_NOT_ACCEPTED_FINAL_AREA_RETENTION_FACTOR
2010-12-21 12:00:00,ABSOLUTE_PHYSICAL_P_PCC_HOMOTHETY_ABOUT_CERTIFIED_PRODUCTION_CENTER,kW center coordinates; kW^2 area; dimensionless alpha and retention,-62.109375,-101.25,1584.453125,1584.453125,2271.25,2271.25,0.894707981883652,0.800502372846317,17890728.2271214,14321570.3977592,0.25;0.5;0.75;alpha_outward_exclusion_sup,0,0,AREA(c+alpha(K-c))=alpha^2*AREA(K),GEOMETRIC_CONSEQUENCE_NOT_ACCEPTED_FINAL_AREA_RETENTION_FACTOR
2011-01-21 18:00:00,ABSOLUTE_PHYSICAL_P_PCC_HOMOTHETY_ABOUT_CERTIFIED_PRODUCTION_CENTER,kW center coordinates; kW^2 area; dimensionless alpha and retention,274.21875,366.875,1591.40625,1591.40625,2286.5625,2286.5625,0.912447598892942,0.832560620725496,17614426.7357186,14665078.0568136,0.25;0.5;0.75;alpha_outward_exclusion_sup,0,0,AREA(c+alpha(K-c))=alpha^2*AREA(K),GEOMETRIC_CONSEQUENCE_NOT_ACCEPTED_FINAL_AREA_RETENTION_FACTOR
2011-02-05 11:30:00,ABSOLUTE_PHYSICAL_P_PCC_HOMOTHETY_ABOUT_CERTIFIED_PRODUCTION_CENTER,kW center coordinates; kW^2 area; dimensionless alpha and retention,942.890625,1298.4375,1604.921875,1604.921875,2316.875,2316.875,0.906783206321022,0.822255783265833,17617411.5777601,14486018.5559877,0.25;0.5;0.75;alpha_outward_exclusion_sup,1.86264514923096e-09,2.11455030270432e-16,AREA(c+alpha(K-c))=alpha^2*AREA(K),GEOMETRIC_CONSEQUENCE_NOT_ACCEPTED_FINAL_AREA_RETENTION_FACTOR
2011-02-05 17:30:00,ABSOLUTE_PHYSICAL_P_PCC_HOMOTHETY_ABOUT_CERTIFIED_PRODUCTION_CENTER,kW center coordinates; kW^2 area; dimensionless alpha and retention,1316.25,1818.125,1612.5,1612.5,2333.75,2333.75,0.871353212215512,0.759256420438291,17944111.6493449,13624181.9788267,0.25;0.5;0.75;alpha_outward_exclusion_sup,1.86264514923096e-09,4.15210334315759e-16,AREA(c+alpha(K-c))=alpha^2*AREA(K),GEOMETRIC_CONSEQUENCE_NOT_ACCEPTED_FINAL_AREA_RETENTION_FACTOR
2011-02-05 18:00:00,ABSOLUTE_PHYSICAL_P_PCC_HOMOTHETY_ABOUT_CERTIFIED_PRODUCTION_CENTER,kW center coordinates; kW^2 area; dimensionless alpha and retention,1366.015625,1887.34375,1613.515625,1613.515625,2336.09375,2336.09375,0.877482551400515,0.769975628012358,17861616.3040622,13753009.2310361,0.25;0.5;0.75;alpha_outward_exclusion_sup,1.86264514923096e-09,2.08564008712621e-16,AREA(c+alpha(K-c))=alpha^2*AREA(K),GEOMETRIC_CONSEQUENCE_NOT_ACCEPTED_FINAL_AREA_RETENTION_FACTOR
2011-02-06 00:00:00,ABSOLUTE_PHYSICAL_P_PCC_HOMOTHETY_ABOUT_CERTIFIED_PRODUCTION_CENTER,kW center coordinates; kW^2 area; dimensionless alpha and retention,461.953125,628.59375,1595.234375,1595.234375,2295.15625,2295.15625,0.920774509861555,0.847825698010786,17470220.1848936,14811701.6226596,0.25;0.5;0.75;alpha_outward_exclusion_sup,0,0,AREA(c+alpha(K-c))=alpha^2*AREA(K),GEOMETRIC_CONSEQUENCE_NOT_ACCEPTED_FINAL_AREA_RETENTION_FACTOR
2011-03-04 18:00:00,ABSOLUTE_PHYSICAL_P_PCC_HOMOTHETY_ABOUT_CERTIFIED_PRODUCTION_CENTER,kW center coordinates; kW^2 area; dimensionless alpha and retention,140.703125,181.09375,1588.671875,1588.671875,2280.46875,2280.46875,0.905639630544916,0.820183140413533,17717698.4411894,14531757.5483947,0.25;0.5;0.75;alpha_outward_exclusion_sup,0,0,AREA(c+alpha(K-c))=alpha^2*AREA(K),GEOMETRIC_CONSEQUENCE_NOT_ACCEPTED_FINAL_AREA_RETENTION_FACTOR
2011-03-08 11:30:00,ABSOLUTE_PHYSICAL_P_PCC_HOMOTHETY_ABOUT_CERTIFIED_PRODUCTION_CENTER,kW center coordinates; kW^2 area; dimensionless alpha and retention,-74.53125,-118.75,1584.21875,1584.21875,2270.625,2270.625,0.894094729197158,0.79940538477814,17902322.6981922,14311213.1649708,0.25;0.5;0.75;alpha_outward_exclusion_sup,3.72529029846191e-09,2.60305695647118e-16,AREA(c+alpha(K-c))=alpha^2*AREA(K),GEOMETRIC_CONSEQUENCE_NOT_ACCEPTED_FINAL_AREA_RETENTION_FACTOR
2011-03-08 12:30:00,ABSOLUTE_PHYSICAL_P_PCC_HOMOTHETY_ABOUT_CERTIFIED_PRODUCTION_CENTER,kW center coordinates; kW^2 area; dimensionless alpha and retention,-47.03125,-80.390625,1584.84375,1584.84375,2271.953125,2271.953125,0.895521667262226,0.801959056536117,17877702.4430938,14337185.3842969,0.25;0.5;0.75;alpha_outward_exclusion_sup,0,0,AREA(c+alpha(K-c))=alpha^2*AREA(K),GEOMETRIC_CONSEQUENCE_NOT_ACCEPTED_FINAL_AREA_RETENTION_FACTOR
2011-05-11 17:30:00,ABSOLUTE_PHYSICAL_P_PCC_HOMOTHETY_ABOUT_CERTIFIED_PRODUCTION_CENTER,kW center coordinates; kW^2 area; dimensionless alpha and retention,638.359375,874.0625,1598.828125,1598.828125,2303.125,2303.125,0.88403984386504,0.781526445540924,17956719.6091838,14033651.2497404,0.25;0.5;0.75;alpha_outward_exclusion_sup,1.86264514923096e-09,2.07459401245908e-16,AREA(c+alpha(K-c))=alpha^2*AREA(K),GEOMETRIC_CONSEQUENCE_NOT_ACCEPTED_FINAL_AREA_RETENTION_FACTOR
2011-05-11 18:00:00,ABSOLUTE_PHYSICAL_P_PCC_HOMOTHETY_ABOUT_CERTIFIED_PRODUCTION_CENTER,kW center coordinates; kW^2 area; dimensionless alpha and retention,649.453125,889.765625,1598.984375,1598.984375,2303.671875,2303.671875,0.884876026095012,0.783005581557701,17941760.7399559,14048498.8023583,0.25;0.5;0.75;alpha_outward_exclusion_sup,2.3283064365387e-10,2.07632369668478e-16,AREA(c+alpha(K-c))=alpha^2*AREA(K),GEOMETRIC_CONSEQUENCE_NOT_ACCEPTED_FINAL_AREA_RETENTION_FACTOR
2011-05-16 07:30:00,ABSOLUTE_PHYSICAL_P_PCC_HOMOTHETY_ABOUT_CERTIFIED_PRODUCTION_CENTER,kW center coordinates; kW^2 area; dimensionless alpha and retention,302.109375,405.859375,1591.953125,1591.953125,2287.890625,2287.890625,0.913734936899013,0.834911534909843,17594689.3381449,14690009.0815724,0.25;0.5;0.75;alpha_outward_exclusion_sup,1.86264514923096e-09,1.26796732315674e-16,AREA(c+alpha(K-c))=alpha^2*AREA(K),GEOMETRIC_CONSEQUENCE_NOT_ACCEPTED_FINAL_AREA_RETENTION_FACTOR
2011-09-11 00:00:00,ABSOLUTE_PHYSICAL_P_PCC_HOMOTHETY_ABOUT_CERTIFIED_PRODUCTION_CENTER,kW center coordinates; kW^2 area; dimensionless alpha and retention,-21.25,-44.609375,1585.3125,1585.3125,2273.046875,2273.046875,0.896999457874606,0.804608027427338,17855436.6950282,14366627.6980403,0.25;0.5;0.75;alpha_outward_exclusion_sup,1.86264514923096e-09,2.08636190875086e-16,AREA(c+alpha(K-c))=alpha^2*AREA(K),GEOMETRIC_CONSEQUENCE_NOT_ACCEPTED_FINAL_AREA_RETENTION_FACTOR
2011-09-30 05:30:00,ABSOLUTE_PHYSICAL_P_PCC_HOMOTHETY_ABOUT_CERTIFIED_PRODUCTION_CENTER,kW center coordinates; kW^2 area; dimensionless alpha and retention,-103.28125,-158.75,1583.59375,1583.59375,2269.375,2269.375,0.910100176128113,0.828282330588422,17591084.2478851,14570384.2584155,0.25;0.5;0.75;alpha_outward_exclusion_sup,9.31322574615479e-10,2.11771500037572e-16,AREA(c+alpha(K-c))=alpha^2*AREA(K),GEOMETRIC_CONSEQUENCE_NOT_ACCEPTED_FINAL_AREA_RETENTION_FACTOR
2011-09-30 11:30:00,ABSOLUTE_PHYSICAL_P_PCC_HOMOTHETY_ABOUT_CERTIFIED_PRODUCTION_CENTER,kW center coordinates; kW^2 area; dimensionless alpha and retention,-35.3125,-64.0625,1585,1585,2272.5,2272.5,0.896168437947021,0.803117869172404,17867138.582222,14349418.2663622,0.25;0.5;0.75;alpha_outward_exclusion_sup,1.86264514923096e-09,1.29806317904703e-16,AREA(c+alpha(K-c))=alpha^2*AREA(K),GEOMETRIC_CONSEQUENCE_NOT_ACCEPTED_FINAL_AREA_RETENTION_FACTOR
2011-11-14 17:30:00,ABSOLUTE_PHYSICAL_P_PCC_HOMOTHETY_ABOUT_CERTIFIED_PRODUCTION_CENTER,kW center coordinates; kW^2 area; dimensionless alpha and retention,640.859375,877.65625,1598.828125,1598.828125,2303.28125,2303.28125,0.884189384415932,0.781790867513824,17953022.7481566,14035509.2287767,0.25;0.5;0.75;alpha_outward_exclusion_sup,1.86264514923096e-09,2.075021209921e-16,AREA(c+alpha(K-c))=alpha^2*AREA(K),GEOMETRIC_CONSEQUENCE_NOT_ACCEPTED_FINAL_AREA_RETENTION_FACTOR
2011-11-14 19:30:00,ABSOLUTE_PHYSICAL_P_PCC_HOMOTHETY_ABOUT_CERTIFIED_PRODUCTION_CENTER,kW center coordinates; kW^2 area; dimensionless alpha and retention,688.515625,943.984375,1599.765625,1599.765625,2305.390625,2305.390625,0.887926923731903,0.788414221888001,17893725.8757953,14107667.9630423,0.25;0.5;0.75;alpha_outward_exclusion_sup,0,0,AREA(c+alpha(K-c))=alpha^2*AREA(K),GEOMETRIC_CONSEQUENCE_NOT_ACCEPTED_FINAL_AREA_RETENTION_FACTOR
2011-12-15 05:30:00,ABSOLUTE_PHYSICAL_P_PCC_HOMOTHETY_ABOUT_CERTIFIED_PRODUCTION_CENTER,kW center coordinates; kW^2 area; dimensionless alpha and retention,-124.375,-188.125,1583.125,1583.125,2268.4375,2268.4375,0.910717547646523,0.829406451591297,17605123.4083452,14601802.9359425,0.25;0.5;0.75;alpha_outward_exclusion_sup,1.86264514923096e-09,2.11602623398598e-16,AREA(c+alpha(K-c))=alpha^2*AREA(K),GEOMETRIC_CONSEQUENCE_NOT_ACCEPTED_FINAL_AREA_RETENTION_FACTOR
2012-08-04 03:30:00,ABSOLUTE_PHYSICAL_P_PCC_HOMOTHETY_ABOUT_CERTIFIED_PRODUCTION_CENTER,kW center coordinates; kW^2 area; dimensionless alpha and retention,-133.046875,-200.15625,1583.046875,1583.046875,2267.96875,2267.96875,0.911038221284751,0.829990640641683,17609865.0153836,14616023.1457318,0.25;0.5;0.75;alpha_outward_exclusion_sup,0,0,AREA(c+alpha(K-c))=alpha^2*AREA(K),GEOMETRIC_CONSEQUENCE_NOT_ACCEPTED_FINAL_AREA_RETENTION_FACTOR
2012-08-05 23:30:00,ABSOLUTE_PHYSICAL_P_PCC_HOMOTHETY_ABOUT_CERTIFIED_PRODUCTION_CENTER,kW center coordinates; kW^2 area; dimensionless alpha and retention,-25.703125,-50.625,1585.234375,1585.234375,2272.8125,2272.8125,0.896667841194858,0.804013217433048,17859480.2913955,14359258.210767,0.25;0.5;0.75;alpha_outward_exclusion_sup,1.86264514923096e-09,1.85412402833679e-16,AREA(c+alpha(K-c))=alpha^2*AREA(K),GEOMETRIC_CONSEQUENCE_NOT_ACCEPTED_FINAL_AREA_RETENTION_FACTOR
2012-08-24 12:00:00,ABSOLUTE_PHYSICAL_P_PCC_HOMOTHETY_ABOUT_CERTIFIED_PRODUCTION_CENTER,kW center coordinates; kW^2 area; dimensionless alpha and retention,-75.15625,-119.6875,1584.21875,1584.21875,2270.625,2270.625,0.894104695407602,0.79942320634992,17902538.1103767,14311704.417999,0.25;0.5;0.75;alpha_outward_exclusion_sup,1.86264514923096e-09,1.30148380292736e-16,AREA(c+alpha(K-c))=alpha^2*AREA(K),GEOMETRIC_CONSEQUENCE_NOT_ACCEPTED_FINAL_AREA_RETENTION_FACTOR
2012-08-31 11:30:00,ABSOLUTE_PHYSICAL_P_PCC_HOMOTHETY_ABOUT_CERTIFIED_PRODUCTION_CENTER,kW center coordinates; kW^2 area; dimensionless alpha and retention,-91.40625,-142.109375,1583.90625,1583.90625,2269.921875,2269.921875,0.8931173480272,0.797658597347138,17919126.5051729,14293345.3138022,0.25;0.5;0.75;alpha_outward_exclusion_sup,1.86264514923096e-09,2.07894636905794e-16,AREA(c+alpha(K-c))=alpha^2*AREA(K),GEOMETRIC_CONSEQUENCE_NOT_ACCEPTED_FINAL_AREA_RETENTION_FACTOR
2012-09-03 07:00:00,ABSOLUTE_PHYSICAL_P_PCC_HOMOTHETY_ABOUT_CERTIFIED_PRODUCTION_CENTER,kW center coordinates; kW^2 area; dimensionless alpha and retention,216.953125,287.265625,1590.234375,1590.234375,2283.984375,2283.984375,0.909509076577866,0.827206760377523,17657816.6239415,14606665.284831,0.25;0.5;0.75;alpha_outward_exclusion_sup,1.86264514923096e-09,2.10971173718666e-16,AREA(c+alpha(K-c))=alpha^2*AREA(K),GEOMETRIC_CONSEQUENCE_NOT_ACCEPTED_FINAL_AREA_RETENTION_FACTOR
2012-10-15 13:00:00,ABSOLUTE_PHYSICAL_P_PCC_HOMOTHETY_ABOUT_CERTIFIED_PRODUCTION_CENTER,kW center coordinates; kW^2 area; dimensionless alpha and retention,-124.140625,-187.8125,1583.203125,1583.203125,2268.4375,2268.4375,0.910749034606787,0.829463804037195,17604851.7092395,14602587.2682565,0.25;0.5;0.75;alpha_outward_exclusion_sup,0,0,AREA(c+alpha(K-c))=alpha^2*AREA(K),GEOMETRIC_CONSEQUENCE_NOT_ACCEPTED_FINAL_AREA_RETENTION_FACTOR
2013-04-07 02:00:00,ABSOLUTE_PHYSICAL_P_PCC_HOMOTHETY_ABOUT_CERTIFIED_PRODUCTION_CENTER,kW center coordinates; kW^2 area; dimensionless alpha and retention,63.28125,73.359375,1587.03125,1587.03125,2276.953125,2276.953125,0.901525234076254,0.812747747676244,17781145.3586944,14451585.8413828,0.25;0.5;0.75;alpha_outward_exclusion_sup,1.86264514923096e-09,2.09507892956983e-16,AREA(c+alpha(K-c))=alpha^2*AREA(K),GEOMETRIC_CONSEQUENCE_NOT_ACCEPTED_FINAL_AREA_RETENTION_FACTOR
2013-04-17 05:30:00,ABSOLUTE_PHYSICAL_P_PCC_HOMOTHETY_ABOUT_CERTIFIED_PRODUCTION_CENTER,kW center coordinates; kW^2 area; dimensionless alpha and retention,-171.875,-254.296875,1582.1875,1582.1875,2266.171875,2266.171875,0.912196032794906,0.832101602246765,17637564.3892224,14676245.5880024,0.25;0.5;0.75;alpha_outward_exclusion_sup,0,0,AREA(c+alpha(K-c))=alpha^2*AREA(K),GEOMETRIC_CONSEQUENCE_NOT_ACCEPTED_FINAL_AREA_RETENTION_FACTOR
