population,scope,group_key,timestamp_scope,metric,count,min,q1,median,q3,max,mean,quantile_method
GENUINELY_CONCAVE_VERTICES,BINDING_FAMILY,VMAX,MULTIPLE_TIMESTAMPS,LOCAL_DEPTH_OVER_PHYSICAL_BRACKET_RATIO,717,0.070601810553017,2.09620081762037,3.53892139267326,5.39259684709935,19.8514718306294,4.13496239916751,LINEAR_TYPE7
GENUINELY_CONCAVE_VERTICES,BINDING_FAMILY,VMAX,MULTIPLE_TIMESTAMPS,LOCAL_DEPTH_OVER_POLYGON_DIAMETER,717,2.87671237481807e-06,0.000100039789414118,0.000156738135761944,0.000212507753586379,0.00118802234704382,0.000204278400014035,LINEAR_TYPE7
GENUINELY_CONCAVE_VERTICES,BINDING_FAMILY,VMAX,MULTIPLE_TIMESTAMPS,LOCAL_NEIGHBOR_CHORD_LINE_DEPTH_KW,717,0.0220630657978037,0.747525817101566,1.17450150597947,1.57948349866877,9.02245431931145,1.52960818832913,LINEAR_TYPE7
GENUINELY_CONCAVE_VERTICES,BINDING_FAMILY,VMAX,MULTIPLE_TIMESTAMPS,LOCAL_NEIGHBOR_CHORD_SEGMENT_DEPTH_KW,717,0.0220630657978178,0.747525817101625,1.17450150597952,1.5794834986687,9.02245431931105,1.52960818832913,LINEAR_TYPE7
GENUINELY_CONCAVE_VERTICES,BINDING_FAMILY,VMIN,MULTIPLE_TIMESTAMPS,LOCAL_DEPTH_OVER_PHYSICAL_BRACKET_RATIO,2,0.11832411414217,0.174251108047294,0.230178101952418,0.286105095857542,0.342032089762666,0.230178101952418,LINEAR_TYPE7
GENUINELY_CONCAVE_VERTICES,BINDING_FAMILY,VMIN,MULTIPLE_TIMESTAMPS,LOCAL_DEPTH_OVER_POLYGON_DIAMETER,2,2.43669199030808e-06,4.31102888724719e-06,6.18536578418629e-06,8.0597026811254e-06,9.9340395780645e-06,6.18536578418629e-06,LINEAR_TYPE7
GENUINELY_CONCAVE_VERTICES,BINDING_FAMILY,VMIN,MULTIPLE_TIMESTAMPS,LOCAL_NEIGHBOR_CHORD_LINE_DEPTH_KW,2,0.0186883110672039,0.0329609176378999,0.0472335242085959,0.061506130779292,0.075778737349988,0.0472335242085959,LINEAR_TYPE7
GENUINELY_CONCAVE_VERTICES,BINDING_FAMILY,VMIN,MULTIPLE_TIMESTAMPS,LOCAL_NEIGHBOR_CHORD_SEGMENT_DEPTH_KW,2,0.0186883110671024,0.0329609176378139,0.0472335242085255,0.0615061307792371,0.0757787373499487,0.0472335242085255,LINEAR_TYPE7
GENUINELY_CONCAVE_VERTICES,GLOBAL,ALL,MULTIPLE_TIMESTAMPS,LOCAL_DEPTH_OVER_PHYSICAL_BRACKET_RATIO,719,0.070601810553017,2.08107302477929,3.53673056479189,5.38545021364981,19.8514718306294,4.12410069041309,LINEAR_TYPE7
GENUINELY_CONCAVE_VERTICES,GLOBAL,ALL,MULTIPLE_TIMESTAMPS,LOCAL_DEPTH_OVER_POLYGON_DIAMETER,719,2.43669199030808e-06,9.97179449998145e-05,0.000156704085020876,0.000211817759896653,0.00118802234704382,0.00020372737627487,LINEAR_TYPE7
GENUINELY_CONCAVE_VERTICES,GLOBAL,ALL,MULTIPLE_TIMESTAMPS,LOCAL_NEIGHBOR_CHORD_LINE_DEPTH_KW,719,0.0186883110672039,0.746122748272739,1.17354010670547,1.57592685549802,9.02245431931145,1.52548475393658,LINEAR_TYPE7
GENUINELY_CONCAVE_VERTICES,GLOBAL,ALL,MULTIPLE_TIMESTAMPS,LOCAL_NEIGHBOR_CHORD_SEGMENT_DEPTH_KW,719,0.0186883110671024,0.74612274827274,1.17354010670541,1.57592685549802,9.02245431931105,1.52548475393658,LINEAR_TYPE7
GENUINELY_CONCAVE_VERTICES,PRIMARY_CLASS,VMAX_BUS_13,MULTIPLE_TIMESTAMPS,LOCAL_DEPTH_OVER_PHYSICAL_BRACKET_RATIO,363,0.070672789733133,2.59165065240984,4.07168046243216,5.92645190595869,19.8514718306294,4.7052970063908,LINEAR_TYPE7
GENUINELY_CONCAVE_VERTICES,PRIMARY_CLASS,VMAX_BUS_13,MULTIPLE_TIMESTAMPS,LOCAL_DEPTH_OVER_POLYGON_DIAMETER,363,3.13823037608253e-06,0.000104415055848139,0.00015954960434321,0.000212756011817597,0.000967939185679778,0.000202184653855421,LINEAR_TYPE7
GENUINELY_CONCAVE_VERTICES,PRIMARY_CLASS,VMAX_BUS_13,MULTIPLE_TIMESTAMPS,LOCAL_NEIGHBOR_CHORD_LINE_DEPTH_KW,363,0.0220852467916597,0.782887201764894,1.18845270514512,1.59106232292394,7.28586141087994,1.51372536320228,LINEAR_TYPE7
GENUINELY_CONCAVE_VERTICES,PRIMARY_CLASS,VMAX_BUS_13,MULTIPLE_TIMESTAMPS,LOCAL_NEIGHBOR_CHORD_SEGMENT_DEPTH_KW,363,0.0220852467916041,0.782887201764913,1.18845270514527,1.5910623229239,7.28586141087993,1.51372536320228,LINEAR_TYPE7
GENUINELY_CONCAVE_VERTICES,PRIMARY_CLASS,VMAX_BUS_30,MULTIPLE_TIMESTAMPS,LOCAL_DEPTH_OVER_PHYSICAL_BRACKET_RATIO,354,0.070601810553017,1.80146329668159,2.9436173086461,4.22834645730811,16.827899029643,3.55012775955718,LINEAR_TYPE7
GENUINELY_CONCAVE_VERTICES,PRIMARY_CLASS,VMAX_BUS_30,MULTIPLE_TIMESTAMPS,LOCAL_DEPTH_OVER_POLYGON_DIAMETER,354,2.87671237481807e-06,9.47045265091505e-05,0.000150263026187624,0.000210722774014857,0.00118802234704382,0.000206425377007191,LINEAR_TYPE7
GENUINELY_CONCAVE_VERTICES,PRIMARY_CLASS,VMAX_BUS_30,MULTIPLE_TIMESTAMPS,LOCAL_NEIGHBOR_CHORD_LINE_DEPTH_KW,354,0.0220630657978037,0.708753866223822,1.12844987102219,1.57158013194288,9.02245431931145,1.5458948140948,LINEAR_TYPE7
GENUINELY_CONCAVE_VERTICES,PRIMARY_CLASS,VMAX_BUS_30,MULTIPLE_TIMESTAMPS,LOCAL_NEIGHBOR_CHORD_SEGMENT_DEPTH_KW,354,0.0220630657978178,0.708753866223809,1.12844987102204,1.57158013194291,9.02245431931105,1.5458948140948,LINEAR_TYPE7
GENUINELY_CONCAVE_VERTICES,PRIMARY_CLASS,VMIN_BUS_18,MULTIPLE_TIMESTAMPS,LOCAL_DEPTH_OVER_PHYSICAL_BRACKET_RATIO,1,0.11832411414217,0.11832411414217,0.11832411414217,0.11832411414217,0.11832411414217,0.11832411414217,LINEAR_TYPE7
GENUINELY_CONCAVE_VERTICES,PRIMARY_CLASS,VMIN_BUS_18,MULTIPLE_TIMESTAMPS,LOCAL_DEPTH_OVER_POLYGON_DIAMETER,1,2.43669199030808e-06,2.43669199030808e-06,2.43669199030808e-06,2.43669199030808e-06,2.43669199030808e-06,2.43669199030808e-06,LINEAR_TYPE7
GENUINELY_CONCAVE_VERTICES,PRIMARY_CLASS,VMIN_BUS_18,MULTIPLE_TIMESTAMPS,LOCAL_NEIGHBOR_CHORD_LINE_DEPTH_KW,1,0.0186883110672039,0.0186883110672039,0.0186883110672039,0.0186883110672039,0.0186883110672039,0.0186883110672039,LINEAR_TYPE7
GENUINELY_CONCAVE_VERTICES,PRIMARY_CLASS,VMIN_BUS_18,MULTIPLE_TIMESTAMPS,LOCAL_NEIGHBOR_CHORD_SEGMENT_DEPTH_KW,1,0.0186883110671024,0.0186883110671024,0.0186883110671024,0.0186883110671024,0.0186883110671024,0.0186883110671024,LINEAR_TYPE7
GENUINELY_CONCAVE_VERTICES,PRIMARY_CLASS,VMIN_BUS_33,MULTIPLE_TIMESTAMPS,LOCAL_DEPTH_OVER_PHYSICAL_BRACKET_RATIO,1,0.342032089762666,0.342032089762666,0.342032089762666,0.342032089762666,0.342032089762666,0.342032089762666,LINEAR_TYPE7
GENUINELY_CONCAVE_VERTICES,PRIMARY_CLASS,VMIN_BUS_33,MULTIPLE_TIMESTAMPS,LOCAL_DEPTH_OVER_POLYGON_DIAMETER,1,9.9340395780645e-06,9.9340395780645e-06,9.9340395780645e-06,9.9340395780645e-06,9.9340395780645e-06,9.9340395780645e-06,LINEAR_TYPE7
GENUINELY_CONCAVE_VERTICES,PRIMARY_CLASS,VMIN_BUS_33,MULTIPLE_TIMESTAMPS,LOCAL_NEIGHBOR_CHORD_LINE_DEPTH_KW,1,0.075778737349988,0.075778737349988,0.075778737349988,0.075778737349988,0.075778737349988,0.075778737349988,LINEAR_TYPE7
GENUINELY_CONCAVE_VERTICES,PRIMARY_CLASS,VMIN_BUS_33,MULTIPLE_TIMESTAMPS,LOCAL_NEIGHBOR_CHORD_SEGMENT_DEPTH_KW,1,0.0757787373499487,0.0757787373499487,0.0757787373499487,0.0757787373499487,0.0757787373499487,0.0757787373499487,LINEAR_TYPE7
GENUINELY_CONCAVE_VERTICES,SEARCH_KIND,AXIS,MULTIPLE_TIMESTAMPS,LOCAL_DEPTH_OVER_PHYSICAL_BRACKET_RATIO,61,0.070601810553017,0.801836318770004,1.10554675676872,1.37260718167981,5.4369271441737,1.24185034329329,LINEAR_TYPE7
GENUINELY_CONCAVE_VERTICES,SEARCH_KIND,AXIS,MULTIPLE_TIMESTAMPS,LOCAL_DEPTH_OVER_POLYGON_DIAMETER,61,2.87671237481807e-06,2.75861966865244e-05,4.49633914106752e-05,5.17646085482535e-05,0.000164426394926709,4.4392372562049e-05,LINEAR_TYPE7
GENUINELY_CONCAVE_VERTICES,SEARCH_KIND,AXIS,MULTIPLE_TIMESTAMPS,LOCAL_NEIGHBOR_CHORD_LINE_DEPTH_KW,61,0.0220630657978037,0.207646522513878,0.337861591731317,0.387396539310015,1.24873883122365,0.333056885675941,LINEAR_TYPE7
GENUINELY_CONCAVE_VERTICES,SEARCH_KIND,AXIS,MULTIPLE_TIMESTAMPS,LOCAL_NEIGHBOR_CHORD_SEGMENT_DEPTH_KW,61,0.0220630657978178,0.207646522513848,0.337861591731496,0.387396539310091,1.24873883122379,0.33305688567595,LINEAR_TYPE7
GENUINELY_CONCAVE_VERTICES,SEARCH_KIND,RAY,MULTIPLE_TIMESTAMPS,LOCAL_DEPTH_OVER_PHYSICAL_BRACKET_RATIO,658,0.117439661919635,2.39766175127784,3.73415790832804,5.58581833230007,19.8514718306294,4.39130019067799,LINEAR_TYPE7
GENUINELY_CONCAVE_VERTICES,SEARCH_KIND,RAY,MULTIPLE_TIMESTAMPS,LOCAL_DEPTH_OVER_POLYGON_DIAMETER,658,2.43669199030808e-06,0.000109489829694621,0.000164095106013252,0.00022156514442331,0.00118802234704382,0.000218498554430618,LINEAR_TYPE7
GENUINELY_CONCAVE_VERTICES,SEARCH_KIND,RAY,MULTIPLE_TIMESTAMPS,LOCAL_NEIGHBOR_CHORD_LINE_DEPTH_KW,658,0.0186883110672039,0.825489567595217,1.2210104586799,1.65614042346897,9.02245431931145,1.63602897880573,LINEAR_TYPE7
GENUINELY_CONCAVE_VERTICES,SEARCH_KIND,RAY,MULTIPLE_TIMESTAMPS,LOCAL_NEIGHBOR_CHORD_SEGMENT_DEPTH_KW,658,0.0186883110671024,0.825489567595219,1.22101045867981,1.65614042346902,9.02245431931105,1.63602897880573,LINEAR_TYPE7
GENUINELY_CONCAVE_VERTICES,TIMESTAMP,2010-07-01 07:30:00,2010-07-01 07:30:00,LOCAL_DEPTH_OVER_PHYSICAL_BRACKET_RATIO,20,0.360899248369107,2.83466213316217,3.58348919833836,5.43125504887159,10.7519442519314,4.06485689511027,LINEAR_TYPE7
GENUINELY_CONCAVE_VERTICES,TIMESTAMP,2010-07-01 07:30:00,2010-07-01 07:30:00,LOCAL_DEPTH_OVER_POLYGON_DIAMETER,20,2.9466187636961e-05,0.000139738263149245,0.000164628348757614,0.000216442504919067,0.000535687296764319,0.000196914906397031,LINEAR_TYPE7
GENUINELY_CONCAVE_VERTICES,TIMESTAMP,2010-07-01 07:30:00,2010-07-01 07:30:00,LOCAL_NEIGHBOR_CHORD_LINE_DEPTH_KW,20,0.207422187659561,0.983663601116866,1.15887310129129,1.52360999074416,3.7708790959061,1.38614880115692,LINEAR_TYPE7
GENUINELY_CONCAVE_VERTICES,TIMESTAMP,2010-07-01 07:30:00,2010-07-01 07:30:00,LOCAL_NEIGHBOR_CHORD_SEGMENT_DEPTH_KW,20,0.207422187659503,0.983663601116775,1.15887310129128,1.52360999074415,3.77087909590601,1.38614880115692,LINEAR_TYPE7
GENUINELY_CONCAVE_VERTICES,TIMESTAMP,2010-07-02 17:30:00,2010-07-02 17:30:00,LOCAL_DEPTH_OVER_PHYSICAL_BRACKET_RATIO,24,0.498133058908463,1.59749090884433,2.16727264962327,3.05911772684662,7.38213603224685,2.71858587395835,LINEAR_TYPE7
GENUINELY_CONCAVE_VERTICES,TIMESTAMP,2010-07-02 17:30:00,2010-07-02 17:30:00,LOCAL_DEPTH_OVER_POLYGON_DIAMETER,24,2.80665110717857e-05,9.0524334886632e-05,0.000103524903997062,0.000134907491148353,0.000732858256598025,0.000162689867185444,LINEAR_TYPE7
GENUINELY_CONCAVE_VERTICES,TIMESTAMP,2010-07-02 17:30:00,2010-07-02 17:30:00,LOCAL_NEIGHBOR_CHORD_LINE_DEPTH_KW,24,0.210044460194733,0.677466999982062,0.774760800199779,1.00962214655149,5.48457257522311,1.21754019388963,LINEAR_TYPE7
GENUINELY_CONCAVE_VERTICES,TIMESTAMP,2010-07-02 17:30:00,2010-07-02 17:30:00,LOCAL_NEIGHBOR_CHORD_SEGMENT_DEPTH_KW,24,0.210044460194898,0.67746699998202,0.774760800199739,1.00962214655136,5.48457257522293,1.21754019388959,LINEAR_TYPE7
GENUINELY_CONCAVE_VERTICES,TIMESTAMP,2010-07-02 18:00:00,2010-07-02 18:00:00,LOCAL_DEPTH_OVER_PHYSICAL_BRACKET_RATIO,24,0.734390221319957,1.68539688491181,2.65264540250755,4.81404087363046,8.05933030103323,3.41495337781771,LINEAR_TYPE7
GENUINELY_CONCAVE_VERTICES,TIMESTAMP,2010-07-02 18:00:00,2010-07-02 18:00:00,LOCAL_DEPTH_OVER_POLYGON_DIAMETER,24,3.08068601123851e-05,8.88000858986766e-05,0.00011164335856152,0.000150534869522332,0.000788515774437719,0.000176252983491296,LINEAR_TYPE7
GENUINELY_CONCAVE_VERTICES,TIMESTAMP,2010-07-02 18:00:00,2010-07-02 18:00:00,LOCAL_NEIGHBOR_CHORD_LINE_DEPTH_KW,24,0.229496944162486,0.661519813469191,0.831691692448954,1.12141556845581,5.87407999378099,1.31300369343749,LINEAR_TYPE7
GENUINELY_CONCAVE_VERTICES,TIMESTAMP,2010-07-02 18:00:00,2010-07-02 18:00:00,LOCAL_NEIGHBOR_CHORD_SEGMENT_DEPTH_KW,24,0.229496944162487,0.661519813469067,0.831691692448884,1.12141556845597,5.87407999378106,1.31300369343749,LINEAR_TYPE7
GENUINELY_CONCAVE_VERTICES,TIMESTAMP,2010-07-03 00:00:00,2010-07-03 00:00:00,LOCAL_DEPTH_OVER_PHYSICAL_BRACKET_RATIO,22,0.508198610646167,2.08662520778171,3.77648379158484,5.9904767432663,8.42176880267239,3.97022239516344,LINEAR_TYPE7
GENUINELY_CONCAVE_VERTICES,TIMESTAMP,2010-07-03 00:00:00,2010-07-03 00:00:00,LOCAL_DEPTH_OVER_POLYGON_DIAMETER,22,1.05404151434285e-05,0.00011988439342639,0.000166116913554193,0.000223449963788662,0.00076730146744467,0.000215857555948265,LINEAR_TYPE7
GENUINELY_CONCAVE_VERTICES,TIMESTAMP,2010-07-03 00:00:00,2010-07-03 00:00:00,LOCAL_NEIGHBOR_CHORD_LINE_DEPTH_KW,22,0.0787546544263161,0.895738341130244,1.24117313628532,1.66954758804836,5.73303433376142,1.6128195135278,LINEAR_TYPE7
GENUINELY_CONCAVE_VERTICES,TIMESTAMP,2010-07-03 00:00:00,2010-07-03 00:00:00,LOCAL_NEIGHBOR_CHORD_SEGMENT_DEPTH_KW,22,0.0787546544262705,0.895738341130216,1.24117313628539,1.6695475880483,5.73303433376152,1.61281951352776,LINEAR_TYPE7
GENUINELY_CONCAVE_VERTICES,TIMESTAMP,2010-11-26 18:00:00,2010-11-26 18:00:00,LOCAL_DEPTH_OVER_PHYSICAL_BRACKET_RATIO,22,1.11228731221906,2.44201668099905,4.02082391929022,5.89925049226255,9.2547815036398,4.29884340208221,LINEAR_TYPE7
GENUINELY_CONCAVE_VERTICES,TIMESTAMP,2010-11-26 18:00:00,2010-11-26 18:00:00,LOCAL_DEPTH_OVER_POLYGON_DIAMETER,22,4.66255925805479e-05,0.000122313925729234,0.000156123288231391,0.000217185713881368,0.000704145511862926,0.000208255930777561,LINEAR_TYPE7
GENUINELY_CONCAVE_VERTICES,TIMESTAMP,2010-11-26 18:00:00,2010-11-26 18:00:00,LOCAL_NEIGHBOR_CHORD_LINE_DEPTH_KW,22,0.347589785068622,0.911839803036413,1.1638856944666,1.6191008291754,5.24934426736845,1.55253006368019,LINEAR_TYPE7
GENUINELY_CONCAVE_VERTICES,TIMESTAMP,2010-11-26 18:00:00,2010-11-26 18:00:00,LOCAL_NEIGHBOR_CHORD_SEGMENT_DEPTH_KW,22,0.347589785068456,0.911839803036425,1.16388569446665,1.61910082917549,5.24934426736837,1.55253006368017,LINEAR_TYPE7
GENUINELY_CONCAVE_VERTICES,TIMESTAMP,2010-12-21 11:30:00,2010-12-21 11:30:00,LOCAL_DEPTH_OVER_PHYSICAL_BRACKET_RATIO,22,0.805903572428701,3.14219228493697,3.89870970849468,7.44902579729205,18.0559697778017,5.64371199211368,LINEAR_TYPE7
GENUINELY_CONCAVE_VERTICES,TIMESTAMP,2010-12-21 11:30:00,2010-12-21 11:30:00,LOCAL_DEPTH_OVER_POLYGON_DIAMETER,22,3.35775926373142e-05,0.000121032330452015,0.000178737826079616,0.000227001071693007,0.000837361982717726,0.000233370843663733,LINEAR_TYPE7
GENUINELY_CONCAVE_VERTICES,TIMESTAMP,2010-12-21 11:30:00,2010-12-21 11:30:00,LOCAL_NEIGHBOR_CHORD_LINE_DEPTH_KW,22,0.251844866384138,0.907789055042375,1.34060247895085,1.70259539410859,6.28053711087706,1.75037113515675,LINEAR_TYPE7
GENUINELY_CONCAVE_VERTICES,TIMESTAMP,2010-12-21 11:30:00,2010-12-21 11:30:00,LOCAL_NEIGHBOR_CHORD_SEGMENT_DEPTH_KW,22,0.251844866383969,0.907789055042457,1.34060247895075,1.70259539410851,6.28053711087697,1.75037113515676,LINEAR_TYPE7
GENUINELY_CONCAVE_VERTICES,TIMESTAMP,2010-12-21 12:00:00,2010-12-21 12:00:00,LOCAL_DEPTH_OVER_PHYSICAL_BRACKET_RATIO,22,0.39060786154505,2.44843519469071,3.77366197259298,6.51383977146983,9.44861031162648,4.50911384022676,LINEAR_TYPE7
GENUINELY_CONCAVE_VERTICES,TIMESTAMP,2010-12-21 12:00:00,2010-12-21 12:00:00,LOCAL_DEPTH_OVER_POLYGON_DIAMETER,22,1.62792143052128e-05,0.000127370947613427,0.000168645944382785,0.000238953254732824,0.000838766080050376,0.000232350910672755,LINEAR_TYPE7
GENUINELY_CONCAVE_VERTICES,TIMESTAMP,2010-12-21 12:00:00,2010-12-21 12:00:00,LOCAL_NEIGHBOR_CHORD_LINE_DEPTH_KW,22,0.122064956732948,0.955054028895968,1.26454259513366,1.79172152619122,6.2892436545618,1.74221576830162,LINEAR_TYPE7
GENUINELY_CONCAVE_VERTICES,TIMESTAMP,2010-12-21 12:00:00,2010-12-21 12:00:00,LOCAL_NEIGHBOR_CHORD_SEGMENT_DEPTH_KW,22,0.122064956732828,0.955054028895841,1.26454259513371,1.79172152619127,6.28924365456191,1.74221576830162,LINEAR_TYPE7
GENUINELY_CONCAVE_VERTICES,TIMESTAMP,2011-01-21 18:00:00,2011-01-21 18:00:00,LOCAL_DEPTH_OVER_PHYSICAL_BRACKET_RATIO,22,0.342032089762666,2.25752529105296,3.53296247317235,5.30333709599164,13.018705784711,3.86103063128106,LINEAR_TYPE7
GENUINELY_CONCAVE_VERTICES,TIMESTAMP,2011-01-21 18:00:00,2011-01-21 18:00:00,LOCAL_DEPTH_OVER_POLYGON_DIAMETER,22,9.9340395780645e-06,0.000107492778523606,0.000153012184352332,0.000205314871719531,0.000596888922073513,0.00018428864453216,LINEAR_TYPE7
GENUINELY_CONCAVE_VERTICES,TIMESTAMP,2011-01-21 18:00:00,2011-01-21 18:00:00,LOCAL_NEIGHBOR_CHORD_LINE_DEPTH_KW,22,0.075778737349988,0.819975294717235,1.1672059526499,1.56618076823735,4.55318186498674,1.40578872077552,LINEAR_TYPE7
GENUINELY_CONCAVE_VERTICES,TIMESTAMP,2011-01-21 18:00:00,2011-01-21 18:00:00,LOCAL_NEIGHBOR_CHORD_SEGMENT_DEPTH_KW,22,0.0757787373499487,0.819975294717278,1.16720595264997,1.56618076823729,4.55318186498663,1.40578872077551,LINEAR_TYPE7
GENUINELY_CONCAVE_VERTICES,TIMESTAMP,2011-02-05 11:30:00,2011-02-05 11:30:00,LOCAL_DEPTH_OVER_PHYSICAL_BRACKET_RATIO,23,0.401934669873728,1.66253350273628,2.40651593695702,3.5707803377641,13.1825989613585,3.3150995405852,LINEAR_TYPE7
GENUINELY_CONCAVE_VERTICES,TIMESTAMP,2011-02-05 11:30:00,2011-02-05 11:30:00,LOCAL_DEPTH_OVER_POLYGON_DIAMETER,23,3.76044995849677e-05,7.64447303205581e-05,0.000106239710100622,0.000138472015649134,0.000692710237564294,0.00015497417178139,LINEAR_TYPE7
GENUINELY_CONCAVE_VERTICES,TIMESTAMP,2011-02-05 11:30:00,2011-02-05 11:30:00,LOCAL_NEIGHBOR_CHORD_LINE_DEPTH_KW,23,0.284080950075969,0.577497157452994,0.802581555778335,1.0460785863045,5.23303818921696,1.17074314092123,LINEAR_TYPE7
GENUINELY_CONCAVE_VERTICES,TIMESTAMP,2011-02-05 11:30:00,2011-02-05 11:30:00,LOCAL_NEIGHBOR_CHORD_SEGMENT_DEPTH_KW,23,0.284080950075851,0.577497157452868,0.802581555778299,1.04607858630431,5.23303818921706,1.17074314092121,LINEAR_TYPE7
GENUINELY_CONCAVE_VERTICES,TIMESTAMP,2011-02-05 17:30:00,2011-02-05 17:30:00,LOCAL_DEPTH_OVER_PHYSICAL_BRACKET_RATIO,27,0.561645847278306,1.23346071194954,1.70517302305547,3.20394095054548,11.5152911538908,2.52444604685705,LINEAR_TYPE7
GENUINELY_CONCAVE_VERTICES,TIMESTAMP,2011-02-05 17:30:00,2011-02-05 17:30:00,LOCAL_DEPTH_OVER_POLYGON_DIAMETER,27,3.06747564071489e-05,5.95745123848281e-05,7.98040350455613e-05,0.00015338436628848,0.00118802234704382,0.00015203524156078,LINEAR_TYPE7
GENUINELY_CONCAVE_VERTICES,TIMESTAMP,2011-02-05 17:30:00,2011-02-05 17:30:00,LOCAL_NEIGHBOR_CHORD_LINE_DEPTH_KW,27,0.232959917907397,0.452439567256509,0.606072993901877,1.16487997181005,9.02245431931145,1.1546340229381,LINEAR_TYPE7
GENUINELY_CONCAVE_VERTICES,TIMESTAMP,2011-02-05 17:30:00,2011-02-05 17:30:00,LOCAL_NEIGHBOR_CHORD_SEGMENT_DEPTH_KW,27,0.232959917907409,0.45243956725632,0.606072993901957,1.1648799718102,9.02245431931105,1.1546340229381,LINEAR_TYPE7
GENUINELY_CONCAVE_VERTICES,TIMESTAMP,2011-02-05 18:00:00,2011-02-05 18:00:00,LOCAL_DEPTH_OVER_PHYSICAL_BRACKET_RATIO,27,0.294751694008574,1.13634406453768,1.92750225868937,2.5689044761552,10.6107385492309,2.30563265117081,LINEAR_TYPE7
GENUINELY_CONCAVE_VERTICES,TIMESTAMP,2011-02-05 18:00:00,2011-02-05 18:00:00,LOCAL_DEPTH_OVER_POLYGON_DIAMETER,27,1.21859136859418e-05,5.68369939559916e-05,7.66994829776023e-05,0.000120738127090847,0.00110085620675585,0.000136527550108762,LINEAR_TYPE7
GENUINELY_CONCAVE_VERTICES,TIMESTAMP,2011-02-05 18:00:00,2011-02-05 18:00:00,LOCAL_NEIGHBOR_CHORD_LINE_DEPTH_KW,27,0.0921099043776876,0.429614899081431,0.579749883756104,0.912625645289915,8.32106336473027,1.03197346621161,LINEAR_TYPE7
GENUINELY_CONCAVE_VERTICES,TIMESTAMP,2011-02-05 18:00:00,2011-02-05 18:00:00,LOCAL_NEIGHBOR_CHORD_SEGMENT_DEPTH_KW,27,0.0921099043776794,0.429614899081447,0.579749883755915,0.912625645289766,8.32106336473032,1.03197346621161,LINEAR_TYPE7
GENUINELY_CONCAVE_VERTICES,TIMESTAMP,2011-02-06 00:00:00,2011-02-06 00:00:00,LOCAL_DEPTH_OVER_PHYSICAL_BRACKET_RATIO,22,0.070672789733133,1.86227794798223,3.27139380731483,5.32972081331958,10.6078870663295,3.8579353241495,LINEAR_TYPE7
GENUINELY_CONCAVE_VERTICES,TIMESTAMP,2011-02-06 00:00:00,2011-02-06 00:00:00,LOCAL_DEPTH_OVER_POLYGON_DIAMETER,22,3.13823037608253e-06,0.000100134970243964,0.000150770197114259,0.000214941351245092,0.000528738612139278,0.000177328844227798,LINEAR_TYPE7
GENUINELY_CONCAVE_VERTICES,TIMESTAMP,2011-02-06 00:00:00,2011-02-06 00:00:00,LOCAL_NEIGHBOR_CHORD_LINE_DEPTH_KW,22,0.0220852467916597,0.704698274276495,1.06104288501727,1.51264637043451,3.72098964637611,1.24794894533195,LINEAR_TYPE7
GENUINELY_CONCAVE_VERTICES,TIMESTAMP,2011-02-06 00:00:00,2011-02-06 00:00:00,LOCAL_NEIGHBOR_CHORD_SEGMENT_DEPTH_KW,22,0.0220852467916041,0.704698274276632,1.06104288501719,1.51264637043455,3.72098964637613,1.24794894533193,LINEAR_TYPE7
GENUINELY_CONCAVE_VERTICES,TIMESTAMP,2011-03-04 18:00:00,2011-03-04 18:00:00,LOCAL_DEPTH_OVER_PHYSICAL_BRACKET_RATIO,22,1.70753335334596,2.39355636668666,3.64767493961626,5.89203735129929,14.6911993229658,4.6596981236371,LINEAR_TYPE7
GENUINELY_CONCAVE_VERTICES,TIMESTAMP,2011-03-04 18:00:00,2011-03-04 18:00:00,LOCAL_DEPTH_OVER_POLYGON_DIAMETER,22,6.91282591721902e-05,0.000109076409684363,0.000168131137886687,0.000200872198773183,0.000687727815957174,0.00020814488039091,LINEAR_TYPE7
GENUINELY_CONCAVE_VERTICES,TIMESTAMP,2011-03-04 18:00:00,2011-03-04 18:00:00,LOCAL_NEIGHBOR_CHORD_LINE_DEPTH_KW,22,0.515381356840437,0.813212262185949,1.25349104705931,1.49758995228466,5.12731116289066,1.55181096934627,LINEAR_TYPE7
GENUINELY_CONCAVE_VERTICES,TIMESTAMP,2011-03-04 18:00:00,2011-03-04 18:00:00,LOCAL_NEIGHBOR_CHORD_SEGMENT_DEPTH_KW,22,0.515381356840234,0.813212262185873,1.25349104705927,1.49758995228469,5.1273111628908,1.55181096934625,LINEAR_TYPE7
GENUINELY_CONCAVE_VERTICES,TIMESTAMP,2011-03-08 11:30:00,2011-03-08 11:30:00,LOCAL_DEPTH_OVER_PHYSICAL_BRACKET_RATIO,22,0.525373959753565,2.80956152935077,4.26642878003056,6.58225786925794,9.32457827352009,4.60744635838944,LINEAR_TYPE7
GENUINELY_CONCAVE_VERTICES,TIMESTAMP,2011-03-08 11:30:00,2011-03-08 11:30:00,LOCAL_DEPTH_OVER_POLYGON_DIAMETER,22,2.18866520873831e-05,0.000134959712650259,0.000167172839528794,0.000234711624741373,0.000864699056501988,0.000236646021971381,LINEAR_TYPE7
GENUINELY_CONCAVE_VERTICES,TIMESTAMP,2011-03-08 11:30:00,2011-03-08 11:30:00,LOCAL_NEIGHBOR_CHORD_LINE_DEPTH_KW,22,0.164179362422985,1.0123795767047,1.25402140531573,1.76065323967566,6.48640729598376,1.77516382368938,LINEAR_TYPE7
GENUINELY_CONCAVE_VERTICES,TIMESTAMP,2011-03-08 11:30:00,2011-03-08 11:30:00,LOCAL_NEIGHBOR_CHORD_SEGMENT_DEPTH_KW,22,0.164179362422989,1.01237957670476,1.2540214053158,1.76065323967554,6.48640729598361,1.77516382368937,LINEAR_TYPE7
GENUINELY_CONCAVE_VERTICES,TIMESTAMP,2011-03-08 12:30:00,2011-03-08 12:30:00,LOCAL_DEPTH_OVER_PHYSICAL_BRACKET_RATIO,22,0.868857525163656,2.29594451785022,4.36860472057965,7.54811147658167,17.7301765541646,5.59773594879385,LINEAR_TYPE7
GENUINELY_CONCAVE_VERTICES,TIMESTAMP,2011-03-08 12:30:00,2011-03-08 12:30:00,LOCAL_DEPTH_OVER_POLYGON_DIAMETER,22,1.8711433769153e-05,0.000131998569303524,0.000179204546584683,0.000235152748931344,0.000823170358869936,0.000229836410797117,LINEAR_TYPE7
GENUINELY_CONCAVE_VERTICES,TIMESTAMP,2011-03-08 12:30:00,2011-03-08 12:30:00,LOCAL_NEIGHBOR_CHORD_LINE_DEPTH_KW,22,0.140242720143315,0.989332973760524,1.34314309556172,1.76247643906841,6.16968489393004,1.72263033585997,LINEAR_TYPE7
GENUINELY_CONCAVE_VERTICES,TIMESTAMP,2011-03-08 12:30:00,2011-03-08 12:30:00,LOCAL_NEIGHBOR_CHORD_SEGMENT_DEPTH_KW,22,0.140242720143374,0.989332973760559,1.34314309556159,1.76247643906854,6.16968489393013,1.72263033585997,LINEAR_TYPE7
GENUINELY_CONCAVE_VERTICES,TIMESTAMP,2011-05-11 17:30:00,2011-05-11 17:30:00,LOCAL_DEPTH_OVER_PHYSICAL_BRACKET_RATIO,24,0.211503462634088,1.70894880789902,3.15874746338033,4.48878004151545,19.8514718306294,4.1518129421733,LINEAR_TYPE7
GENUINELY_CONCAVE_VERTICES,TIMESTAMP,2011-05-11 17:30:00,2011-05-11 17:30:00,LOCAL_DEPTH_OVER_POLYGON_DIAMETER,24,1.22480722318323e-05,8.87642253849788e-05,0.000137279757698446,0.000188483050001407,0.000957991989553366,0.000210225233852442,LINEAR_TYPE7
GENUINELY_CONCAVE_VERTICES,TIMESTAMP,2011-05-11 17:30:00,2011-05-11 17:30:00,LOCAL_NEIGHBOR_CHORD_LINE_DEPTH_KW,24,0.092212379546697,0.668281529242366,1.03354167752667,1.41903723425625,7.21245917489862,1.58272817855307,LINEAR_TYPE7
GENUINELY_CONCAVE_VERTICES,TIMESTAMP,2011-05-11 17:30:00,2011-05-11 17:30:00,LOCAL_NEIGHBOR_CHORD_SEGMENT_DEPTH_KW,24,0.0922123795466016,0.668281529242356,1.03354167752657,1.41903723425631,7.21245917489852,1.58272817855307,LINEAR_TYPE7
GENUINELY_CONCAVE_VERTICES,TIMESTAMP,2011-05-11 18:00:00,2011-05-11 18:00:00,LOCAL_DEPTH_OVER_PHYSICAL_BRACKET_RATIO,24,0.226350381122589,1.77885674021148,3.60111116012979,4.72482702680845,16.827899029643,4.1672069315484,LINEAR_TYPE7
GENUINELY_CONCAVE_VERTICES,TIMESTAMP,2011-05-11 18:00:00,2011-05-11 18:00:00,LOCAL_DEPTH_OVER_POLYGON_DIAMETER,24,9.96957630553937e-06,9.04456751996612e-05,0.000122202673815465,0.000182585019135244,0.000943785203012522,0.000207758125373704,LINEAR_TYPE7
GENUINELY_CONCAVE_VERTICES,TIMESTAMP,2011-05-11 18:00:00,2011-05-11 18:00:00,LOCAL_NEIGHBOR_CHORD_LINE_DEPTH_KW,24,0.075005170342943,0.680459536818268,0.919380331219274,1.37366123119165,7.10047927311251,1.56304873007968,LINEAR_TYPE7
GENUINELY_CONCAVE_VERTICES,TIMESTAMP,2011-05-11 18:00:00,2011-05-11 18:00:00,LOCAL_NEIGHBOR_CHORD_SEGMENT_DEPTH_KW,24,0.0750051703430419,0.680459536818301,0.919380331219426,1.37366123119167,7.10047927311258,1.56304873007967,LINEAR_TYPE7
GENUINELY_CONCAVE_VERTICES,TIMESTAMP,2011-05-16 07:30:00,2011-05-16 07:30:00,LOCAL_DEPTH_OVER_PHYSICAL_BRACKET_RATIO,22,0.070601810553017,2.30887879800587,3.63405687460341,5.80614896404516,12.5984933388518,4.15487116456319,LINEAR_TYPE7
GENUINELY_CONCAVE_VERTICES,TIMESTAMP,2011-05-16 07:30:00,2011-05-16 07:30:00,LOCAL_DEPTH_OVER_POLYGON_DIAMETER,22,2.43669199030808e-06,9.85584900981331e-05,0.000155453521137279,0.000215560831755099,0.000574761369285404,0.000179739700251512,LINEAR_TYPE7
GENUINELY_CONCAVE_VERTICES,TIMESTAMP,2011-05-16 07:30:00,2011-05-16 07:30:00,LOCAL_NEIGHBOR_CHORD_LINE_DEPTH_KW,22,0.0186883110672039,0.755898459298067,1.19225727791827,1.65325280903196,4.40815634527595,1.37852114373439,LINEAR_TYPE7
GENUINELY_CONCAVE_VERTICES,TIMESTAMP,2011-05-16 07:30:00,2011-05-16 07:30:00,LOCAL_NEIGHBOR_CHORD_SEGMENT_DEPTH_KW,22,0.0186883110671024,0.755898459298075,1.19225727791822,1.653252809032,4.40815634527581,1.37852114373442,LINEAR_TYPE7
GENUINELY_CONCAVE_VERTICES,TIMESTAMP,2011-09-11 00:00:00,2011-09-11 00:00:00,LOCAL_DEPTH_OVER_PHYSICAL_BRACKET_RATIO,22,0.324143549126248,2.16812646144141,3.6448828203105,5.57101345913503,12.8385534588749,4.38867073969478,LINEAR_TYPE7
GENUINELY_CONCAVE_VERTICES,TIMESTAMP,2011-09-11 00:00:00,2011-09-11 00:00:00,LOCAL_DEPTH_OVER_POLYGON_DIAMETER,22,1.35241644684691e-05,0.000124480081542879,0.000177781714008513,0.000224520510048591,0.00081396488032644,0.000222639463734893,LINEAR_TYPE7
GENUINELY_CONCAVE_VERTICES,TIMESTAMP,2011-09-11 00:00:00,2011-09-11 00:00:00,LOCAL_NEIGHBOR_CHORD_LINE_DEPTH_KW,22,0.101294859101913,0.932345384462209,1.33157014715276,1.68163981471054,6.09652877697804,1.66755093537494,LINEAR_TYPE7
GENUINELY_CONCAVE_VERTICES,TIMESTAMP,2011-09-11 00:00:00,2011-09-11 00:00:00,LOCAL_NEIGHBOR_CHORD_SEGMENT_DEPTH_KW,22,0.101294859101953,0.932345384462254,1.33157014715265,1.6816398147105,6.09652877697796,1.66755093537496,LINEAR_TYPE7
GENUINELY_CONCAVE_VERTICES,TIMESTAMP,2011-09-30 05:30:00,2011-09-30 05:30:00,LOCAL_DEPTH_OVER_PHYSICAL_BRACKET_RATIO,21,1.1372814104328,2.79929130445162,3.88449807291909,4.21714205379618,13.6557085664901,4.2978986606195,LINEAR_TYPE7
GENUINELY_CONCAVE_VERTICES,TIMESTAMP,2011-09-30 05:30:00,2011-09-30 05:30:00,LOCAL_DEPTH_OVER_POLYGON_DIAMETER,21,4.73394504623259e-05,0.000124328852313668,0.000167985206217757,0.000225069211357072,0.000735039569548375,0.000210033376141259,LINEAR_TYPE7
GENUINELY_CONCAVE_VERTICES,TIMESTAMP,2011-09-30 05:30:00,2011-09-30 05:30:00,LOCAL_NEIGHBOR_CHORD_LINE_DEPTH_KW,21,0.355400440760081,0.933397588690951,1.26114721966415,1.68970480511862,5.51830205975085,1.57682342583107,LINEAR_TYPE7
GENUINELY_CONCAVE_VERTICES,TIMESTAMP,2011-09-30 05:30:00,2011-09-30 05:30:00,LOCAL_NEIGHBOR_CHORD_SEGMENT_DEPTH_KW,21,0.35540044076025,0.933397588691036,1.26114721966418,1.68970480511858,5.51830205975066,1.57682342583111,LINEAR_TYPE7
GENUINELY_CONCAVE_VERTICES,TIMESTAMP,2011-09-30 11:30:00,2011-09-30 11:30:00,LOCAL_DEPTH_OVER_PHYSICAL_BRACKET_RATIO,21,0.510152614507309,3.14216710956305,3.889771895427,6.85557090563707,17.8335046802891,5.3457513476525,LINEAR_TYPE7
GENUINELY_CONCAVE_VERTICES,TIMESTAMP,2011-09-30 11:30:00,2011-09-30 11:30:00,LOCAL_DEPTH_OVER_POLYGON_DIAMETER,21,2.12779688649243e-05,0.000168255945125593,0.000184694692168663,0.000231830566386291,0.000828389438995651,0.000238552723406761,LINEAR_TYPE7
GENUINELY_CONCAVE_VERTICES,TIMESTAMP,2011-09-30 11:30:00,2011-09-30 11:30:00,LOCAL_NEIGHBOR_CHORD_LINE_DEPTH_KW,21,0.15942269203359,1.26063798160677,1.38380337036644,1.73696339268022,6.20661094370404,1.78732836761167,LINEAR_TYPE7
GENUINELY_CONCAVE_VERTICES,TIMESTAMP,2011-09-30 11:30:00,2011-09-30 11:30:00,LOCAL_NEIGHBOR_CHORD_SEGMENT_DEPTH_KW,21,0.159422692033534,1.26063798160671,1.38380337036638,1.73696339268015,6.20661094370417,1.78732836761166,LINEAR_TYPE7
GENUINELY_CONCAVE_VERTICES,TIMESTAMP,2011-11-14 17:30:00,2011-11-14 17:30:00,LOCAL_DEPTH_OVER_PHYSICAL_BRACKET_RATIO,24,0.434640027445015,1.57562926525539,2.59821919004115,4.42251779977957,10.0264084968903,3.40958976622609,LINEAR_TYPE7
GENUINELY_CONCAVE_VERTICES,TIMESTAMP,2011-11-14 17:30:00,2011-11-14 17:30:00,LOCAL_DEPTH_OVER_POLYGON_DIAMETER,24,1.80445853664232e-05,7.73587477216988e-05,0.00014091211639621,0.000192983290748501,0.000967939185679778,0.000209110960105472,LINEAR_TYPE7
GENUINELY_CONCAVE_VERTICES,TIMESTAMP,2011-11-14 17:30:00,2011-11-14 17:30:00,LOCAL_NEIGHBOR_CHORD_LINE_DEPTH_KW,24,0.135825008576533,0.582293932468335,1.06067216449716,1.45262174712108,7.28586141087994,1.57401776616218,LINEAR_TYPE7
GENUINELY_CONCAVE_VERTICES,TIMESTAMP,2011-11-14 17:30:00,2011-11-14 17:30:00,LOCAL_NEIGHBOR_CHORD_SEGMENT_DEPTH_KW,24,0.135825008576567,0.582293932468175,1.06067216449714,1.45262174712109,7.28586141087993,1.57401776616217,LINEAR_TYPE7
GENUINELY_CONCAVE_VERTICES,TIMESTAMP,2011-11-14 19:30:00,2011-11-14 19:30:00,LOCAL_DEPTH_OVER_PHYSICAL_BRACKET_RATIO,24,0.876234948261177,2.16241326789042,2.92525376185385,4.40631575555888,9.35741012472015,3.60071959315794,LINEAR_TYPE7
GENUINELY_CONCAVE_VERTICES,TIMESTAMP,2011-11-14 19:30:00,2011-11-14 19:30:00,LOCAL_DEPTH_OVER_POLYGON_DIAMETER,24,3.75153378198046e-05,7.83575813668303e-05,0.000119332084059829,0.000183009168664776,0.000906513829162202,0.000200465066294218,LINEAR_TYPE7
GENUINELY_CONCAVE_VERTICES,TIMESTAMP,2011-11-14 19:30:00,2011-11-14 19:30:00,LOCAL_NEIGHBOR_CHORD_LINE_DEPTH_KW,24,0.281612738493549,0.588199236707861,0.895778551792679,1.37377713096112,6.80483921373448,1.50481162031857,LINEAR_TYPE7
GENUINELY_CONCAVE_VERTICES,TIMESTAMP,2011-11-14 19:30:00,2011-11-14 19:30:00,LOCAL_NEIGHBOR_CHORD_SEGMENT_DEPTH_KW,24,0.281612738493619,0.588199236707942,0.895778551792723,1.37377713096111,6.80483921373453,1.50481162031859,LINEAR_TYPE7
GENUINELY_CONCAVE_VERTICES,TIMESTAMP,2011-12-15 05:30:00,2011-12-15 05:30:00,LOCAL_DEPTH_OVER_PHYSICAL_BRACKET_RATIO,21,1.10624009552051,3.14690230697891,4.13834090886916,4.97750551011207,13.8904454067962,4.54817982107553,LINEAR_TYPE7
GENUINELY_CONCAVE_VERTICES,TIMESTAMP,2011-12-15 05:30:00,2011-12-15 05:30:00,LOCAL_DEPTH_OVER_POLYGON_DIAMETER,21,4.60192202368584e-05,0.00012382029770887,0.000184159889234815,0.000206865728870958,0.00074692603976434,0.00021243402034193,LINEAR_TYPE7
GENUINELY_CONCAVE_VERTICES,TIMESTAMP,2011-12-15 05:30:00,2011-12-15 05:30:00,LOCAL_NEIGHBOR_CHORD_LINE_DEPTH_KW,21,0.345700029849996,0.930147890244526,1.3834236842347,1.55399175122027,5.61096761121506,1.59582119808657,LINEAR_TYPE7
GENUINELY_CONCAVE_VERTICES,TIMESTAMP,2011-12-15 05:30:00,2011-12-15 05:30:00,LOCAL_NEIGHBOR_CHORD_SEGMENT_DEPTH_KW,21,0.345700029850158,0.930147890244523,1.38342368423459,1.55399175122022,5.61096761121523,1.5958211980866,LINEAR_TYPE7
GENUINELY_CONCAVE_VERTICES,TIMESTAMP,2012-08-04 03:30:00,2012-08-04 03:30:00,LOCAL_DEPTH_OVER_PHYSICAL_BRACKET_RATIO,21,1.08115709354079,2.59102106780228,4.18469357489279,5.57369131843969,10.0175854321269,4.34955723770501,LINEAR_TYPE7
GENUINELY_CONCAVE_VERTICES,TIMESTAMP,2012-08-04 03:30:00,2012-08-04 03:30:00,LOCAL_DEPTH_OVER_POLYGON_DIAMETER,21,4.49633914106752e-05,0.000148959797749136,0.00016913552700412,0.000232954722598378,0.000779130751332406,0.000215722917137939,LINEAR_TYPE7
GENUINELY_CONCAVE_VERTICES,TIMESTAMP,2012-08-04 03:30:00,2012-08-04 03:30:00,LOCAL_NEIGHBOR_CHORD_LINE_DEPTH_KW,21,0.337861591731317,1.11930601301507,1.27090943496742,1.75045633590205,5.85450402101158,1.62097399396525,LINEAR_TYPE7
GENUINELY_CONCAVE_VERTICES,TIMESTAMP,2012-08-04 03:30:00,2012-08-04 03:30:00,LOCAL_NEIGHBOR_CHORD_SEGMENT_DEPTH_KW,21,0.337861591731496,1.1193060130152,1.27090943496736,1.75045633590198,5.85450402101176,1.62097399396526,LINEAR_TYPE7
GENUINELY_CONCAVE_VERTICES,TIMESTAMP,2012-08-05 23:30:00,2012-08-05 23:30:00,LOCAL_DEPTH_OVER_PHYSICAL_BRACKET_RATIO,22,0.176010297260389,2.78571305534914,3.92804674020038,6.43633882207143,8.85671354876441,4.30476028052113,LINEAR_TYPE7
GENUINELY_CONCAVE_VERTICES,TIMESTAMP,2012-08-05 23:30:00,2012-08-05 23:30:00,LOCAL_DEPTH_OVER_POLYGON_DIAMETER,22,1.04303171467818e-05,0.000140783743601867,0.00017746205993889,0.000217057030274372,0.000821280124195378,0.000225193511761003,LINEAR_TYPE7
GENUINELY_CONCAVE_VERTICES,TIMESTAMP,2012-08-05 23:30:00,2012-08-05 23:30:00,LOCAL_NEIGHBOR_CHORD_LINE_DEPTH_KW,22,0.0781325004833777,1.05459745472952,1.32935118739172,1.6259532940523,6.15213025621494,1.68690289268299,LINEAR_TYPE7
GENUINELY_CONCAVE_VERTICES,TIMESTAMP,2012-08-05 23:30:00,2012-08-05 23:30:00,LOCAL_NEIGHBOR_CHORD_SEGMENT_DEPTH_KW,22,0.0781325004833199,1.05459745472939,1.32935118739169,1.62595329405232,6.15213025621518,1.68690289268298,LINEAR_TYPE7
GENUINELY_CONCAVE_VERTICES,TIMESTAMP,2012-08-24 12:00:00,2012-08-24 12:00:00,LOCAL_DEPTH_OVER_PHYSICAL_BRACKET_RATIO,22,1.00179235395557,2.70747959847974,4.02288483947867,5.49042384518153,9.65829809936507,4.34519186305179,LINEAR_TYPE7
GENUINELY_CONCAVE_VERTICES,TIMESTAMP,2012-08-24 12:00:00,2012-08-24 12:00:00,LOCAL_DEPTH_OVER_POLYGON_DIAMETER,22,4.17337291689485e-05,0.000134492519919677,0.00017150677174615,0.000233831974831399,0.000850680679910717,0.00023567082508629,LINEAR_TYPE7
GENUINELY_CONCAVE_VERTICES,TIMESTAMP,2012-08-24 12:00:00,2012-08-24 12:00:00,LOCAL_NEIGHBOR_CHORD_LINE_DEPTH_KW,22,0.313060110611114,1.00887804662689,1.28653561525842,1.75405997409876,6.38126985176617,1.76785386876523,LINEAR_TYPE7
GENUINELY_CONCAVE_VERTICES,TIMESTAMP,2012-08-24 12:00:00,2012-08-24 12:00:00,LOCAL_NEIGHBOR_CHORD_SEGMENT_DEPTH_KW,22,0.313060110611115,1.00887804662683,1.28653561525851,1.75405997409882,6.38126985176622,1.76785386876524,LINEAR_TYPE7
GENUINELY_CONCAVE_VERTICES,TIMESTAMP,2012-08-31 11:30:00,2012-08-31 11:30:00,LOCAL_DEPTH_OVER_PHYSICAL_BRACKET_RATIO,22,1.13393024082064,2.60620768605325,3.93002861260035,5.82439314214829,18.5824010615707,4.81883273526088,LINEAR_TYPE7
GENUINELY_CONCAVE_VERTICES,TIMESTAMP,2012-08-31 11:30:00,2012-08-31 11:30:00,LOCAL_DEPTH_OVER_POLYGON_DIAMETER,22,4.72151901117349e-05,0.000124320304391723,0.000177413521735384,0.000236492259176018,0.000860967396880227,0.000238763420599936,LINEAR_TYPE7
GENUINELY_CONCAVE_VERTICES,TIMESTAMP,2012-08-31 11:30:00,2012-08-31 11:30:00,LOCAL_NEIGHBOR_CHORD_LINE_DEPTH_KW,22,0.354353200256391,0.933032306209243,1.33150049903274,1.77489042565721,6.46161863753975,1.79193564599741,LINEAR_TYPE7
GENUINELY_CONCAVE_VERTICES,TIMESTAMP,2012-08-31 11:30:00,2012-08-31 11:30:00,LOCAL_NEIGHBOR_CHORD_SEGMENT_DEPTH_KW,22,0.35435320025645,0.933032306209307,1.33150049903274,1.77489042565714,6.46161863753984,1.79193564599745,LINEAR_TYPE7
GENUINELY_CONCAVE_VERTICES,TIMESTAMP,2012-09-03 07:00:00,2012-09-03 07:00:00,LOCAL_DEPTH_OVER_PHYSICAL_BRACKET_RATIO,22,0.8006064447298,1.82980361459056,3.3548984319539,5.53206159684496,13.6217150920708,4.22721170893776,LINEAR_TYPE7
GENUINELY_CONCAVE_VERTICES,TIMESTAMP,2012-09-03 07:00:00,2012-09-03 07:00:00,LOCAL_DEPTH_OVER_POLYGON_DIAMETER,22,4.4699332160744e-05,9.81421914665819e-05,0.000161127583628704,0.000198206374869417,0.000630945745738392,0.000194735053379659,LINEAR_TYPE7
GENUINELY_CONCAVE_VERTICES,TIMESTAMP,2012-09-03 07:00:00,2012-09-03 07:00:00,LOCAL_NEIGHBOR_CHORD_LINE_DEPTH_KW,22,0.337208705908741,0.740377982840482,1.21553547525589,1.49525534144928,4.75981157065037,1.4690679294508,LINEAR_TYPE7
GENUINELY_CONCAVE_VERTICES,TIMESTAMP,2012-09-03 07:00:00,2012-09-03 07:00:00,LOCAL_NEIGHBOR_CHORD_SEGMENT_DEPTH_KW,22,0.337208705908705,0.740377982840528,1.21553547525591,1.49525534144936,4.75981157065019,1.46906792945079,LINEAR_TYPE7
GENUINELY_CONCAVE_VERTICES,TIMESTAMP,2012-10-15 13:00:00,2012-10-15 13:00:00,LOCAL_DEPTH_OVER_PHYSICAL_BRACKET_RATIO,21,1.11815106284899,3.14692882617332,4.03765647534301,5.43790098645628,14.4530054745229,4.57409589413043,LINEAR_TYPE7
GENUINELY_CONCAVE_VERTICES,TIMESTAMP,2012-10-15 13:00:00,2012-10-15 13:00:00,LOCAL_DEPTH_OVER_POLYGON_DIAMETER,21,4.65116847869394e-05,0.000128086146001253,0.000184149589275094,0.000227351018573106,0.000777133187679429,0.000215130095650347,LINEAR_TYPE7
GENUINELY_CONCAVE_VERTICES,TIMESTAMP,2012-10-15 13:00:00,2012-10-15 13:00:00,LOCAL_NEIGHBOR_CHORD_LINE_DEPTH_KW,21,0.349422207140458,0.962255915795691,1.38343636063166,1.7079900474325,5.83826612441222,1.61617952969873,LINEAR_TYPE7
GENUINELY_CONCAVE_VERTICES,TIMESTAMP,2012-10-15 13:00:00,2012-10-15 13:00:00,LOCAL_NEIGHBOR_CHORD_SEGMENT_DEPTH_KW,21,0.349422207140308,0.962255915795621,1.38343636063153,1.70799004743253,5.83826612441225,1.6161795296987,LINEAR_TYPE7
GENUINELY_CONCAVE_VERTICES,TIMESTAMP,2013-04-07 02:00:00,2013-04-07 02:00:00,LOCAL_DEPTH_OVER_PHYSICAL_BRACKET_RATIO,22,0.854923380569987,2.91419470809168,4.10633551698621,6.19513909885383,12.4902480840059,4.53022416649179,LINEAR_TYPE7
GENUINELY_CONCAVE_VERTICES,TIMESTAMP,2013-04-07 02:00:00,2013-04-07 02:00:00,LOCAL_DEPTH_OVER_POLYGON_DIAMETER,22,3.57572703056011e-05,0.000122108468414302,0.000160819450264633,0.000221505581562101,0.000745575309611046,0.000214097152882736,LINEAR_TYPE7
GENUINELY_CONCAVE_VERTICES,TIMESTAMP,2013-04-07 02:00:00,2013-04-07 02:00:00,LOCAL_NEIGHBOR_CHORD_LINE_DEPTH_KW,22,0.26716355642812,0.912344046755803,1.20157651600108,1.65499822645965,5.57063080034605,1.59964550695378,LINEAR_TYPE7
GENUINELY_CONCAVE_VERTICES,TIMESTAMP,2013-04-07 02:00:00,2013-04-07 02:00:00,LOCAL_NEIGHBOR_CHORD_SEGMENT_DEPTH_KW,22,0.267163556428121,0.912344046755876,1.20157651600113,1.65499822645971,5.57063080034615,1.59964550695379,LINEAR_TYPE7
GENUINELY_CONCAVE_VERTICES,TIMESTAMP,2013-04-17 05:30:00,2013-04-17 05:30:00,LOCAL_DEPTH_OVER_PHYSICAL_BRACKET_RATIO,21,1.10554675676872,3.2098779082144,4.35716991282827,5.36213374463015,15.0730075181328,4.65127826508111,LINEAR_TYPE7
GENUINELY_CONCAVE_VERTICES,TIMESTAMP,2013-04-17 05:30:00,2013-04-17 05:30:00,LOCAL_DEPTH_OVER_POLYGON_DIAMETER,21,4.59227141419818e-05,0.000108441760670361,0.000191291516229995,0.000221748446611168,0.000808578178210032,0.000221355851201291,LINEAR_TYPE7
GENUINELY_CONCAVE_VERTICES,TIMESTAMP,2013-04-17 05:30:00,2013-04-17 05:30:00,LOCAL_NEIGHBOR_CHORD_LINE_DEPTH_KW,21,0.345483361490226,0.815823382879404,1.43911433125163,1.66824631714059,6.08305306546048,1.66529276388392,LINEAR_TYPE7
GENUINELY_CONCAVE_VERTICES,TIMESTAMP,2013-04-17 05:30:00,2013-04-17 05:30:00,LOCAL_NEIGHBOR_CHORD_SEGMENT_DEPTH_KW,21,0.345483361490227,0.815823382879396,1.43911433125169,1.66824631714061,6.08305306546042,1.66529276388393,LINEAR_TYPE7
