root_voltage_pu,timestamp,load_multiplier,operational_solver_status,diagnostic_solver_status,primal_available,failure_reason
1,2010-07-01 17:30:00,0.68165541391344,INFEASIBLE,OPTIMAL,true,operational_voltage_model_infeasible;diagnostic_solution_recorded
1,2010-07-01 18:00:00,0.672584455610587,INFEASIBLE,OPTIMAL,true,operational_voltage_model_infeasible;diagnostic_solution_recorded
1,2010-07-01 18:30:00,0.63870867161548,INFEASIBLE,OPTIMAL,true,operational_voltage_model_infeasible;diagnostic_solution_recorded
1,2010-07-01 19:00:00,0.636020003117992,INFEASIBLE,OPTIMAL,true,operational_voltage_model_infeasible;diagnostic_solution_recorded
1,2010-07-01 19:30:00,0.643488793217168,INFEASIBLE,OPTIMAL,true,operational_voltage_model_infeasible;diagnostic_solution_recorded
1,2010-07-01 20:00:00,0.606209601016945,INFEASIBLE,OPTIMAL,true,operational_voltage_model_infeasible;diagnostic_solution_recorded
1,2010-07-02 17:00:00,0.689970858766955,INFEASIBLE,OPTIMAL,true,operational_voltage_model_infeasible;diagnostic_solution_recorded
1,2010-07-02 17:30:00,0.736956599949632,INFEASIBLE,OPTIMAL,true,operational_voltage_model_infeasible;diagnostic_solution_recorded
1,2010-07-02 18:00:00,0.700982167484141,INFEASIBLE,OPTIMAL,true,operational_voltage_model_infeasible;diagnostic_solution_recorded
1,2010-07-02 18:30:00,0.67115977310612,INFEASIBLE,OPTIMAL,true,operational_voltage_model_infeasible;diagnostic_solution_recorded
1,2010-07-02 19:00:00,0.662849125163396,INFEASIBLE,OPTIMAL,true,operational_voltage_model_infeasible;diagnostic_solution_recorded
1,2010-07-02 19:30:00,0.635940854089966,INFEASIBLE,OPTIMAL,true,operational_voltage_model_infeasible;diagnostic_solution_recorded
1,2010-07-02 20:00:00,0.652363078177654,INFEASIBLE,OPTIMAL,true,operational_voltage_model_infeasible;diagnostic_solution_recorded
1,2010-07-02 20:30:00,0.618799093383861,INFEASIBLE,OPTIMAL,true,operational_voltage_model_infeasible;diagnostic_solution_recorded
1,2010-07-03 17:30:00,0.624972717569885,INFEASIBLE,OPTIMAL,true,operational_voltage_model_infeasible;diagnostic_solution_recorded
1,2010-07-03 18:00:00,0.610924964322977,INFEASIBLE,OPTIMAL,true,operational_voltage_model_infeasible;diagnostic_solution_recorded
1,2010-07-03 19:30:00,0.602475205967357,INFEASIBLE,OPTIMAL,true,operational_voltage_model_infeasible;diagnostic_solution_recorded
1,2010-07-04 17:30:00,0.614138894551909,INFEASIBLE,OPTIMAL,true,operational_voltage_model_infeasible;diagnostic_solution_recorded
1,2010-07-04 18:00:00,0.602990873877224,INFEASIBLE,OPTIMAL,true,operational_voltage_model_infeasible;diagnostic_solution_recorded
1,2010-07-04 18:30:00,0.601889982851044,INFEASIBLE,OPTIMAL,true,operational_voltage_model_infeasible;diagnostic_solution_recorded
1,2010-07-05 17:30:00,0.619734490987805,INFEASIBLE,OPTIMAL,true,operational_voltage_model_infeasible;diagnostic_solution_recorded
1,2010-07-05 18:00:00,0.60883590967417,INFEASIBLE,OPTIMAL,true,operational_voltage_model_infeasible;diagnostic_solution_recorded
1,2010-07-05 18:30:00,0.598959070358689,INFEASIBLE,OPTIMAL,true,operational_voltage_model_infeasible;diagnostic_solution_recorded
1,2010-07-07 10:30:00,0.286778514636574,ALMOST_OPTIMAL,not_run,true,voltage_drop_tolerance_exceeded
1,2010-07-08 18:00:00,0.614299591063356,INFEASIBLE,OPTIMAL,true,operational_voltage_model_infeasible;diagnostic_solution_recorded
1,2010-07-08 19:00:00,0.607094631057599,INFEASIBLE,OPTIMAL,true,operational_voltage_model_infeasible;diagnostic_solution_recorded
1,2010-07-09 17:30:00,0.610241404535479,INFEASIBLE,OPTIMAL,true,operational_voltage_model_infeasible;diagnostic_solution_recorded
1,2010-07-13 13:00:00,0.236749133557989,ALMOST_OPTIMAL,not_run,true,voltage_drop_tolerance_exceeded
1,2010-07-15 16:00:00,0.266362862316668,ALMOST_OPTIMAL,not_run,true,voltage_drop_tolerance_exceeded
1,2010-07-16 17:00:00,0.489754997781429,ALMOST_OPTIMAL,not_run,true,voltage_drop_tolerance_exceeded
1,2010-07-16 18:30:00,0.59939079232974,INFEASIBLE,OPTIMAL,true,operational_voltage_model_infeasible;diagnostic_solution_recorded
1,2010-07-16 19:00:00,0.603612073824457,INFEASIBLE,OPTIMAL,true,operational_voltage_model_infeasible;diagnostic_solution_recorded
1,2010-07-19 17:30:00,0.637638960509432,INFEASIBLE,OPTIMAL,true,operational_voltage_model_infeasible;diagnostic_solution_recorded
1,2010-07-19 18:00:00,0.624181227289626,INFEASIBLE,OPTIMAL,true,operational_voltage_model_infeasible;diagnostic_solution_recorded
1,2010-07-19 18:30:00,0.611913127945603,INFEASIBLE,OPTIMAL,true,operational_voltage_model_infeasible;diagnostic_solution_recorded
1,2010-07-20 17:30:00,0.637132886421145,INFEASIBLE,OPTIMAL,true,operational_voltage_model_infeasible;diagnostic_solution_recorded
1,2010-07-20 18:00:00,0.635513929029705,INFEASIBLE,OPTIMAL,true,operational_voltage_model_infeasible;diagnostic_solution_recorded
1,2010-07-20 18:30:00,0.603024452252749,INFEASIBLE,OPTIMAL,true,operational_voltage_model_infeasible;diagnostic_solution_recorded
1,2010-07-21 12:00:00,0.257977862256707,ALMOST_OPTIMAL,not_run,true,voltage_drop_tolerance_exceeded
1,2010-07-21 17:30:00,0.629947114058546,INFEASIBLE,OPTIMAL,true,operational_voltage_model_infeasible;diagnostic_solution_recorded
1,2010-07-21 18:00:00,0.667797138642714,INFEASIBLE,OPTIMAL,true,operational_voltage_model_infeasible;diagnostic_solution_recorded
1,2010-07-21 18:30:00,0.666717833715088,INFEASIBLE,OPTIMAL,true,operational_voltage_model_infeasible;diagnostic_solution_recorded
1,2010-07-21 19:00:00,0.65572571264106,INFEASIBLE,OPTIMAL,true,operational_voltage_model_infeasible;diagnostic_solution_recorded
1,2010-07-22 17:30:00,0.62340172928634,INFEASIBLE,OPTIMAL,true,operational_voltage_model_infeasible;diagnostic_solution_recorded
1,2010-07-22 18:00:00,0.645266048664661,INFEASIBLE,OPTIMAL,true,operational_voltage_model_infeasible;diagnostic_solution_recorded
1,2010-07-22 18:30:00,0.650998357058055,INFEASIBLE,OPTIMAL,true,operational_voltage_model_infeasible;diagnostic_solution_recorded
1,2010-07-22 19:00:00,0.64185544509336,INFEASIBLE,OPTIMAL,true,operational_voltage_model_infeasible;diagnostic_solution_recorded
1,2010-07-22 19:30:00,0.618926211519781,INFEASIBLE,OPTIMAL,true,operational_voltage_model_infeasible;diagnostic_solution_recorded
1,2010-07-23 07:30:00,0.44999100579227,ALMOST_OPTIMAL,not_run,true,voltage_drop_tolerance_exceeded
1,2010-07-26 21:30:00,0.425658675812777,ALMOST_OPTIMAL,not_run,true,voltage_drop_tolerance_exceeded
1,2010-07-29 17:30:00,0.595925024284361,INFEASIBLE,OPTIMAL,true,operational_voltage_model_infeasible;diagnostic_solution_recorded
1,2010-08-02 17:30:00,0.64832647774833,INFEASIBLE,OPTIMAL,true,operational_voltage_model_infeasible;diagnostic_solution_recorded
1,2010-08-02 18:00:00,0.693367071605886,INFEASIBLE,OPTIMAL,true,operational_voltage_model_infeasible;diagnostic_solution_recorded
1,2010-08-02 18:30:00,0.677666782592011,INFEASIBLE,OPTIMAL,true,operational_voltage_model_infeasible;diagnostic_solution_recorded
1,2010-08-02 19:00:00,0.655759291016586,INFEASIBLE,OPTIMAL,true,operational_voltage_model_infeasible;diagnostic_solution_recorded
1,2010-08-02 19:30:00,0.620257354263854,INFEASIBLE,OPTIMAL,true,operational_voltage_model_infeasible;diagnostic_solution_recorded
1,2010-08-03 18:00:00,0.599932843248948,INFEASIBLE,OPTIMAL,true,operational_voltage_model_infeasible;diagnostic_solution_recorded
1,2010-08-03 19:00:00,0.603679230575509,INFEASIBLE,OPTIMAL,true,operational_voltage_model_infeasible;diagnostic_solution_recorded
1,2010-08-06 17:30:00,0.61565711681677,INFEASIBLE,OPTIMAL,true,operational_voltage_model_infeasible;diagnostic_solution_recorded
1,2010-08-06 18:00:00,0.658754961804598,INFEASIBLE,OPTIMAL,true,operational_voltage_model_infeasible;diagnostic_solution_recorded
1,2010-08-06 18:30:00,0.635453967644837,INFEASIBLE,OPTIMAL,true,operational_voltage_model_infeasible;diagnostic_solution_recorded
1,2010-08-06 19:00:00,0.618770311919124,INFEASIBLE,OPTIMAL,true,operational_voltage_model_infeasible;diagnostic_solution_recorded
1,2010-08-06 19:30:00,0.618772710374519,INFEASIBLE,OPTIMAL,true,operational_voltage_model_infeasible;diagnostic_solution_recorded
1,2010-08-07 17:30:00,0.608874284960485,INFEASIBLE,OPTIMAL,true,operational_voltage_model_infeasible;diagnostic_solution_recorded
1,2010-08-07 18:00:00,0.639991845251658,INFEASIBLE,OPTIMAL,true,operational_voltage_model_infeasible;diagnostic_solution_recorded
1,2010-08-07 18:30:00,0.598944679626321,INFEASIBLE,OPTIMAL,true,operational_voltage_model_infeasible;diagnostic_solution_recorded
1,2010-08-08 17:30:00,0.598831952222769,INFEASIBLE,OPTIMAL,true,operational_voltage_model_infeasible;diagnostic_solution_recorded
1,2010-08-08 18:00:00,0.616247136843873,INFEASIBLE,OPTIMAL,true,operational_voltage_model_infeasible;diagnostic_solution_recorded
1,2010-08-08 18:30:00,0.595126338637917,NUMERICAL_ERROR,OPTIMAL,true,operational_voltage_model_infeasible;diagnostic_solution_recorded
1,2010-08-09 18:00:00,0.601652535766966,INFEASIBLE,OPTIMAL,true,operational_voltage_model_infeasible;diagnostic_solution_recorded
1,2010-08-09 18:30:00,0.608838308129565,INFEASIBLE,OPTIMAL,true,operational_voltage_model_infeasible;diagnostic_solution_recorded
1,2010-08-10 07:00:00,0.385383812824541,ALMOST_OPTIMAL,not_run,true,voltage_drop_tolerance_exceeded
1,2010-08-16 07:00:00,0.327015002338494,ALMOST_OPTIMAL,not_run,true,voltage_drop_tolerance_exceeded
1,2010-08-17 18:30:00,0.606634127621812,INFEASIBLE,OPTIMAL,true,operational_voltage_model_infeasible;diagnostic_solution_recorded
1,2010-08-21 16:30:00,0.3051386906832,ALMOST_OPTIMAL,not_run,true,voltage_drop_tolerance_exceeded
1,2010-08-23 12:30:00,0.293961888543778,ALMOST_OPTIMAL,not_run,true,voltage_drop_tolerance_exceeded
1,2010-08-23 17:30:00,0.621809154904243,INFEASIBLE,OPTIMAL,true,operational_voltage_model_infeasible;diagnostic_solution_recorded
1,2010-08-23 18:00:00,0.647875568134122,INFEASIBLE,OPTIMAL,true,operational_voltage_model_infeasible;diagnostic_solution_recorded
1,2010-08-28 11:00:00,0.226687613177114,ALMOST_OPTIMAL,not_run,true,voltage_drop_tolerance_exceeded
1,2010-08-28 17:30:00,0.492702699461546,NUMERICAL_ERROR,ALMOST_OPTIMAL,true,operational_voltage_model_infeasible;diagnostic_solution_recorded
1,2010-08-29 09:30:00,0.285970235168552,ALMOST_OPTIMAL,not_run,true,voltage_drop_tolerance_exceeded
1,2010-09-08 20:00:00,0.450178085313058,ALMOST_OPTIMAL,not_run,true,voltage_drop_tolerance_exceeded
1,2010-09-09 18:00:00,0.483574178229221,ALMOST_OPTIMAL,not_run,true,voltage_drop_tolerance_exceeded
1,2010-09-11 08:30:00,0.248585510930961,ALMOST_OPTIMAL,not_run,true,voltage_drop_tolerance_exceeded
1,2010-09-11 09:00:00,0.242061712257307,ALMOST_OPTIMAL,not_run,true,voltage_drop_tolerance_exceeded
1,2010-09-12 16:30:00,0.28961828582393,ALMOST_OPTIMAL,not_run,true,voltage_drop_tolerance_exceeded
1,2010-09-13 21:00:00,0.291870435439577,ALMOST_OPTIMAL,not_run,true,voltage_drop_tolerance_exceeded
1,2010-09-21 16:30:00,0.253320061880149,ALMOST_OPTIMAL,not_run,true,voltage_drop_tolerance_exceeded
1,2010-10-04 03:00:00,0.127204480314677,ALMOST_OPTIMAL,not_run,true,voltage_drop_tolerance_exceeded
1,2010-10-15 04:00:00,0.122522695384173,ALMOST_OPTIMAL,not_run,true,voltage_drop_tolerance_exceeded
1,2010-10-20 18:30:00,0.302155012172161,ALMOST_OPTIMAL,not_run,true,voltage_drop_tolerance_exceeded
1,2010-10-25 23:00:00,0.204748941681557,ALMOST_OPTIMAL,not_run,true,voltage_drop_tolerance_exceeded
1,2010-11-01 16:30:00,0.296029357094032,ALMOST_OPTIMAL,not_run,true,voltage_drop_tolerance_exceeded
1,2010-11-05 16:00:00,0.236255051746675,ALMOST_OPTIMAL,not_run,true,voltage_drop_tolerance_exceeded
1,2010-11-06 11:30:00,0.270648902107043,ALMOST_OPTIMAL,not_run,true,voltage_drop_tolerance_exceeded
1,2010-11-10 17:00:00,0.273196061736242,ALMOST_OPTIMAL,not_run,true,voltage_drop_tolerance_exceeded
1,2010-11-14 10:00:00,0.281381989998441,ALMOST_OPTIMAL,not_run,true,voltage_drop_tolerance_exceeded
1,2010-11-15 20:30:00,0.295127537865615,ALMOST_OPTIMAL,not_run,true,voltage_drop_tolerance_exceeded
1,2010-11-17 20:30:00,0.289886912828139,ALMOST_OPTIMAL,not_run,true,voltage_drop_tolerance_exceeded
1,2010-11-22 17:00:00,0.258906064494466,ALMOST_OPTIMAL,not_run,true,voltage_drop_tolerance_exceeded
1,2010-11-24 04:30:00,0.122640219698514,NUMERICAL_ERROR,OPTIMAL,true,operational_voltage_model_infeasible;diagnostic_solution_recorded
1,2010-11-30 19:00:00,0.288658903666039,ALMOST_OPTIMAL,not_run,true,voltage_drop_tolerance_exceeded
1,2010-12-03 18:30:00,0.276083802031492,ALMOST_OPTIMAL,not_run,true,voltage_drop_tolerance_exceeded
1,2010-12-09 21:00:00,0.427371172964611,ALMOST_OPTIMAL,not_run,true,voltage_drop_tolerance_exceeded
1,2010-12-21 04:30:00,0.123208653627064,ALMOST_OPTIMAL,not_run,true,voltage_drop_tolerance_exceeded
1,2010-12-22 05:00:00,0.131632028973341,NUMERICAL_ERROR,OPTIMAL,true,operational_voltage_model_infeasible;diagnostic_solution_recorded
1,2010-12-23 08:30:00,0.236458920455227,ALMOST_OPTIMAL,not_run,true,voltage_drop_tolerance_exceeded
1,2010-12-24 22:00:00,0.264842241596412,ALMOST_OPTIMAL,not_run,true,voltage_drop_tolerance_exceeded
1,2010-12-25 14:30:00,0.308957031671604,ALMOST_OPTIMAL,not_run,true,voltage_drop_tolerance_exceeded
1,2010-12-26 21:00:00,0.300133114274407,ALMOST_OPTIMAL,not_run,true,voltage_drop_tolerance_exceeded
1,2010-12-28 01:30:00,0.127525873337571,ALMOST_OPTIMAL,not_run,true,voltage_drop_tolerance_exceeded
1,2010-12-29 19:30:00,0.286778514636574,ALMOST_OPTIMAL,not_run,true,voltage_drop_tolerance_exceeded
1,2011-01-01 14:00:00,0.489891709738928,ALMOST_OPTIMAL,not_run,true,voltage_drop_tolerance_exceeded
1,2011-01-03 04:30:00,0.124134457409428,ALMOST_OPTIMAL,not_run,true,voltage_drop_tolerance_exceeded
1,2011-01-08 19:00:00,0.334325494381618,ALMOST_OPTIMAL,not_run,true,voltage_drop_tolerance_exceeded
1,2011-01-09 14:00:00,0.315085085205128,ALMOST_OPTIMAL,not_run,true,voltage_drop_tolerance_exceeded
1,2011-01-11 00:00:00,0.170933119071318,NUMERICAL_ERROR,OPTIMAL,true,operational_voltage_model_infeasible;diagnostic_solution_recorded
1,2011-01-11 17:30:00,0.326271481166129,NUMERICAL_ERROR,OPTIMAL,true,operational_voltage_model_infeasible;diagnostic_solution_recorded
1,2011-01-15 14:00:00,0.280177965390289,ALMOST_OPTIMAL,not_run,true,voltage_drop_tolerance_exceeded
1,2011-01-15 23:00:00,0.278036144722799,ALMOST_OPTIMAL,not_run,true,voltage_drop_tolerance_exceeded
1,2011-01-16 22:30:00,0.306793624905561,ALMOST_OPTIMAL,not_run,true,voltage_drop_tolerance_exceeded
1,2011-01-20 13:30:00,0.260604170913932,ALMOST_OPTIMAL,not_run,true,voltage_drop_tolerance_exceeded
1,2011-01-22 15:00:00,0.309052969887393,ALMOST_OPTIMAL,not_run,true,voltage_drop_tolerance_exceeded
1,2011-01-22 21:30:00,0.296914387134686,ALMOST_OPTIMAL,not_run,true,voltage_drop_tolerance_exceeded
1,2011-01-26 12:30:00,0.599239689639872,INFEASIBLE,OPTIMAL,true,operational_voltage_model_infeasible;diagnostic_solution_recorded
1,2011-01-26 15:00:00,0.596443090649622,INFEASIBLE,OPTIMAL,true,operational_voltage_model_infeasible;diagnostic_solution_recorded
1,2011-01-26 15:30:00,0.626255891206064,INFEASIBLE,OPTIMAL,true,operational_voltage_model_infeasible;diagnostic_solution_recorded
1,2011-01-26 16:00:00,0.64369266192572,INFEASIBLE,OPTIMAL,true,operational_voltage_model_infeasible;diagnostic_solution_recorded
1,2011-01-26 16:30:00,0.687071126194731,INFEASIBLE,OPTIMAL,true,operational_voltage_model_infeasible;diagnostic_solution_recorded
1,2011-01-26 17:00:00,0.700365764447696,INFEASIBLE,OPTIMAL,true,operational_voltage_model_infeasible;diagnostic_solution_recorded
1,2011-01-26 17:30:00,0.711257150395146,INFEASIBLE,OPTIMAL,true,operational_voltage_model_infeasible;diagnostic_solution_recorded
1,2011-01-26 18:00:00,0.704200894623863,INFEASIBLE,OPTIMAL,true,operational_voltage_model_infeasible;diagnostic_solution_recorded
1,2011-01-26 18:30:00,0.72149135956444,INFEASIBLE,OPTIMAL,true,operational_voltage_model_infeasible;diagnostic_solution_recorded
1,2011-01-26 19:00:00,0.665664911796803,INFEASIBLE,OPTIMAL,true,operational_voltage_model_infeasible;diagnostic_solution_recorded
1,2011-01-26 19:30:00,0.641337378728099,INFEASIBLE,OPTIMAL,true,operational_voltage_model_infeasible;diagnostic_solution_recorded
1,2011-01-26 20:00:00,0.631158334032883,INFEASIBLE,OPTIMAL,true,operational_voltage_model_infeasible;diagnostic_solution_recorded
1,2011-01-26 20:30:00,0.606300742321945,INFEASIBLE,OPTIMAL,true,operational_voltage_model_infeasible;diagnostic_solution_recorded
1,2011-01-29 17:00:00,0.270409056567571,ALMOST_OPTIMAL,not_run,true,voltage_drop_tolerance_exceeded
1,2011-01-30 20:30:00,0.4468850060561,ALMOST_OPTIMAL,not_run,true,voltage_drop_tolerance_exceeded
1,2011-01-30 22:30:00,0.301493038483217,ALMOST_OPTIMAL,not_run,true,voltage_drop_tolerance_exceeded
1,2011-01-31 16:00:00,0.606794824133259,INFEASIBLE,OPTIMAL,true,operational_voltage_model_infeasible;diagnostic_solution_recorded
1,2011-01-31 16:30:00,0.62357441807476,INFEASIBLE,OPTIMAL,true,operational_voltage_model_infeasible;diagnostic_solution_recorded
1,2011-01-31 17:00:00,0.650101334740427,INFEASIBLE,OPTIMAL,true,operational_voltage_model_infeasible;diagnostic_solution_recorded
1,2011-01-31 17:30:00,0.692223008382602,INFEASIBLE,OPTIMAL,true,operational_voltage_model_infeasible;diagnostic_solution_recorded
1,2011-01-31 18:00:00,0.682089534339886,INFEASIBLE,OPTIMAL,true,operational_voltage_model_infeasible;diagnostic_solution_recorded
1,2011-01-31 18:30:00,0.660134073656565,INFEASIBLE,OPTIMAL,true,operational_voltage_model_infeasible;diagnostic_solution_recorded
1,2011-01-31 19:00:00,0.655421108805929,INFEASIBLE,OPTIMAL,true,operational_voltage_model_infeasible;diagnostic_solution_recorded
1,2011-01-31 19:30:00,0.595133534004101,NUMERICAL_ERROR,OPTIMAL,true,operational_voltage_model_infeasible;diagnostic_solution_recorded
1,2011-02-01 13:30:00,0.597779030304484,INFEASIBLE,OPTIMAL,true,operational_voltage_model_infeasible;diagnostic_solution_recorded
1,2011-02-01 14:30:00,0.608077997769437,INFEASIBLE,OPTIMAL,true,operational_voltage_model_infeasible;diagnostic_solution_recorded
1,2011-02-01 15:00:00,0.652240756952523,INFEASIBLE,OPTIMAL,true,operational_voltage_model_infeasible;diagnostic_solution_recorded
1,2011-02-01 15:30:00,0.701022941225851,INFEASIBLE,OPTIMAL,true,operational_voltage_model_infeasible;diagnostic_solution_recorded
1,2011-02-01 16:00:00,0.745324810821831,INFEASIBLE,OPTIMAL,true,operational_voltage_model_infeasible;diagnostic_solution_recorded
1,2011-02-01 16:30:00,0.771894899684603,INFEASIBLE,OPTIMAL,true,operational_voltage_model_infeasible;diagnostic_solution_recorded
1,2011-02-01 17:00:00,0.84264693537362,INFEASIBLE,OPTIMAL,true,operational_voltage_model_infeasible;diagnostic_solution_recorded
1,2011-02-01 17:30:00,0.898389437202441,INFEASIBLE,OPTIMAL,true,operational_voltage_model_infeasible;diagnostic_solution_recorded
1,2011-02-01 18:00:00,0.915121062036049,INFEASIBLE,OPTIMAL,true,operational_voltage_model_infeasible;diagnostic_solution_recorded
1,2011-02-01 18:30:00,0.919723697938528,INFEASIBLE,OPTIMAL,true,operational_voltage_model_infeasible;diagnostic_solution_recorded
1,2011-02-01 19:00:00,0.903395013611234,INFEASIBLE,OPTIMAL,true,operational_voltage_model_infeasible;diagnostic_solution_recorded
1,2011-02-01 19:30:00,0.859649585666832,INFEASIBLE,OPTIMAL,true,operational_voltage_model_infeasible;diagnostic_solution_recorded
1,2011-02-01 20:00:00,0.875181982803074,INFEASIBLE,OPTIMAL,true,operational_voltage_model_infeasible;diagnostic_solution_recorded
1,2011-02-01 20:30:00,0.855999136556059,INFEASIBLE,OPTIMAL,true,operational_voltage_model_infeasible;diagnostic_solution_recorded
1,2011-02-01 21:00:00,0.838675093239953,INFEASIBLE,OPTIMAL,true,operational_voltage_model_infeasible;diagnostic_solution_recorded
1,2011-02-01 21:30:00,0.747135644644849,INFEASIBLE,OPTIMAL,true,operational_voltage_model_infeasible;diagnostic_solution_recorded
1,2011-02-01 22:00:00,0.637638960509432,INFEASIBLE,OPTIMAL,true,operational_voltage_model_infeasible;diagnostic_solution_recorded
1,2011-02-02 16:00:00,0.634580929881157,INFEASIBLE,OPTIMAL,true,operational_voltage_model_infeasible;diagnostic_solution_recorded
1,2011-02-02 16:30:00,0.672973005384532,INFEASIBLE,OPTIMAL,true,operational_voltage_model_infeasible;diagnostic_solution_recorded
1,2011-02-02 17:00:00,0.706107666662669,INFEASIBLE,OPTIMAL,true,operational_voltage_model_infeasible;diagnostic_solution_recorded
1,2011-02-02 17:30:00,0.7521148380443,INFEASIBLE,OPTIMAL,true,operational_voltage_model_infeasible;diagnostic_solution_recorded
1,2011-02-02 18:00:00,0.754302229364289,INFEASIBLE,OPTIMAL,true,operational_voltage_model_infeasible;diagnostic_solution_recorded
1,2011-02-02 18:30:00,0.758525909314402,INFEASIBLE,OPTIMAL,true,operational_voltage_model_infeasible;diagnostic_solution_recorded
1,2011-02-02 19:00:00,0.715641526856705,INFEASIBLE,OPTIMAL,true,operational_voltage_model_infeasible;diagnostic_solution_recorded
1,2011-02-02 19:30:00,0.695376977226667,INFEASIBLE,OPTIMAL,true,operational_voltage_model_infeasible;diagnostic_solution_recorded
1,2011-02-02 20:00:00,0.730735006655714,INFEASIBLE,OPTIMAL,true,operational_voltage_model_infeasible;diagnostic_solution_recorded
1,2011-02-02 20:30:00,0.736054780721217,INFEASIBLE,OPTIMAL,true,operational_voltage_model_infeasible;diagnostic_solution_recorded
1,2011-02-02 21:00:00,0.732593809586626,INFEASIBLE,OPTIMAL,true,operational_voltage_model_infeasible;diagnostic_solution_recorded
1,2011-02-02 21:30:00,0.68856776236104,INFEASIBLE,OPTIMAL,true,operational_voltage_model_infeasible;diagnostic_solution_recorded
1,2011-02-03 15:00:00,0.645429143631502,INFEASIBLE,OPTIMAL,true,operational_voltage_model_infeasible;diagnostic_solution_recorded
1,2011-02-03 15:30:00,0.721738400470097,INFEASIBLE,OPTIMAL,true,operational_voltage_model_infeasible;diagnostic_solution_recorded
1,2011-02-03 16:00:00,0.8046841833859,INFEASIBLE,OPTIMAL,true,operational_voltage_model_infeasible;diagnostic_solution_recorded
1,2011-02-03 16:30:00,0.840557880724814,INFEASIBLE,OPTIMAL,true,operational_voltage_model_infeasible;diagnostic_solution_recorded
1,2011-02-03 17:00:00,0.874474438461631,INFEASIBLE,OPTIMAL,true,operational_voltage_model_infeasible;diagnostic_solution_recorded
1,2011-02-03 17:30:00,0.895293031287851,INFEASIBLE,OPTIMAL,true,operational_voltage_model_infeasible;diagnostic_solution_recorded
1,2011-02-03 18:00:00,0.85457925096238,INFEASIBLE,OPTIMAL,true,operational_voltage_model_infeasible;diagnostic_solution_recorded
1,2011-02-03 18:30:00,0.789125403240314,INFEASIBLE,OPTIMAL,true,operational_voltage_model_infeasible;diagnostic_solution_recorded
1,2011-02-03 19:00:00,0.748423615191817,INFEASIBLE,OPTIMAL,true,operational_voltage_model_infeasible;diagnostic_solution_recorded
1,2011-02-03 19:30:00,0.681957619293176,INFEASIBLE,OPTIMAL,true,operational_voltage_model_infeasible;diagnostic_solution_recorded
1,2011-02-03 20:00:00,0.661961696667346,INFEASIBLE,OPTIMAL,true,operational_voltage_model_infeasible;diagnostic_solution_recorded
1,2011-02-03 20:30:00,0.617201722090973,INFEASIBLE,OPTIMAL,true,operational_voltage_model_infeasible;diagnostic_solution_recorded
1,2011-02-03 21:00:00,0.602163406766043,INFEASIBLE,OPTIMAL,true,operational_voltage_model_infeasible;diagnostic_solution_recorded
1,2011-02-04 16:00:00,0.599059805485268,INFEASIBLE,OPTIMAL,true,operational_voltage_model_infeasible;diagnostic_solution_recorded
1,2011-02-04 16:30:00,0.61824025327689,INFEASIBLE,OPTIMAL,true,operational_voltage_model_infeasible;diagnostic_solution_recorded
1,2011-02-04 17:00:00,0.6365164833847,INFEASIBLE,OPTIMAL,true,operational_voltage_model_infeasible;diagnostic_solution_recorded
1,2011-02-04 17:30:00,0.66193291520261,INFEASIBLE,OPTIMAL,true,operational_voltage_model_infeasible;diagnostic_solution_recorded
1,2011-02-04 18:00:00,0.679235372420161,INFEASIBLE,OPTIMAL,true,operational_voltage_model_infeasible;diagnostic_solution_recorded
1,2011-02-04 18:30:00,0.635262091213259,INFEASIBLE,OPTIMAL,true,operational_voltage_model_infeasible;diagnostic_solution_recorded
1,2011-02-04 19:00:00,0.601208821518942,INFEASIBLE,OPTIMAL,true,operational_voltage_model_infeasible;diagnostic_solution_recorded
1,2011-02-04 20:00:00,0.599069399306846,INFEASIBLE,OPTIMAL,true,operational_voltage_model_infeasible;diagnostic_solution_recorded
1,2011-02-04 20:30:00,0.614443498387038,INFEASIBLE,OPTIMAL,true,operational_voltage_model_infeasible;diagnostic_solution_recorded
1,2011-02-05 10:00:00,0.599314041757109,INFEASIBLE,OPTIMAL,true,operational_voltage_model_infeasible;diagnostic_solution_recorded
1,2011-02-05 10:30:00,0.638492810629955,INFEASIBLE,OPTIMAL,true,operational_voltage_model_infeasible;diagnostic_solution_recorded
1,2011-02-05 11:00:00,0.705529638912541,INFEASIBLE,OPTIMAL,true,operational_voltage_model_infeasible;diagnostic_solution_recorded
1,2011-02-05 11:30:00,0.766795783515417,INFEASIBLE,OPTIMAL,true,operational_voltage_model_infeasible;diagnostic_solution_recorded
1,2011-02-05 12:00:00,0.80043651888184,INFEASIBLE,OPTIMAL,true,operational_voltage_model_infeasible;diagnostic_solution_recorded
1,2011-02-05 12:30:00,0.835326849508917,INFEASIBLE,OPTIMAL,true,operational_voltage_model_infeasible;diagnostic_solution_recorded
1,2011-02-05 13:00:00,0.862251909770108,INFEASIBLE,OPTIMAL,true,operational_voltage_model_infeasible;diagnostic_solution_recorded
1,2011-02-05 13:30:00,0.867139961864559,INFEASIBLE,OPTIMAL,true,operational_voltage_model_infeasible;diagnostic_solution_recorded
1,2011-02-05 14:00:00,0.885121181958819,INFEASIBLE,OPTIMAL,true,operational_voltage_model_infeasible;diagnostic_solution_recorded
1,2011-02-05 14:30:00,0.921757588113255,INFEASIBLE,OPTIMAL,true,operational_voltage_model_infeasible;diagnostic_solution_recorded
1,2011-02-05 15:00:00,0.931406574166237,INFEASIBLE,OPTIMAL,true,operational_voltage_model_infeasible;diagnostic_solution_recorded
1,2011-02-05 15:30:00,0.95220118243851,INFEASIBLE,OPTIMAL,true,operational_voltage_model_infeasible;diagnostic_solution_recorded
1,2011-02-05 16:00:00,0.955767685610467,INFEASIBLE,OPTIMAL,true,operational_voltage_model_infeasible;diagnostic_solution_recorded
1,2011-02-05 16:30:00,0.966347272356603,INFEASIBLE,OPTIMAL,true,operational_voltage_model_infeasible;diagnostic_solution_recorded
1,2011-02-05 17:00:00,0.970371880508953,INFEASIBLE,OPTIMAL,true,operational_voltage_model_infeasible;diagnostic_solution_recorded
1,2011-02-05 17:30:00,0.972880664851835,INFEASIBLE,OPTIMAL,true,operational_voltage_model_infeasible;diagnostic_solution_recorded
1,2011-02-05 18:00:00,1,INFEASIBLE,OPTIMAL,true,operational_voltage_model_infeasible;diagnostic_solution_recorded
1,2011-02-05 18:30:00,0.961284133018336,INFEASIBLE,OPTIMAL,true,operational_voltage_model_infeasible;diagnostic_solution_recorded
1,2011-02-05 19:00:00,0.927576240900861,INFEASIBLE,OPTIMAL,true,operational_voltage_model_infeasible;diagnostic_solution_recorded
1,2011-02-05 19:30:00,0.890558480338662,INFEASIBLE,OPTIMAL,true,operational_voltage_model_infeasible;diagnostic_solution_recorded
1,2011-02-05 20:00:00,0.892179836185497,INFEASIBLE,OPTIMAL,true,operational_voltage_model_infeasible;diagnostic_solution_recorded
1,2011-02-05 20:30:00,0.845539472579659,INFEASIBLE,OPTIMAL,true,operational_voltage_model_infeasible;diagnostic_solution_recorded
1,2011-02-05 21:00:00,0.823703934666077,INFEASIBLE,OPTIMAL,true,operational_voltage_model_infeasible;diagnostic_solution_recorded
1,2011-02-05 21:30:00,0.826471752191589,INFEASIBLE,OPTIMAL,true,operational_voltage_model_infeasible;diagnostic_solution_recorded
1,2011-02-05 22:00:00,0.757705637569406,INFEASIBLE,OPTIMAL,true,operational_voltage_model_infeasible;diagnostic_solution_recorded
1,2011-02-05 22:30:00,0.684708647630927,INFEASIBLE,OPTIMAL,true,operational_voltage_model_infeasible;diagnostic_solution_recorded
1,2011-02-05 23:00:00,0.620082267020039,INFEASIBLE,OPTIMAL,true,operational_voltage_model_infeasible;diagnostic_solution_recorded
1,2011-02-06 11:00:00,0.642361519181647,INFEASIBLE,OPTIMAL,true,operational_voltage_model_infeasible;diagnostic_solution_recorded
1,2011-02-06 11:30:00,0.66556177821483,INFEASIBLE,OPTIMAL,true,operational_voltage_model_infeasible;diagnostic_solution_recorded
1,2011-02-06 12:00:00,0.693585331046806,INFEASIBLE,OPTIMAL,true,operational_voltage_model_infeasible;diagnostic_solution_recorded
1,2011-02-06 12:30:00,0.707712233321741,INFEASIBLE,OPTIMAL,true,operational_voltage_model_infeasible;diagnostic_solution_recorded
1,2011-02-06 13:00:00,0.676925659875041,INFEASIBLE,OPTIMAL,true,operational_voltage_model_infeasible;diagnostic_solution_recorded
1,2011-02-06 13:30:00,0.642462254308226,INFEASIBLE,OPTIMAL,true,operational_voltage_model_infeasible;diagnostic_solution_recorded
1,2011-02-11 11:30:00,0.233170638109058,ALMOST_OPTIMAL,not_run,true,voltage_drop_tolerance_exceeded
1,2011-02-13 13:30:00,0.230774581169727,ALMOST_OPTIMAL,not_run,true,voltage_drop_tolerance_exceeded
1,2011-02-13 17:30:00,0.302617914063343,ALMOST_OPTIMAL,not_run,true,voltage_drop_tolerance_exceeded
1,2011-02-17 13:30:00,0.256625133414081,ALMOST_OPTIMAL,not_run,true,voltage_drop_tolerance_exceeded
1,2011-02-18 19:30:00,0.326137167664025,ALMOST_OPTIMAL,not_run,true,voltage_drop_tolerance_exceeded
1,2011-02-19 18:30:00,0.613261059877439,INFEASIBLE,OPTIMAL,true,operational_voltage_model_infeasible;diagnostic_solution_recorded
1,2011-02-20 13:00:00,0.630330866921703,INFEASIBLE,OPTIMAL,true,operational_voltage_model_infeasible;diagnostic_solution_recorded
1,2011-02-20 13:30:00,0.639728015158239,INFEASIBLE,OPTIMAL,true,operational_voltage_model_infeasible;diagnostic_solution_recorded
1,2011-02-20 14:00:00,0.634249943036685,INFEASIBLE,OPTIMAL,true,operational_voltage_model_infeasible;diagnostic_solution_recorded
1,2011-02-20 14:30:00,0.649453751783851,INFEASIBLE,OPTIMAL,true,operational_voltage_model_infeasible;diagnostic_solution_recorded
1,2011-02-20 15:00:00,0.669785458164942,INFEASIBLE,OPTIMAL,true,operational_voltage_model_infeasible;diagnostic_solution_recorded
1,2011-02-20 15:30:00,0.626946646359745,INFEASIBLE,OPTIMAL,true,operational_voltage_model_infeasible;diagnostic_solution_recorded
1,2011-02-20 16:00:00,0.621015266168587,INFEASIBLE,OPTIMAL,true,operational_voltage_model_infeasible;diagnostic_solution_recorded
1,2011-02-20 20:00:00,0.520771822946023,SLOW_PROGRESS,ALMOST_OPTIMAL,true,operational_voltage_model_infeasible;diagnostic_solution_recorded
1,2011-02-24 03:00:00,0.122599445956804,NUMERICAL_ERROR,OPTIMAL,true,operational_voltage_model_infeasible;diagnostic_solution_recorded
1,2011-02-25 19:30:00,0.286670584143812,ALMOST_OPTIMAL,not_run,true,voltage_drop_tolerance_exceeded
1,2011-02-26 14:00:00,0.298614892009546,ALMOST_OPTIMAL,not_run,true,voltage_drop_tolerance_exceeded
1,2011-02-28 19:00:00,0.361449626440573,ALMOST_OPTIMAL,not_run,true,voltage_drop_tolerance_exceeded
1,2011-02-28 20:30:00,0.380706824804826,SLOW_PROGRESS,OPTIMAL,true,operational_voltage_model_infeasible;diagnostic_solution_recorded
1,2011-03-01 13:30:00,0.380227133725881,NUMERICAL_ERROR,OPTIMAL,true,operational_voltage_model_infeasible;diagnostic_solution_recorded
1,2011-03-02 19:30:00,0.293427032990754,ALMOST_OPTIMAL,not_run,true,voltage_drop_tolerance_exceeded
1,2011-03-08 17:00:00,0.28239653663041,ALMOST_OPTIMAL,not_run,true,voltage_drop_tolerance_exceeded
1,2011-03-08 22:00:00,0.261836976986821,ALMOST_OPTIMAL,not_run,true,voltage_drop_tolerance_exceeded
1,2011-03-09 04:00:00,0.127439528943361,ALMOST_OPTIMAL,not_run,true,voltage_drop_tolerance_exceeded
1,2011-03-29 03:30:00,0.122786525477592,ALMOST_OPTIMAL,not_run,true,voltage_drop_tolerance_exceeded
1,2011-03-29 18:30:00,0.301699305647163,ALMOST_OPTIMAL,not_run,true,voltage_drop_tolerance_exceeded
1,2011-04-01 13:30:00,0.199242088095267,ALMOST_OPTIMAL,not_run,true,voltage_drop_tolerance_exceeded
1,2011-04-03 13:00:00,0.212179356494418,ALMOST_OPTIMAL,not_run,true,voltage_drop_tolerance_exceeded
1,2011-04-05 20:30:00,0.283785242303956,ALMOST_OPTIMAL,not_run,true,voltage_drop_tolerance_exceeded
1,2011-04-06 21:30:00,0.260899180927483,NUMERICAL_ERROR,OPTIMAL,true,operational_voltage_model_infeasible;diagnostic_solution_recorded
1,2011-04-08 02:30:00,0.123877822682193,ALMOST_OPTIMAL,not_run,true,voltage_drop_tolerance_exceeded
1,2011-04-17 01:00:00,0.12893616510967,ALMOST_OPTIMAL,not_run,true,voltage_drop_tolerance_exceeded
1,2011-04-18 20:00:00,0.310894983630542,ALMOST_OPTIMAL,not_run,true,voltage_drop_tolerance_exceeded
1,2011-04-25 10:30:00,0.239653663041002,ALMOST_OPTIMAL,not_run,true,voltage_drop_tolerance_exceeded
1,2011-04-29 20:30:00,0.305942173240433,ALMOST_OPTIMAL,not_run,true,voltage_drop_tolerance_exceeded
1,2011-04-30 09:00:00,0.271632268818881,ALMOST_OPTIMAL,not_run,true,voltage_drop_tolerance_exceeded
1,2011-04-30 17:00:00,0.320006715675105,ALMOST_OPTIMAL,not_run,true,voltage_drop_tolerance_exceeded
1,2011-05-06 02:00:00,0.130466379651504,ALMOST_OPTIMAL,not_run,true,voltage_drop_tolerance_exceeded
1,2011-05-06 19:00:00,0.412630266108626,ALMOST_OPTIMAL,not_run,true,voltage_drop_tolerance_exceeded
1,2011-05-08 03:30:00,0.125873337570605,ALMOST_OPTIMAL,not_run,true,voltage_drop_tolerance_exceeded
1,2011-05-10 22:30:00,0.260246801060117,ALMOST_OPTIMAL,not_run,true,voltage_drop_tolerance_exceeded
1,2011-05-11 17:30:00,0.595651600369362,INFEASIBLE,OPTIMAL,true,operational_voltage_model_infeasible;diagnostic_solution_recorded
1,2011-05-11 18:00:00,0.602007507165386,INFEASIBLE,OPTIMAL,true,operational_voltage_model_infeasible;diagnostic_solution_recorded
1,2011-05-14 21:00:00,0.41766702243755,ALMOST_OPTIMAL,not_run,true,voltage_drop_tolerance_exceeded
1,2011-05-18 18:00:00,0.428848621487762,ALMOST_OPTIMAL,not_run,true,voltage_drop_tolerance_exceeded
1,2011-05-18 19:00:00,0.423524050511471,SLOW_PROGRESS,OPTIMAL,true,operational_voltage_model_infeasible;diagnostic_solution_recorded
1,2011-05-19 18:00:00,0.395342199623443,ALMOST_OPTIMAL,not_run,true,voltage_drop_tolerance_exceeded
1,2011-05-23 07:00:00,0.308940242483841,ALMOST_OPTIMAL,not_run,true,voltage_drop_tolerance_exceeded
1,2011-05-23 08:00:00,0.281295645604231,ALMOST_OPTIMAL,not_run,true,voltage_drop_tolerance_exceeded
1,2011-05-23 11:30:00,0.197524794032643,ALMOST_OPTIMAL,not_run,true,voltage_drop_tolerance_exceeded
1,2011-05-30 22:30:00,0.276529914734911,ALMOST_OPTIMAL,not_run,true,voltage_drop_tolerance_exceeded
1,2011-06-01 22:00:00,0.306004533080696,ALMOST_OPTIMAL,not_run,true,voltage_drop_tolerance_exceeded
1,2011-06-02 08:00:00,0.268734934702052,ALMOST_OPTIMAL,not_run,true,voltage_drop_tolerance_exceeded
1,2011-06-03 18:00:00,0.426658831712377,ALMOST_OPTIMAL,not_run,true,voltage_drop_tolerance_exceeded
1,2011-06-06 22:00:00,0.369247004928826,ALMOST_OPTIMAL,not_run,true,voltage_drop_tolerance_exceeded
1,2011-06-07 10:30:00,0.266708239893509,ALMOST_OPTIMAL,not_run,true,voltage_drop_tolerance_exceeded
1,2011-06-07 17:30:00,0.628265796826844,INFEASIBLE,OPTIMAL,true,operational_voltage_model_infeasible;diagnostic_solution_recorded
1,2011-06-07 18:00:00,0.618959789895307,INFEASIBLE,OPTIMAL,true,operational_voltage_model_infeasible;diagnostic_solution_recorded
1,2011-06-07 18:30:00,0.628109897226187,INFEASIBLE,OPTIMAL,true,operational_voltage_model_infeasible;diagnostic_solution_recorded
1,2011-06-07 19:00:00,0.629692877786706,INFEASIBLE,OPTIMAL,true,operational_voltage_model_infeasible;diagnostic_solution_recorded
1,2011-06-07 19:30:00,0.62550277621212,INFEASIBLE,OPTIMAL,true,operational_voltage_model_infeasible;diagnostic_solution_recorded
1,2011-06-07 20:00:00,0.611548562725605,INFEASIBLE,OPTIMAL,true,operational_voltage_model_infeasible;diagnostic_solution_recorded
1,2011-06-07 20:30:00,0.611176802139422,INFEASIBLE,OPTIMAL,true,operational_voltage_model_infeasible;diagnostic_solution_recorded
1,2011-06-08 17:30:00,0.617607061052682,INFEASIBLE,OPTIMAL,true,operational_voltage_model_infeasible;diagnostic_solution_recorded
1,2011-06-08 18:00:00,0.63822658208114,INFEASIBLE,OPTIMAL,true,operational_voltage_model_infeasible;diagnostic_solution_recorded
1,2011-06-08 18:30:00,0.641011188794417,INFEASIBLE,OPTIMAL,true,operational_voltage_model_infeasible;diagnostic_solution_recorded
1,2011-06-08 19:00:00,0.621307877726745,INFEASIBLE,OPTIMAL,true,operational_voltage_model_infeasible;diagnostic_solution_recorded
1,2011-06-08 19:30:00,0.607663064986149,INFEASIBLE,OPTIMAL,true,operational_voltage_model_infeasible;diagnostic_solution_recorded
1,2011-06-08 20:00:00,0.608284264933383,INFEASIBLE,OPTIMAL,true,operational_voltage_model_infeasible;diagnostic_solution_recorded
1,2011-06-09 15:30:00,0.26223751903774,ALMOST_OPTIMAL,not_run,true,voltage_drop_tolerance_exceeded
1,2011-06-09 17:30:00,0.621120798205956,INFEASIBLE,OPTIMAL,true,operational_voltage_model_infeasible;diagnostic_solution_recorded
1,2011-06-09 18:00:00,0.60617122573063,INFEASIBLE,OPTIMAL,true,operational_voltage_model_infeasible;diagnostic_solution_recorded
1,2011-06-09 18:30:00,0.609106935133774,INFEASIBLE,OPTIMAL,true,operational_voltage_model_infeasible;diagnostic_solution_recorded
1,2011-06-10 17:30:00,0.632048160984326,INFEASIBLE,OPTIMAL,true,operational_voltage_model_infeasible;diagnostic_solution_recorded
1,2011-06-10 18:00:00,0.661297324523007,INFEASIBLE,OPTIMAL,true,operational_voltage_model_infeasible;diagnostic_solution_recorded
1,2011-06-10 18:30:00,0.609243647091273,INFEASIBLE,OPTIMAL,true,operational_voltage_model_infeasible;diagnostic_solution_recorded
1,2011-06-16 07:00:00,0.317682612397616,ALMOST_OPTIMAL,not_run,true,voltage_drop_tolerance_exceeded
1,2011-06-16 14:00:00,0.22212814947174,ALMOST_OPTIMAL,not_run,true,voltage_drop_tolerance_exceeded
1,2011-06-17 17:00:00,0.505855828846223,ALMOST_OPTIMAL,not_run,true,voltage_drop_tolerance_exceeded
1,2011-06-22 17:30:00,0.610049528103901,INFEASIBLE,OPTIMAL,true,operational_voltage_model_infeasible;diagnostic_solution_recorded
1,2011-06-22 18:00:00,0.611529375082447,INFEASIBLE,OPTIMAL,true,operational_voltage_model_infeasible;diagnostic_solution_recorded
1,2011-06-22 18:30:00,0.625999256478828,INFEASIBLE,OPTIMAL,true,operational_voltage_model_infeasible;diagnostic_solution_recorded
1,2011-06-22 19:00:00,0.595582045162915,INFEASIBLE,OPTIMAL,true,operational_voltage_model_infeasible;diagnostic_solution_recorded
1,2011-06-24 20:00:00,0.49569357333877,SLOW_PROGRESS,OPTIMAL,true,operational_voltage_model_infeasible;diagnostic_solution_recorded
1,2011-06-26 09:30:00,0.331725568733736,ALMOST_OPTIMAL,not_run,true,voltage_drop_tolerance_exceeded
1,2011-07-02 23:00:00,0.284171393622507,NUMERICAL_ERROR,OPTIMAL,true,operational_voltage_model_infeasible;diagnostic_solution_recorded
1,2011-07-09 17:30:00,0.607353664240229,INFEASIBLE,OPTIMAL,true,operational_voltage_model_infeasible;diagnostic_solution_recorded
1,2011-07-09 18:00:00,0.625896122896855,INFEASIBLE,OPTIMAL,true,operational_voltage_model_infeasible;diagnostic_solution_recorded
1,2011-07-10 09:00:00,0.410903378224424,ALMOST_OPTIMAL,not_run,true,voltage_drop_tolerance_exceeded
1,2011-07-10 17:30:00,0.601897178217228,INFEASIBLE,OPTIMAL,true,operational_voltage_model_infeasible;diagnostic_solution_recorded
1,2011-07-10 18:00:00,0.637540623838248,INFEASIBLE,OPTIMAL,true,operational_voltage_model_infeasible;diagnostic_solution_recorded
1,2011-07-10 18:30:00,0.620276541907012,INFEASIBLE,OPTIMAL,true,operational_voltage_model_infeasible;diagnostic_solution_recorded
1,2011-07-10 19:00:00,0.605454087567606,INFEASIBLE,OPTIMAL,true,operational_voltage_model_infeasible;diagnostic_solution_recorded
1,2011-07-10 23:00:00,0.292693105639968,ALMOST_OPTIMAL,not_run,true,voltage_drop_tolerance_exceeded
1,2011-07-13 14:00:00,0.330914890810318,ALMOST_OPTIMAL,not_run,true,voltage_drop_tolerance_exceeded
1,2011-07-13 15:30:00,0.364546032355163,ALMOST_OPTIMAL,not_run,true,voltage_drop_tolerance_exceeded
1,2011-07-13 17:30:00,0.63180112007867,INFEASIBLE,OPTIMAL,true,operational_voltage_model_infeasible;diagnostic_solution_recorded
1,2011-07-13 18:00:00,0.653768573038963,INFEASIBLE,OPTIMAL,true,operational_voltage_model_infeasible;diagnostic_solution_recorded
1,2011-07-13 18:30:00,0.631774737069328,INFEASIBLE,OPTIMAL,true,operational_voltage_model_infeasible;diagnostic_solution_recorded
1,2011-07-13 19:00:00,0.642179236571649,INFEASIBLE,OPTIMAL,true,operational_voltage_model_infeasible;diagnostic_solution_recorded
1,2011-07-13 19:30:00,0.610987324163239,INFEASIBLE,OPTIMAL,true,operational_voltage_model_infeasible;diagnostic_solution_recorded
1,2011-07-13 20:00:00,0.608598462590092,INFEASIBLE,OPTIMAL,true,operational_voltage_model_infeasible;diagnostic_solution_recorded
1,2011-07-13 20:30:00,0.604525885329848,INFEASIBLE,OPTIMAL,true,operational_voltage_model_infeasible;diagnostic_solution_recorded
1,2011-07-14 18:00:00,0.601110484847759,INFEASIBLE,OPTIMAL,true,operational_voltage_model_infeasible;diagnostic_solution_recorded
1,2011-07-15 17:00:00,0.623653567102786,INFEASIBLE,OPTIMAL,true,operational_voltage_model_infeasible;diagnostic_solution_recorded
1,2011-07-15 17:30:00,0.697082279012317,INFEASIBLE,OPTIMAL,true,operational_voltage_model_infeasible;diagnostic_solution_recorded
1,2011-07-15 18:00:00,0.646122297240578,INFEASIBLE,OPTIMAL,true,operational_voltage_model_infeasible;diagnostic_solution_recorded
1,2011-07-15 18:30:00,0.626670823989351,INFEASIBLE,OPTIMAL,true,operational_voltage_model_infeasible;diagnostic_solution_recorded
1,2011-07-17 22:00:00,0.378066125415233,ALMOST_OPTIMAL,not_run,true,voltage_drop_tolerance_exceeded
1,2011-07-19 17:30:00,0.66145562257906,INFEASIBLE,OPTIMAL,true,operational_voltage_model_infeasible;diagnostic_solution_recorded
1,2011-07-19 18:00:00,0.682600405338962,INFEASIBLE,OPTIMAL,true,operational_voltage_model_infeasible;diagnostic_solution_recorded
1,2011-07-19 18:30:00,0.677287826639645,INFEASIBLE,OPTIMAL,true,operational_voltage_model_infeasible;diagnostic_solution_recorded
1,2011-07-19 19:00:00,0.66879489608692,INFEASIBLE,OPTIMAL,true,operational_voltage_model_infeasible;diagnostic_solution_recorded
1,2011-07-19 19:30:00,0.641042368714548,INFEASIBLE,OPTIMAL,true,operational_voltage_model_infeasible;diagnostic_solution_recorded
1,2011-07-19 20:00:00,0.612030652259945,INFEASIBLE,OPTIMAL,true,operational_voltage_model_infeasible;diagnostic_solution_recorded
1,2011-07-19 20:30:00,0.596879609531462,INFEASIBLE,OPTIMAL,true,operational_voltage_model_infeasible;diagnostic_solution_recorded
1,2011-07-21 17:00:00,0.609509875640088,INFEASIBLE,OPTIMAL,true,operational_voltage_model_infeasible;diagnostic_solution_recorded
1,2011-07-21 17:30:00,0.656495616822767,INFEASIBLE,OPTIMAL,true,operational_voltage_model_infeasible;diagnostic_solution_recorded
1,2011-07-21 18:00:00,0.662172760742083,INFEASIBLE,OPTIMAL,true,operational_voltage_model_infeasible;diagnostic_solution_recorded
1,2011-07-21 18:30:00,0.614882415724274,INFEASIBLE,OPTIMAL,true,operational_voltage_model_infeasible;diagnostic_solution_recorded
1,2011-07-21 19:30:00,0.598779186204084,INFEASIBLE,OPTIMAL,true,operational_voltage_model_infeasible;diagnostic_solution_recorded
1,2011-07-22 12:30:00,0.318102342091693,ALMOST_OPTIMAL,not_run,true,voltage_drop_tolerance_exceeded
1,2011-07-22 17:30:00,0.64819935961241,INFEASIBLE,OPTIMAL,true,operational_voltage_model_infeasible;diagnostic_solution_recorded
1,2011-07-22 18:00:00,0.624214805665152,INFEASIBLE,OPTIMAL,true,operational_voltage_model_infeasible;diagnostic_solution_recorded
1,2011-07-22 18:30:00,0.609718541259429,INFEASIBLE,OPTIMAL,true,operational_voltage_model_infeasible;diagnostic_solution_recorded
1,2011-07-23 17:30:00,0.645808099583868,INFEASIBLE,OPTIMAL,true,operational_voltage_model_infeasible;diagnostic_solution_recorded
1,2011-07-23 18:00:00,0.673040162135585,INFEASIBLE,OPTIMAL,true,operational_voltage_model_infeasible;diagnostic_solution_recorded
1,2011-07-23 18:30:00,0.661261347692087,INFEASIBLE,OPTIMAL,true,operational_voltage_model_infeasible;diagnostic_solution_recorded
1,2011-07-23 19:00:00,0.640219698514157,INFEASIBLE,OPTIMAL,true,operational_voltage_model_infeasible;diagnostic_solution_recorded
1,2011-07-23 19:30:00,0.599805725113028,INFEASIBLE,OPTIMAL,true,operational_voltage_model_infeasible;diagnostic_solution_recorded
1,2011-07-24 17:30:00,0.643726240301247,INFEASIBLE,OPTIMAL,true,operational_voltage_model_infeasible;diagnostic_solution_recorded
1,2011-07-24 18:00:00,0.660117284468803,INFEASIBLE,OPTIMAL,true,operational_voltage_model_infeasible;diagnostic_solution_recorded
1,2011-07-24 18:30:00,0.650230851331743,INFEASIBLE,OPTIMAL,true,operational_voltage_model_infeasible;diagnostic_solution_recorded
1,2011-07-24 19:00:00,0.629913535683021,INFEASIBLE,OPTIMAL,true,operational_voltage_model_infeasible;diagnostic_solution_recorded
1,2011-08-03 20:00:00,0.396536630410016,ALMOST_OPTIMAL,not_run,true,voltage_drop_tolerance_exceeded
1,2011-08-07 00:30:00,0.152153213330615,NUMERICAL_ERROR,OPTIMAL,true,operational_voltage_model_infeasible;diagnostic_solution_recorded
1,2011-08-08 21:00:00,0.443539160780457,ALMOST_OPTIMAL,not_run,true,voltage_drop_tolerance_exceeded
1,2011-08-09 18:00:00,0.596483864391332,INFEASIBLE,OPTIMAL,true,operational_voltage_model_infeasible;diagnostic_solution_recorded
1,2011-08-09 18:30:00,0.614661757827959,INFEASIBLE,OPTIMAL,true,operational_voltage_model_infeasible;diagnostic_solution_recorded
1,2011-08-11 21:00:00,0.454171513545277,ALMOST_OPTIMAL,not_run,true,voltage_drop_tolerance_exceeded
1,2011-08-19 13:30:00,0.299202513581254,ALMOST_OPTIMAL,not_run,true,voltage_drop_tolerance_exceeded
1,2011-08-26 04:30:00,0.142799237291184,ALMOST_OPTIMAL,not_run,true,voltage_drop_tolerance_exceeded
1,2011-08-31 17:00:00,0.293451017544701,ALMOST_OPTIMAL,not_run,true,voltage_drop_tolerance_exceeded
1,2011-09-04 18:00:00,0.399268471104609,ALMOST_OPTIMAL,not_run,true,voltage_drop_tolerance_exceeded
1,2011-09-21 23:00:00,0.182234640891266,ALMOST_OPTIMAL,not_run,true,voltage_drop_tolerance_exceeded
1,2011-09-24 08:00:00,0.219919172053198,ALMOST_OPTIMAL,not_run,true,voltage_drop_tolerance_exceeded
1,2011-10-01 02:30:00,0.128588389077434,ALMOST_OPTIMAL,not_run,true,voltage_drop_tolerance_exceeded
1,2011-10-03 20:00:00,0.373717725784595,ALMOST_OPTIMAL,not_run,true,voltage_drop_tolerance_exceeded
1,2011-10-19 01:30:00,0.127525873337571,ALMOST_OPTIMAL,not_run,true,voltage_drop_tolerance_exceeded
1,2011-10-19 07:30:00,0.232040965618142,ALMOST_OPTIMAL,not_run,true,voltage_drop_tolerance_exceeded
1,2011-10-24 03:30:00,0.125352872749949,ALMOST_OPTIMAL,not_run,true,voltage_drop_tolerance_exceeded
1,2011-10-29 03:30:00,0.123340568673774,ALMOST_OPTIMAL,not_run,true,voltage_drop_tolerance_exceeded
1,2011-10-29 16:30:00,0.253276889683044,ALMOST_OPTIMAL,not_run,true,voltage_drop_tolerance_exceeded
1,2011-10-31 03:00:00,0.128573998345066,ALMOST_OPTIMAL,not_run,true,voltage_drop_tolerance_exceeded
1,2011-11-04 19:00:00,0.275599314041757,ALMOST_OPTIMAL,not_run,true,voltage_drop_tolerance_exceeded
1,2011-11-06 19:00:00,0.363768932807273,ALMOST_OPTIMAL,not_run,true,voltage_drop_tolerance_exceeded
1,2011-11-12 03:30:00,0.121652056075887,ALMOST_OPTIMAL,not_run,true,voltage_drop_tolerance_exceeded
1,2011-11-14 17:30:00,0.597097868972383,INFEASIBLE,OPTIMAL,true,operational_voltage_model_infeasible;diagnostic_solution_recorded
1,2011-11-14 19:00:00,0.605010373319583,INFEASIBLE,OPTIMAL,true,operational_voltage_model_infeasible;diagnostic_solution_recorded
1,2011-11-14 19:30:00,0.624025327688969,INFEASIBLE,OPTIMAL,true,operational_voltage_model_infeasible;diagnostic_solution_recorded
1,2011-11-14 20:00:00,0.60555722114958,INFEASIBLE,OPTIMAL,true,operational_voltage_model_infeasible;diagnostic_solution_recorded
1,2011-11-14 20:30:00,0.604372384184585,INFEASIBLE,OPTIMAL,true,operational_voltage_model_infeasible;diagnostic_solution_recorded
1,2011-11-27 18:00:00,0.298327077362179,ALMOST_OPTIMAL,not_run,true,voltage_drop_tolerance_exceeded
1,2011-12-03 04:00:00,0.12709415136652,ALMOST_OPTIMAL,not_run,true,voltage_drop_tolerance_exceeded
1,2011-12-07 04:00:00,0.128691522659407,ALMOST_OPTIMAL,not_run,true,voltage_drop_tolerance_exceeded
1,2011-12-17 04:00:00,0.125110628755082,ALMOST_OPTIMAL,not_run,true,voltage_drop_tolerance_exceeded
1,2011-12-24 13:00:00,0.287126290668809,ALMOST_OPTIMAL,not_run,true,voltage_drop_tolerance_exceeded
1,2011-12-29 22:00:00,0.23967285068416,ALMOST_OPTIMAL,not_run,true,voltage_drop_tolerance_exceeded
1,2012-01-04 15:30:00,0.465804022209697,ALMOST_OPTIMAL,not_run,true,voltage_drop_tolerance_exceeded
1,2012-01-12 05:00:00,0.129490208305851,ALMOST_OPTIMAL,not_run,true,voltage_drop_tolerance_exceeded
1,2012-01-25 19:30:00,0.288306330723015,ALMOST_OPTIMAL,not_run,true,voltage_drop_tolerance_exceeded
1,2012-01-26 16:30:00,0.279220981687793,ALMOST_OPTIMAL,not_run,true,voltage_drop_tolerance_exceeded
1,2012-02-03 02:00:00,0.12648014678547,ALMOST_OPTIMAL,not_run,true,voltage_drop_tolerance_exceeded
1,2012-02-03 22:00:00,0.263331214697735,ALMOST_OPTIMAL,not_run,true,voltage_drop_tolerance_exceeded
1,2012-02-12 16:00:00,0.279530382433713,ALMOST_OPTIMAL,not_run,true,voltage_drop_tolerance_exceeded
1,2012-02-14 21:30:00,0.260556201806037,ALMOST_OPTIMAL,not_run,true,voltage_drop_tolerance_exceeded
1,2012-02-17 04:00:00,0.131310635950448,ALMOST_OPTIMAL,not_run,true,voltage_drop_tolerance_exceeded
1,2012-02-17 15:00:00,0.199177329799609,ALMOST_OPTIMAL,not_run,true,voltage_drop_tolerance_exceeded
1,2012-03-11 04:00:00,0.127017400793889,NUMERICAL_ERROR,OPTIMAL,true,operational_voltage_model_infeasible;diagnostic_solution_recorded
1,2012-03-15 20:30:00,0.301483444661638,ALMOST_OPTIMAL,not_run,true,voltage_drop_tolerance_exceeded
1,2012-03-20 04:30:00,0.121234724837205,ALMOST_OPTIMAL,not_run,true,voltage_drop_tolerance_exceeded
1,2012-03-26 18:30:00,0.301624953529927,ALMOST_OPTIMAL,not_run,true,voltage_drop_tolerance_exceeded
1,2012-03-26 21:00:00,0.279434444217924,ALMOST_OPTIMAL,not_run,true,voltage_drop_tolerance_exceeded
1,2012-03-28 03:30:00,0.129900344178349,ALMOST_OPTIMAL,not_run,true,voltage_drop_tolerance_exceeded
1,2012-04-07 20:30:00,0.255293990670009,ALMOST_OPTIMAL,not_run,true,voltage_drop_tolerance_exceeded
1,2012-04-09 11:00:00,0.22738076678619,ALMOST_OPTIMAL,not_run,true,voltage_drop_tolerance_exceeded
1,2012-04-15 01:30:00,0.130811757228345,ALMOST_OPTIMAL,not_run,true,voltage_drop_tolerance_exceeded
1,2012-04-16 05:00:00,0.129641310995719,ALMOST_OPTIMAL,not_run,true,voltage_drop_tolerance_exceeded
1,2012-04-17 20:30:00,0.294460767265881,ALMOST_OPTIMAL,not_run,true,voltage_drop_tolerance_exceeded
1,2012-04-22 05:00:00,0.122618633599962,ALMOST_OPTIMAL,not_run,true,voltage_drop_tolerance_exceeded
1,2012-04-23 09:00:00,0.236964994543514,ALMOST_OPTIMAL,not_run,true,voltage_drop_tolerance_exceeded
1,2012-04-25 03:30:00,0.122858479139434,ALMOST_OPTIMAL,not_run,true,voltage_drop_tolerance_exceeded
1,2012-04-25 10:00:00,0.254128341348172,ALMOST_OPTIMAL,not_run,true,voltage_drop_tolerance_exceeded
1,2012-04-27 02:00:00,0.122225286915227,ALMOST_OPTIMAL,not_run,true,voltage_drop_tolerance_exceeded
1,2012-04-28 20:30:00,0.292386103349443,ALMOST_OPTIMAL,not_run,true,voltage_drop_tolerance_exceeded
1,2012-05-08 07:00:00,0.289052250350775,ALMOST_OPTIMAL,not_run,true,voltage_drop_tolerance_exceeded
1,2012-05-09 07:00:00,0.278295177905429,ALMOST_OPTIMAL,not_run,true,voltage_drop_tolerance_exceeded
1,2012-05-11 01:30:00,0.125484787796659,ALMOST_OPTIMAL,not_run,true,voltage_drop_tolerance_exceeded
1,2012-05-17 20:30:00,0.395387770275942,ALMOST_OPTIMAL,not_run,true,voltage_drop_tolerance_exceeded
1,2012-05-19 22:00:00,0.322721767181935,NUMERICAL_ERROR,ALMOST_OPTIMAL,true,operational_voltage_model_infeasible;diagnostic_solution_recorded
1,2012-05-25 21:30:00,0.427519877199084,ALMOST_OPTIMAL,not_run,true,voltage_drop_tolerance_exceeded
1,2012-05-28 03:30:00,0.129583748066245,ALMOST_OPTIMAL,not_run,true,voltage_drop_tolerance_exceeded
1,2012-05-29 16:00:00,0.25703526928658,ALMOST_OPTIMAL,not_run,true,voltage_drop_tolerance_exceeded
1,2012-05-29 19:30:00,0.461086260448271,ALMOST_OPTIMAL,not_run,true,voltage_drop_tolerance_exceeded
1,2012-06-02 15:00:00,0.290030820151822,ALMOST_OPTIMAL,not_run,true,voltage_drop_tolerance_exceeded
1,2012-06-05 17:30:00,0.615016729226379,INFEASIBLE,OPTIMAL,true,operational_voltage_model_infeasible;diagnostic_solution_recorded
1,2012-06-05 18:00:00,0.63161883746867,INFEASIBLE,OPTIMAL,true,operational_voltage_model_infeasible;diagnostic_solution_recorded
1,2012-06-05 18:30:00,0.641251034333889,INFEASIBLE,OPTIMAL,true,operational_voltage_model_infeasible;diagnostic_solution_recorded
1,2012-06-08 18:00:00,0.618647990693993,INFEASIBLE,OPTIMAL,true,operational_voltage_model_infeasible;diagnostic_solution_recorded
1,2012-06-08 18:30:00,0.600858647031312,INFEASIBLE,OPTIMAL,true,operational_voltage_model_infeasible;diagnostic_solution_recorded
1,2012-06-09 12:00:00,0.274815019127682,ALMOST_OPTIMAL,not_run,true,voltage_drop_tolerance_exceeded
1,2012-06-09 17:30:00,0.596493458212911,INFEASIBLE,OPTIMAL,true,operational_voltage_model_infeasible;diagnostic_solution_recorded
1,2012-06-09 18:30:00,0.599738568361975,INFEASIBLE,OPTIMAL,true,operational_voltage_model_infeasible;diagnostic_solution_recorded
1,2012-06-11 07:30:00,0.283240792929354,ALMOST_OPTIMAL,not_run,true,voltage_drop_tolerance_exceeded
1,2012-06-11 17:00:00,0.616362262702819,INFEASIBLE,OPTIMAL,true,operational_voltage_model_infeasible;diagnostic_solution_recorded
1,2012-06-11 17:30:00,0.633604758535503,INFEASIBLE,OPTIMAL,true,operational_voltage_model_infeasible;diagnostic_solution_recorded
1,2012-06-11 18:00:00,0.61814911197189,INFEASIBLE,OPTIMAL,true,operational_voltage_model_infeasible;diagnostic_solution_recorded
1,2012-06-11 18:30:00,0.60158298056052,INFEASIBLE,OPTIMAL,true,operational_voltage_model_infeasible;diagnostic_solution_recorded
1,2012-06-13 01:30:00,0.14467482940986,ALMOST_OPTIMAL,not_run,true,voltage_drop_tolerance_exceeded
1,2012-06-15 19:00:00,0.453226522119755,ALMOST_OPTIMAL,not_run,true,voltage_drop_tolerance_exceeded
1,2012-06-15 21:00:00,0.401803638456834,ALMOST_OPTIMAL,not_run,true,voltage_drop_tolerance_exceeded
1,2012-06-21 07:00:00,0.415230191756509,ALMOST_OPTIMAL,not_run,true,voltage_drop_tolerance_exceeded
1,2012-06-24 11:00:00,0.296470672886661,ALMOST_OPTIMAL,not_run,true,voltage_drop_tolerance_exceeded
1,2012-06-24 15:00:00,0.268605418110737,ALMOST_OPTIMAL,not_run,true,voltage_drop_tolerance_exceeded
1,2012-06-24 18:00:00,0.602312111000516,INFEASIBLE,OPTIMAL,true,operational_voltage_model_infeasible;diagnostic_solution_recorded
1,2012-06-24 18:30:00,0.610884190581266,INFEASIBLE,OPTIMAL,true,operational_voltage_model_infeasible;diagnostic_solution_recorded
1,2012-06-24 19:00:00,0.594977634403444,INFEASIBLE,OPTIMAL,true,operational_voltage_model_infeasible;diagnostic_solution_recorded
1,2012-06-25 18:00:00,0.599613848681449,INFEASIBLE,OPTIMAL,true,operational_voltage_model_infeasible;diagnostic_solution_recorded
1,2012-06-25 18:30:00,0.603441783491432,INFEASIBLE,OPTIMAL,true,operational_voltage_model_infeasible;diagnostic_solution_recorded
1,2012-06-26 17:30:00,0.597193807188171,INFEASIBLE,OPTIMAL,true,operational_voltage_model_infeasible;diagnostic_solution_recorded
1,2012-07-01 17:30:00,0.597047501409093,INFEASIBLE,OPTIMAL,true,operational_voltage_model_infeasible;diagnostic_solution_recorded
1,2012-07-01 18:00:00,0.597457637281591,INFEASIBLE,OPTIMAL,true,operational_voltage_model_infeasible;diagnostic_solution_recorded
1,2012-07-01 18:30:00,0.600688356698287,INFEASIBLE,OPTIMAL,true,operational_voltage_model_infeasible;diagnostic_solution_recorded
1,2012-07-01 22:00:00,0.411215177425738,ALMOST_OPTIMAL,not_run,true,voltage_drop_tolerance_exceeded
1,2012-07-03 18:00:00,0.601990717977623,INFEASIBLE,OPTIMAL,true,operational_voltage_model_infeasible;diagnostic_solution_recorded
1,2012-07-03 18:30:00,0.596227229664097,INFEASIBLE,OPTIMAL,true,operational_voltage_model_infeasible;diagnostic_solution_recorded
1,2012-07-04 18:00:00,0.616983462650054,INFEASIBLE,OPTIMAL,true,operational_voltage_model_infeasible;diagnostic_solution_recorded
1,2012-07-04 18:30:00,0.632153693021694,INFEASIBLE,OPTIMAL,true,operational_voltage_model_infeasible;diagnostic_solution_recorded
1,2012-07-04 19:00:00,0.602731840694593,INFEASIBLE,OPTIMAL,true,operational_voltage_model_infeasible;diagnostic_solution_recorded
1,2012-07-21 17:30:00,0.596687733099884,INFEASIBLE,OPTIMAL,true,operational_voltage_model_infeasible;diagnostic_solution_recorded
1,2012-07-22 17:30:00,0.596788468226462,INFEASIBLE,OPTIMAL,true,operational_voltage_model_infeasible;diagnostic_solution_recorded
1,2012-07-22 18:00:00,0.608480938275751,INFEASIBLE,OPTIMAL,true,operational_voltage_model_infeasible;diagnostic_solution_recorded
1,2012-07-29 18:30:00,0.605758691402737,INFEASIBLE,OPTIMAL,true,operational_voltage_model_infeasible;diagnostic_solution_recorded
1,2012-07-30 18:00:00,0.605147085277082,INFEASIBLE,OPTIMAL,true,operational_voltage_model_infeasible;diagnostic_solution_recorded
1,2012-07-30 18:30:00,0.599014234832768,INFEASIBLE,OPTIMAL,true,operational_voltage_model_infeasible;diagnostic_solution_recorded
1,2012-07-31 18:00:00,0.6240109369566,INFEASIBLE,OPTIMAL,true,operational_voltage_model_infeasible;diagnostic_solution_recorded
1,2012-07-31 18:30:00,0.620787412906089,INFEASIBLE,OPTIMAL,true,operational_voltage_model_infeasible;diagnostic_solution_recorded
1,2012-08-01 18:00:00,0.605077530070635,INFEASIBLE,OPTIMAL,true,operational_voltage_model_infeasible;diagnostic_solution_recorded
1,2012-08-01 18:30:00,0.598515356110665,INFEASIBLE,OPTIMAL,true,operational_voltage_model_infeasible;diagnostic_solution_recorded
1,2012-08-02 23:00:00,0.289539136795904,ALMOST_OPTIMAL,not_run,true,voltage_drop_tolerance_exceeded
1,2012-08-10 17:30:00,0.600911413049996,INFEASIBLE,OPTIMAL,true,operational_voltage_model_infeasible;diagnostic_solution_recorded
1,2012-08-10 18:00:00,0.650230851331743,INFEASIBLE,OPTIMAL,true,operational_voltage_model_infeasible;diagnostic_solution_recorded
1,2012-08-10 18:30:00,0.632964370945111,INFEASIBLE,OPTIMAL,true,operational_voltage_model_infeasible;diagnostic_solution_recorded
1,2012-08-10 19:00:00,0.624313142336336,INFEASIBLE,OPTIMAL,true,operational_voltage_model_infeasible;diagnostic_solution_recorded
1,2012-08-11 17:30:00,0.605247820403661,INFEASIBLE,OPTIMAL,true,operational_voltage_model_infeasible;diagnostic_solution_recorded
1,2012-08-12 16:30:00,0.444596879609531,ALMOST_OPTIMAL,not_run,true,voltage_drop_tolerance_exceeded
1,2012-08-12 17:30:00,0.596987540024224,INFEASIBLE,OPTIMAL,true,operational_voltage_model_infeasible;diagnostic_solution_recorded
1,2012-08-12 18:00:00,0.604557065249979,INFEASIBLE,OPTIMAL,true,operational_voltage_model_infeasible;diagnostic_solution_recorded
1,2012-08-12 18:30:00,0.607413625625098,INFEASIBLE,OPTIMAL,true,operational_voltage_model_infeasible;diagnostic_solution_recorded
1,2012-08-22 21:30:00,0.305018767913464,ALMOST_OPTIMAL,not_run,true,voltage_drop_tolerance_exceeded
1,2012-08-24 03:00:00,0.123546835837721,ALMOST_OPTIMAL,not_run,true,voltage_drop_tolerance_exceeded
1,2012-08-27 08:30:00,0.268629402664684,ALMOST_OPTIMAL,not_run,true,voltage_drop_tolerance_exceeded
1,2012-09-05 07:30:00,0.255054145130536,ALMOST_OPTIMAL,not_run,true,voltage_drop_tolerance_exceeded
1,2012-09-08 14:00:00,0.17691246837037,NUMERICAL_ERROR,ALMOST_OPTIMAL,true,operational_voltage_model_infeasible;diagnostic_solution_recorded
1,2012-09-12 06:30:00,0.230158178133282,ALMOST_OPTIMAL,not_run,true,voltage_drop_tolerance_exceeded
1,2012-09-23 02:00:00,0.12709415136652,ALMOST_OPTIMAL,not_run,true,voltage_drop_tolerance_exceeded
1,2012-09-28 22:30:00,0.211435835322053,ALMOST_OPTIMAL,not_run,true,voltage_drop_tolerance_exceeded
1,2012-09-30 15:30:00,0.175749217503927,NUMERICAL_ERROR,OPTIMAL,true,operational_voltage_model_infeasible;diagnostic_solution_recorded
1,2012-09-30 19:30:00,0.289102617914063,ALMOST_OPTIMAL,not_run,true,voltage_drop_tolerance_exceeded
1,2012-10-08 11:00:00,0.183405087123892,ALMOST_OPTIMAL,not_run,true,voltage_drop_tolerance_exceeded
1,2012-10-10 04:00:00,0.125110628755082,ALMOST_OPTIMAL,not_run,true,voltage_drop_tolerance_exceeded
1,2012-10-11 04:00:00,0.121083622147337,ALMOST_OPTIMAL,not_run,true,voltage_drop_tolerance_exceeded
1,2012-10-12 07:30:00,0.283977118735534,ALMOST_OPTIMAL,not_run,true,voltage_drop_tolerance_exceeded
1,2012-10-15 20:00:00,0.285121181958819,ALMOST_OPTIMAL,not_run,true,voltage_drop_tolerance_exceeded
1,2012-10-16 00:30:00,0.125671867317448,ALMOST_OPTIMAL,not_run,true,voltage_drop_tolerance_exceeded
1,2012-10-20 11:00:00,0.236837876407594,ALMOST_OPTIMAL,not_run,true,voltage_drop_tolerance_exceeded
1,2012-10-20 16:30:00,0.239636873853239,NUMERICAL_ERROR,OPTIMAL,true,operational_voltage_model_infeasible;diagnostic_solution_recorded
1,2012-10-20 17:30:00,0.274759854653603,ALMOST_OPTIMAL,not_run,true,voltage_drop_tolerance_exceeded
1,2012-10-20 20:00:00,0.274412078621368,ALMOST_OPTIMAL,not_run,true,voltage_drop_tolerance_exceeded
1,2012-10-21 21:00:00,0.270620120642307,ALMOST_OPTIMAL,not_run,true,voltage_drop_tolerance_exceeded
1,2012-10-24 19:00:00,0.287510043531966,ALMOST_OPTIMAL,not_run,true,voltage_drop_tolerance_exceeded
1,2012-10-27 18:00:00,0.251475649681605,ALMOST_OPTIMAL,not_run,true,voltage_drop_tolerance_exceeded
1,2012-11-04 19:00:00,0.288680489764592,ALMOST_OPTIMAL,not_run,true,voltage_drop_tolerance_exceeded
1,2012-11-06 20:00:00,0.296561814191661,ALMOST_OPTIMAL,not_run,true,voltage_drop_tolerance_exceeded
1,2012-11-07 06:30:00,0.199177329799609,ALMOST_OPTIMAL,not_run,true,voltage_drop_tolerance_exceeded
1,2012-11-07 21:00:00,0.281559475697651,ALMOST_OPTIMAL,not_run,true,voltage_drop_tolerance_exceeded
1,2012-11-17 18:30:00,0.266813771930877,ALMOST_OPTIMAL,not_run,true,voltage_drop_tolerance_exceeded
1,2012-11-18 04:30:00,0.123340568673774,ALMOST_OPTIMAL,not_run,true,voltage_drop_tolerance_exceeded
1,2012-11-18 19:00:00,0.300456905752695,ALMOST_OPTIMAL,not_run,true,voltage_drop_tolerance_exceeded
1,2012-11-21 01:30:00,0.125007495173109,ALMOST_OPTIMAL,not_run,true,voltage_drop_tolerance_exceeded
1,2012-11-21 20:30:00,0.283370309520669,ALMOST_OPTIMAL,not_run,true,voltage_drop_tolerance_exceeded
1,2012-12-03 23:30:00,0.175267127969588,ALMOST_OPTIMAL,not_run,true,voltage_drop_tolerance_exceeded
1,2012-12-04 03:30:00,0.128787460875196,ALMOST_OPTIMAL,not_run,true,voltage_drop_tolerance_exceeded
1,2012-12-10 02:00:00,0.125484787796659,ALMOST_OPTIMAL,not_run,true,voltage_drop_tolerance_exceeded
1,2012-12-13 17:30:00,0.243440824109274,ALMOST_OPTIMAL,not_run,true,voltage_drop_tolerance_exceeded
1,2012-12-13 21:00:00,0.284013095566455,ALMOST_OPTIMAL,not_run,true,voltage_drop_tolerance_exceeded
1,2012-12-16 13:00:00,0.365414273208054,SLOW_PROGRESS,OPTIMAL,true,operational_voltage_model_infeasible;diagnostic_solution_recorded
1,2012-12-25 18:00:00,0.252315109069759,ALMOST_OPTIMAL,not_run,true,voltage_drop_tolerance_exceeded
1,2012-12-25 20:30:00,0.267809130919688,ALMOST_OPTIMAL,not_run,true,voltage_drop_tolerance_exceeded
1,2012-12-26 10:30:00,0.237818844664036,ALMOST_OPTIMAL,not_run,true,voltage_drop_tolerance_exceeded
1,2012-12-26 21:00:00,0.263887656349311,ALMOST_OPTIMAL,not_run,true,voltage_drop_tolerance_exceeded
1,2012-12-27 21:00:00,0.253826135968437,ALMOST_OPTIMAL,not_run,true,voltage_drop_tolerance_exceeded
1,2012-12-28 02:30:00,0.124367107582717,ALMOST_OPTIMAL,not_run,true,voltage_drop_tolerance_exceeded
1,2012-12-31 01:00:00,0.141496876011848,ALMOST_OPTIMAL,not_run,true,voltage_drop_tolerance_exceeded
1,2013-01-01 21:30:00,0.324726875891926,ALMOST_OPTIMAL,not_run,true,voltage_drop_tolerance_exceeded
1,2013-01-03 22:00:00,0.238931727967189,ALMOST_OPTIMAL,not_run,true,voltage_drop_tolerance_exceeded
1,2013-01-08 11:30:00,0.416340676604267,ALMOST_OPTIMAL,not_run,true,voltage_drop_tolerance_exceeded
1,2013-01-08 13:30:00,0.597486418746327,INFEASIBLE,OPTIMAL,true,operational_voltage_model_infeasible;diagnostic_solution_recorded
1,2013-01-08 14:00:00,0.633079496804058,INFEASIBLE,OPTIMAL,true,operational_voltage_model_infeasible;diagnostic_solution_recorded
1,2013-01-08 14:30:00,0.660006955520645,INFEASIBLE,OPTIMAL,true,operational_voltage_model_infeasible;diagnostic_solution_recorded
1,2013-01-08 15:00:00,0.679185004856872,INFEASIBLE,OPTIMAL,true,operational_voltage_model_infeasible;diagnostic_solution_recorded
1,2013-01-08 15:30:00,0.696245218079557,INFEASIBLE,OPTIMAL,true,operational_voltage_model_infeasible;diagnostic_solution_recorded
1,2013-01-08 16:00:00,0.711041289409621,INFEASIBLE,OPTIMAL,true,operational_voltage_model_infeasible;diagnostic_solution_recorded
1,2013-01-08 16:30:00,0.760053725400842,INFEASIBLE,OPTIMAL,true,operational_voltage_model_infeasible;diagnostic_solution_recorded
1,2013-01-08 17:00:00,0.797565567774354,INFEASIBLE,OPTIMAL,true,operational_voltage_model_infeasible;diagnostic_solution_recorded
1,2013-01-08 17:30:00,0.840370801204025,INFEASIBLE,OPTIMAL,true,operational_voltage_model_infeasible;diagnostic_solution_recorded
1,2013-01-08 18:00:00,0.887111899936441,INFEASIBLE,OPTIMAL,true,operational_voltage_model_infeasible;diagnostic_solution_recorded
1,2013-01-08 18:30:00,0.879914135296869,INFEASIBLE,OPTIMAL,true,operational_voltage_model_infeasible;diagnostic_solution_recorded
1,2013-01-08 19:00:00,0.887135884490388,INFEASIBLE,OPTIMAL,true,operational_voltage_model_infeasible;diagnostic_solution_recorded
1,2013-01-08 19:30:00,0.884418434528164,INFEASIBLE,OPTIMAL,true,operational_voltage_model_infeasible;diagnostic_solution_recorded
1,2013-01-08 20:00:00,0.875810378116494,INFEASIBLE,OPTIMAL,true,operational_voltage_model_infeasible;diagnostic_solution_recorded
1,2013-01-08 20:30:00,0.860206027318407,INFEASIBLE,OPTIMAL,true,operational_voltage_model_infeasible;diagnostic_solution_recorded
1,2013-01-08 21:00:00,0.799628239413818,INFEASIBLE,OPTIMAL,true,operational_voltage_model_infeasible;diagnostic_solution_recorded
1,2013-01-08 21:30:00,0.769717102186192,INFEASIBLE,OPTIMAL,true,operational_voltage_model_infeasible;diagnostic_solution_recorded
1,2013-01-08 22:00:00,0.668454315420869,INFEASIBLE,OPTIMAL,true,operational_voltage_model_infeasible;diagnostic_solution_recorded
1,2013-01-08 22:30:00,0.597054696775277,INFEASIBLE,OPTIMAL,true,operational_voltage_model_infeasible;diagnostic_solution_recorded
1,2013-01-12 17:30:00,0.381383189226138,ALMOST_OPTIMAL,not_run,true,voltage_drop_tolerance_exceeded
1,2013-01-16 03:00:00,0.126624054109154,ALMOST_OPTIMAL,not_run,true,voltage_drop_tolerance_exceeded
1,2013-01-18 13:00:00,0.600007195366185,INFEASIBLE,OPTIMAL,true,operational_voltage_model_infeasible;diagnostic_solution_recorded
1,2013-01-18 13:30:00,0.626913067984219,INFEASIBLE,OPTIMAL,true,operational_voltage_model_infeasible;diagnostic_solution_recorded
1,2013-01-18 14:00:00,0.669082710734287,INFEASIBLE,OPTIMAL,true,operational_voltage_model_infeasible;diagnostic_solution_recorded
1,2013-01-18 14:30:00,0.722450741722331,INFEASIBLE,OPTIMAL,true,operational_voltage_model_infeasible;diagnostic_solution_recorded
1,2013-01-18 15:00:00,0.71633947737657,INFEASIBLE,OPTIMAL,true,operational_voltage_model_infeasible;diagnostic_solution_recorded
1,2013-01-18 15:30:00,0.716823965366305,INFEASIBLE,OPTIMAL,true,operational_voltage_model_infeasible;diagnostic_solution_recorded
1,2013-01-18 16:00:00,0.729825992061113,INFEASIBLE,OPTIMAL,true,operational_voltage_model_infeasible;diagnostic_solution_recorded
1,2013-01-18 16:30:00,0.753383620948109,INFEASIBLE,OPTIMAL,true,operational_voltage_model_infeasible;diagnostic_solution_recorded
1,2013-01-18 17:00:00,0.786681377193088,INFEASIBLE,OPTIMAL,true,operational_voltage_model_infeasible;diagnostic_solution_recorded
1,2013-01-18 17:30:00,0.795462122393179,INFEASIBLE,OPTIMAL,true,operational_voltage_model_infeasible;diagnostic_solution_recorded
1,2013-01-18 18:00:00,0.805003177953398,INFEASIBLE,OPTIMAL,true,operational_voltage_model_infeasible;diagnostic_solution_recorded
1,2013-01-18 18:30:00,0.81920443234557,INFEASIBLE,OPTIMAL,true,operational_voltage_model_infeasible;diagnostic_solution_recorded
1,2013-01-18 19:00:00,0.795632412726204,INFEASIBLE,OPTIMAL,true,operational_voltage_model_infeasible;diagnostic_solution_recorded
1,2013-01-18 19:30:00,0.719769268591028,INFEASIBLE,OPTIMAL,true,operational_voltage_model_infeasible;diagnostic_solution_recorded
1,2013-01-18 20:00:00,0.642634943096646,INFEASIBLE,OPTIMAL,true,operational_voltage_model_infeasible;diagnostic_solution_recorded
1,2013-01-18 20:30:00,0.602408049216305,INFEASIBLE,OPTIMAL,true,operational_voltage_model_infeasible;diagnostic_solution_recorded
1,2013-01-19 18:30:00,0.272222288845983,ALMOST_OPTIMAL,not_run,true,voltage_drop_tolerance_exceeded
1,2013-01-21 20:00:00,0.291649777543262,ALMOST_OPTIMAL,not_run,true,voltage_drop_tolerance_exceeded
1,2013-01-30 17:00:00,0.24530682240637,ALMOST_OPTIMAL,not_run,true,voltage_drop_tolerance_exceeded
1,2013-02-07 18:30:00,0.292530010673127,ALMOST_OPTIMAL,not_run,true,voltage_drop_tolerance_exceeded
1,2013-02-12 05:00:00,0.131365800424527,ALMOST_OPTIMAL,not_run,true,voltage_drop_tolerance_exceeded
1,2013-02-12 21:00:00,0.265525801383909,ALMOST_OPTIMAL,not_run,true,voltage_drop_tolerance_exceeded
1,2013-02-23 09:30:00,0.239075635290873,ALMOST_OPTIMAL,not_run,true,voltage_drop_tolerance_exceeded
1,2013-02-23 12:00:00,0.245671387626369,ALMOST_OPTIMAL,not_run,true,voltage_drop_tolerance_exceeded
1,2013-02-26 20:30:00,0.293052873949177,ALMOST_OPTIMAL,not_run,true,voltage_drop_tolerance_exceeded
1,2013-03-05 01:30:00,0.142458656625133,ALMOST_OPTIMAL,not_run,true,voltage_drop_tolerance_exceeded
1,2013-03-07 08:30:00,0.189789775384652,NUMERICAL_ERROR,OPTIMAL,true,operational_voltage_model_infeasible;diagnostic_solution_recorded
1,2013-03-24 12:30:00,0.273455094918872,ALMOST_OPTIMAL,not_run,true,voltage_drop_tolerance_exceeded
1,2013-03-27 15:30:00,0.265935937256407,ALMOST_OPTIMAL,not_run,true,voltage_drop_tolerance_exceeded
1,2013-03-27 18:30:00,0.380584503579695,ALMOST_OPTIMAL,not_run,true,voltage_drop_tolerance_exceeded
1,2013-03-28 13:30:00,0.278120090661614,ALMOST_OPTIMAL,not_run,true,voltage_drop_tolerance_exceeded
1,2013-03-31 20:30:00,0.238627124132059,ALMOST_OPTIMAL,not_run,true,voltage_drop_tolerance_exceeded
1,2013-04-02 20:30:00,0.268372767937448,ALMOST_OPTIMAL,not_run,true,voltage_drop_tolerance_exceeded
1,2013-04-06 17:30:00,0.269545612625469,ALMOST_OPTIMAL,not_run,true,voltage_drop_tolerance_exceeded
1,2013-04-10 01:30:00,0.1222372791922,ALMOST_OPTIMAL,not_run,true,voltage_drop_tolerance_exceeded
1,2013-04-15 17:30:00,0.316617698202357,ALMOST_OPTIMAL,not_run,true,voltage_drop_tolerance_exceeded
1,2013-04-17 06:30:00,0.186501493038483,ALMOST_OPTIMAL,not_run,true,voltage_drop_tolerance_exceeded
1,2013-04-17 19:00:00,0.299379999280463,ALMOST_OPTIMAL,not_run,true,voltage_drop_tolerance_exceeded
1,2013-04-19 05:00:00,0.125338482017581,ALMOST_OPTIMAL,not_run,true,voltage_drop_tolerance_exceeded
1,2013-05-10 19:30:00,0.299965222396777,ALMOST_OPTIMAL,not_run,true,voltage_drop_tolerance_exceeded
1,2013-05-12 04:00:00,0.122134145610227,ALMOST_OPTIMAL,not_run,true,voltage_drop_tolerance_exceeded
1,2013-05-17 03:00:00,0.1246021562114,ALMOST_OPTIMAL,not_run,true,voltage_drop_tolerance_exceeded
1,2013-05-17 17:30:00,0.398349862688429,ALMOST_OPTIMAL,not_run,true,voltage_drop_tolerance_exceeded
1,2013-05-25 22:30:00,0.276956839795172,ALMOST_OPTIMAL,not_run,true,voltage_drop_tolerance_exceeded
1,2013-05-26 17:30:00,0.45011812392819,ALMOST_OPTIMAL,not_run,true,voltage_drop_tolerance_exceeded
1,2013-05-27 21:00:00,0.385561298523751,ALMOST_OPTIMAL,not_run,true,voltage_drop_tolerance_exceeded
1,2013-05-29 21:30:00,0.288855577008407,ALMOST_OPTIMAL,not_run,true,voltage_drop_tolerance_exceeded
1,2013-06-03 18:30:00,0.478192044323456,ALMOST_OPTIMAL,not_run,true,voltage_drop_tolerance_exceeded
1,2013-06-05 16:30:00,0.295405758691403,ALMOST_OPTIMAL,not_run,true,voltage_drop_tolerance_exceeded
1,2013-06-10 03:30:00,0.130001079304928,NUMERICAL_ERROR,ALMOST_OPTIMAL,true,operational_voltage_model_infeasible;diagnostic_solution_recorded
1,2013-06-12 20:00:00,0.442107282909806,ALMOST_OPTIMAL,not_run,true,voltage_drop_tolerance_exceeded
1,2013-06-13 18:30:00,0.426071210140669,ALMOST_OPTIMAL,not_run,true,voltage_drop_tolerance_exceeded
1,2013-06-15 09:00:00,0.265525801383909,ALMOST_OPTIMAL,not_run,true,voltage_drop_tolerance_exceeded
1,2013-06-16 04:00:00,0.143725041073549,ALMOST_OPTIMAL,not_run,true,voltage_drop_tolerance_exceeded
1,2013-06-16 08:00:00,0.29862208737573,ALMOST_OPTIMAL,not_run,true,voltage_drop_tolerance_exceeded
1,2013-06-17 19:30:00,0.475899120966098,ALMOST_OPTIMAL,not_run,true,voltage_drop_tolerance_exceeded
1,2013-06-19 15:30:00,0.27124611750033,ALMOST_OPTIMAL,not_run,true,voltage_drop_tolerance_exceeded
1,2013-06-21 23:30:00,0.275714439900704,ALMOST_OPTIMAL,not_run,true,voltage_drop_tolerance_exceeded
1,2013-06-23 17:30:00,0.637039346660751,INFEASIBLE,OPTIMAL,true,operational_voltage_model_infeasible;diagnostic_solution_recorded
1,2013-06-23 18:00:00,0.623068343986473,INFEASIBLE,OPTIMAL,true,operational_voltage_model_infeasible;diagnostic_solution_recorded
1,2013-06-23 18:30:00,0.607878925971674,INFEASIBLE,OPTIMAL,true,operational_voltage_model_infeasible;diagnostic_solution_recorded
1,2013-06-23 21:30:00,0.439634475397844,ALMOST_OPTIMAL,not_run,true,voltage_drop_tolerance_exceeded
1,2013-06-25 18:00:00,0.62186911628911,INFEASIBLE,OPTIMAL,true,operational_voltage_model_infeasible;diagnostic_solution_recorded
1,2013-06-26 20:30:00,0.40712581097773,ALMOST_OPTIMAL,not_run,true,voltage_drop_tolerance_exceeded
1,2013-06-26 23:00:00,0.283209613009222,ALMOST_OPTIMAL,not_run,true,voltage_drop_tolerance_exceeded
1.03,2010-07-01 16:30:00,0.458416779593942,ALMOST_OPTIMAL,not_run,true,voltage_drop_tolerance_exceeded
1.03,2010-07-17 08:30:00,0.410490843896531,SLOW_PROGRESS,OPTIMAL,true,operational_voltage_model_infeasible;diagnostic_solution_recorded
1.03,2010-07-21 15:30:00,0.287742693705254,ALMOST_OPTIMAL,not_run,true,voltage_drop_tolerance_exceeded
1.03,2010-07-22 06:00:00,0.338210992121074,ALMOST_OPTIMAL,not_run,true,voltage_drop_tolerance_exceeded
1.03,2010-08-02 07:00:00,0.394318059169895,ALMOST_OPTIMAL,not_run,true,voltage_drop_tolerance_exceeded
1.03,2010-08-03 09:30:00,0.312931272260664,ALMOST_OPTIMAL,not_run,true,voltage_drop_tolerance_exceeded
1.03,2010-08-21 16:00:00,0.274543993668078,ALMOST_OPTIMAL,not_run,true,voltage_drop_tolerance_exceeded
1.03,2010-08-25 01:30:00,0.150315996498255,NUMERICAL_ERROR,OPTIMAL,true,operational_voltage_model_infeasible;diagnostic_solution_recorded
1.03,2010-08-26 21:00:00,0.443728638756641,SLOW_PROGRESS,OPTIMAL,true,operational_voltage_model_infeasible;diagnostic_solution_recorded
1.03,2010-08-30 10:00:00,0.205391727727344,ALMOST_OPTIMAL,not_run,true,voltage_drop_tolerance_exceeded
1.03,2010-09-15 20:00:00,0.342372312230923,ALMOST_OPTIMAL,not_run,true,voltage_drop_tolerance_exceeded
1.03,2010-09-16 18:00:00,0.400273423914999,ALMOST_OPTIMAL,not_run,true,voltage_drop_tolerance_exceeded
1.03,2010-09-18 16:30:00,0.248993248348064,ALMOST_OPTIMAL,not_run,true,voltage_drop_tolerance_exceeded
1.03,2010-09-22 20:30:00,0.337666542746472,ALMOST_OPTIMAL,not_run,true,voltage_drop_tolerance_exceeded
1.03,2010-11-12 22:00:00,0.254353796155276,ALMOST_OPTIMAL,not_run,true,voltage_drop_tolerance_exceeded
1.03,2010-11-13 12:30:00,0.33102761821387,ALMOST_OPTIMAL,not_run,true,voltage_drop_tolerance_exceeded
1.03,2010-12-26 14:30:00,0.275373859234653,ALMOST_OPTIMAL,not_run,true,voltage_drop_tolerance_exceeded
1.03,2010-12-30 15:30:00,0.304066581121758,ALMOST_OPTIMAL,not_run,true,voltage_drop_tolerance_exceeded
1.03,2011-01-09 17:00:00,0.378883998704834,ALMOST_OPTIMAL,not_run,true,voltage_drop_tolerance_exceeded
1.03,2011-01-15 14:30:00,0.28152349886673,ALMOST_OPTIMAL,not_run,true,voltage_drop_tolerance_exceeded
1.03,2011-01-16 21:30:00,0.387863815702687,ALMOST_OPTIMAL,not_run,true,voltage_drop_tolerance_exceeded
1.03,2011-02-05 16:30:00,0.966347272356603,INFEASIBLE,OPTIMAL,true,operational_voltage_model_infeasible;diagnostic_solution_recorded
1.03,2011-02-05 17:00:00,0.970371880508953,INFEASIBLE,OPTIMAL,true,operational_voltage_model_infeasible;diagnostic_solution_recorded
1.03,2011-02-05 17:30:00,0.972880664851835,INFEASIBLE,OPTIMAL,true,operational_voltage_model_infeasible;diagnostic_solution_recorded
1.03,2011-02-05 18:00:00,1,INFEASIBLE,OPTIMAL,true,operational_voltage_model_infeasible;diagnostic_solution_recorded
1.03,2011-02-05 18:30:00,0.961284133018336,INFEASIBLE,OPTIMAL,true,operational_voltage_model_infeasible;diagnostic_solution_recorded
1.03,2011-02-06 09:30:00,0.512202141820668,ALMOST_OPTIMAL,not_run,true,voltage_drop_tolerance_exceeded
1.03,2011-02-21 05:30:00,0.172129948313286,NUMERICAL_ERROR,ALMOST_OPTIMAL,true,operational_voltage_model_infeasible;diagnostic_solution_recorded
1.03,2011-02-26 16:00:00,0.361063475122021,ALMOST_OPTIMAL,not_run,true,voltage_drop_tolerance_exceeded
1.03,2011-04-01 08:30:00,0.205391727727344,ALMOST_OPTIMAL,not_run,true,voltage_drop_tolerance_exceeded
1.03,2011-04-03 18:30:00,0.347325122621032,NUMERICAL_ERROR,OPTIMAL,true,operational_voltage_model_infeasible;diagnostic_solution_recorded
1.03,2011-05-16 07:30:00,0.403751184237352,ALMOST_OPTIMAL,not_run,true,voltage_drop_tolerance_exceeded
1.03,2011-05-31 21:00:00,0.3610730689436,ALMOST_OPTIMAL,not_run,true,voltage_drop_tolerance_exceeded
1.03,2011-06-01 22:30:00,0.267897873769293,NUMERICAL_ERROR,ALMOST_OPTIMAL,true,operational_voltage_model_infeasible;diagnostic_solution_recorded
1.03,2011-06-09 07:00:00,0.450780097617135,SLOW_PROGRESS,OPTIMAL,true,operational_voltage_model_infeasible;diagnostic_solution_recorded
1.03,2011-06-13 16:00:00,0.401849209109334,ALMOST_OPTIMAL,not_run,true,voltage_drop_tolerance_exceeded
1.03,2011-06-15 07:30:00,0.345231271061437,ALMOST_OPTIMAL,not_run,true,voltage_drop_tolerance_exceeded
1.03,2011-06-27 07:30:00,0.418314605394126,ALMOST_OPTIMAL,not_run,true,voltage_drop_tolerance_exceeded
1.03,2011-06-27 17:00:00,0.468924412678235,ALMOST_OPTIMAL,not_run,true,voltage_drop_tolerance_exceeded
1.03,2011-06-30 08:30:00,0.304716562533728,NUMERICAL_ERROR,OPTIMAL,true,operational_voltage_model_infeasible;diagnostic_solution_recorded
1.03,2011-07-02 21:00:00,0.399395589240529,ALMOST_OPTIMAL,not_run,true,voltage_drop_tolerance_exceeded
1.03,2011-07-10 16:30:00,0.403775168791298,ALMOST_OPTIMAL,not_run,true,voltage_drop_tolerance_exceeded
1.03,2011-07-17 09:00:00,0.373854437742094,ALMOST_OPTIMAL,not_run,true,voltage_drop_tolerance_exceeded
1.03,2011-07-20 15:30:00,0.341612001870796,ALMOST_OPTIMAL,not_run,true,voltage_drop_tolerance_exceeded
1.03,2011-07-21 14:30:00,0.344638852578939,ALMOST_OPTIMAL,not_run,true,voltage_drop_tolerance_exceeded
1.03,2011-07-27 21:30:00,0.435096597791023,ALMOST_OPTIMAL,not_run,true,voltage_drop_tolerance_exceeded
1.03,2011-08-04 07:00:00,0.340376797342511,SLOW_PROGRESS,ALMOST_OPTIMAL,true,operational_voltage_model_infeasible;diagnostic_solution_recorded
1.03,2011-08-09 02:30:00,0.15163274850996,ALMOST_OPTIMAL,not_run,true,voltage_drop_tolerance_exceeded
1.03,2011-08-09 04:00:00,0.16378812045043,NUMERICAL_ERROR,ALMOST_OPTIMAL,true,operational_voltage_model_infeasible;diagnostic_solution_recorded
1.03,2011-08-09 07:00:00,0.367795939415017,ALMOST_OPTIMAL,not_run,true,voltage_drop_tolerance_exceeded
1.03,2011-08-09 21:00:00,0.46389725017089,NUMERICAL_ERROR,OPTIMAL,true,operational_voltage_model_infeasible;diagnostic_solution_recorded
1.03,2011-08-10 06:30:00,0.369398107618694,ALMOST_OPTIMAL,not_run,true,voltage_drop_tolerance_exceeded
1.03,2011-08-10 20:30:00,0.476479547171622,ALMOST_OPTIMAL,not_run,true,voltage_drop_tolerance_exceeded
1.03,2011-08-15 07:00:00,0.395865062899493,SLOW_PROGRESS,OPTIMAL,true,operational_voltage_model_infeasible;diagnostic_solution_recorded
1.03,2011-08-20 08:30:00,0.293801192032331,ALMOST_OPTIMAL,not_run,true,voltage_drop_tolerance_exceeded
1.03,2011-09-11 20:30:00,0.415035916869536,ALMOST_OPTIMAL,not_run,true,voltage_drop_tolerance_exceeded
1.03,2011-10-06 17:30:00,0.347804813699978,ALMOST_OPTIMAL,not_run,true,voltage_drop_tolerance_exceeded
1.03,2011-10-06 19:00:00,0.37458836509288,ALMOST_OPTIMAL,not_run,true,voltage_drop_tolerance_exceeded
1.03,2011-10-21 19:30:00,0.303790758751364,ALMOST_OPTIMAL,not_run,true,voltage_drop_tolerance_exceeded
1.03,2011-11-08 20:00:00,0.375650880832744,ALMOST_OPTIMAL,not_run,true,voltage_drop_tolerance_exceeded
1.03,2011-12-15 14:00:00,0.183879981292048,ALMOST_OPTIMAL,not_run,true,voltage_drop_tolerance_exceeded
1.03,2011-12-25 11:00:00,0.330818952594529,ALMOST_OPTIMAL,not_run,true,voltage_drop_tolerance_exceeded
1.03,2012-01-04 20:00:00,0.354239869524027,ALMOST_OPTIMAL,not_run,true,voltage_drop_tolerance_exceeded
1.03,2012-01-15 17:00:00,0.291625792989315,ALMOST_OPTIMAL,not_run,true,voltage_drop_tolerance_exceeded
1.03,2012-01-22 08:00:00,0.187218631201506,NUMERICAL_ERROR,OPTIMAL,true,operational_voltage_model_infeasible;diagnostic_solution_recorded
1.03,2012-02-20 03:00:00,0.143211771619077,ALMOST_OPTIMAL,not_run,true,voltage_drop_tolerance_exceeded
1.03,2012-02-20 20:00:00,0.316615299746963,ALMOST_OPTIMAL,not_run,true,voltage_drop_tolerance_exceeded
1.03,2012-03-02 04:00:00,0.144298271912888,NUMERICAL_ERROR,OPTIMAL,true,operational_voltage_model_infeasible;diagnostic_solution_recorded
1.03,2012-03-26 12:30:00,0.202266540348016,ALMOST_OPTIMAL,not_run,true,voltage_drop_tolerance_exceeded
1.03,2012-04-09 20:30:00,0.263268854857472,ALMOST_OPTIMAL,not_run,true,voltage_drop_tolerance_exceeded
1.03,2012-04-10 20:30:00,0.295700768704954,ALMOST_OPTIMAL,not_run,true,voltage_drop_tolerance_exceeded
1.03,2012-05-14 19:00:00,0.464945375178385,ALMOST_OPTIMAL,not_run,true,voltage_drop_tolerance_exceeded
1.03,2012-05-27 08:00:00,0.334157602503988,ALMOST_OPTIMAL,not_run,true,voltage_drop_tolerance_exceeded
1.03,2012-06-12 15:00:00,0.229834386654994,NUMERICAL_ERROR,OPTIMAL,true,operational_voltage_model_infeasible;diagnostic_solution_recorded
1.03,2012-06-24 22:30:00,0.343317303656445,ALMOST_OPTIMAL,not_run,true,voltage_drop_tolerance_exceeded
1.03,2012-07-07 00:00:00,0.241634787197045,ALMOST_OPTIMAL,not_run,true,voltage_drop_tolerance_exceeded
1.03,2012-07-07 22:00:00,0.381239281902455,ALMOST_OPTIMAL,not_run,true,voltage_drop_tolerance_exceeded
1.03,2012-07-27 17:00:00,0.389475577727943,ALMOST_OPTIMAL,not_run,true,voltage_drop_tolerance_exceeded
1.03,2012-07-31 23:00:00,0.294240109369566,ALMOST_OPTIMAL,not_run,true,voltage_drop_tolerance_exceeded
1.03,2012-09-02 22:00:00,0.319258397591951,ALMOST_OPTIMAL,not_run,true,voltage_drop_tolerance_exceeded
1.03,2012-09-29 18:00:00,0.339333469245806,ALMOST_OPTIMAL,not_run,true,voltage_drop_tolerance_exceeded
1.03,2012-09-30 10:00:00,0.213872666003094,ALMOST_OPTIMAL,not_run,true,voltage_drop_tolerance_exceeded
1.03,2012-10-30 17:00:00,0.223543238154629,NUMERICAL_ERROR,OPTIMAL,true,operational_voltage_model_infeasible;diagnostic_solution_recorded
1.03,2012-11-29 15:30:00,0.26070490604051,NUMERICAL_ERROR,OPTIMAL,true,operational_voltage_model_infeasible;diagnostic_solution_recorded
1.03,2012-11-30 21:00:00,0.410656337318767,ALMOST_OPTIMAL,not_run,true,voltage_drop_tolerance_exceeded
1.03,2012-12-01 21:30:00,0.429119646947366,ALMOST_OPTIMAL,not_run,true,voltage_drop_tolerance_exceeded
1.03,2012-12-24 12:00:00,0.444508136759927,ALMOST_OPTIMAL,not_run,true,voltage_drop_tolerance_exceeded
1.03,2012-12-30 21:00:00,0.264535239305887,ALMOST_OPTIMAL,not_run,true,voltage_drop_tolerance_exceeded
1.03,2013-01-01 19:30:00,0.367325842157651,ALMOST_OPTIMAL,not_run,true,voltage_drop_tolerance_exceeded
1.03,2013-01-09 01:30:00,0.33439744804346,SLOW_PROGRESS,OPTIMAL,true,operational_voltage_model_infeasible;diagnostic_solution_recorded
1.03,2013-01-27 10:00:00,0.239646467674818,NUMERICAL_ERROR,ALMOST_OPTIMAL,true,operational_voltage_model_infeasible;diagnostic_solution_recorded
1.03,2013-02-02 19:00:00,0.285190737165266,ALMOST_OPTIMAL,not_run,true,voltage_drop_tolerance_exceeded
1.03,2013-02-23 22:30:00,0.237557413026011,NUMERICAL_ERROR,OPTIMAL,true,operational_voltage_model_infeasible;diagnostic_solution_recorded
1.03,2013-02-24 19:30:00,0.339853934066461,ALMOST_OPTIMAL,not_run,true,voltage_drop_tolerance_exceeded
1.03,2013-03-04 20:00:00,0.282737117296461,ALMOST_OPTIMAL,not_run,true,voltage_drop_tolerance_exceeded
1.03,2013-03-05 20:30:00,0.273277609219663,SLOW_PROGRESS,OPTIMAL,true,operational_voltage_model_infeasible;diagnostic_solution_recorded
1.03,2013-03-10 06:30:00,0.148622686989579,NUMERICAL_ERROR,OPTIMAL,true,operational_voltage_model_infeasible;diagnostic_solution_recorded
1.03,2013-03-15 18:00:00,0.254634415436459,ALMOST_OPTIMAL,not_run,true,voltage_drop_tolerance_exceeded
1.03,2013-05-22 19:30:00,0.459244246705122,ALMOST_OPTIMAL,not_run,true,voltage_drop_tolerance_exceeded
1.03,2013-05-28 19:30:00,0.382582416923501,ALMOST_OPTIMAL,not_run,true,voltage_drop_tolerance_exceeded
1.03,2013-06-05 18:30:00,0.455996738100663,ALMOST_OPTIMAL,not_run,true,voltage_drop_tolerance_exceeded
1.03,2013-06-08 18:30:00,0.385031239881516,NUMERICAL_ERROR,OPTIMAL,true,operational_voltage_model_infeasible;diagnostic_solution_recorded
1.03,2013-06-11 22:30:00,0.266880928681929,ALMOST_OPTIMAL,not_run,true,voltage_drop_tolerance_exceeded
1.03,2013-06-24 05:00:00,0.173309988367491,NUMERICAL_ERROR,ALMOST_OPTIMAL,true,operational_voltage_model_infeasible;diagnostic_solution_recorded
1.03,2013-06-27 07:00:00,0.335196133689904,ALMOST_OPTIMAL,not_run,true,voltage_drop_tolerance_exceeded
1.05,2010-07-11 06:00:00,0.218859054768729,ALMOST_OPTIMAL,not_run,true,voltage_drop_tolerance_exceeded
1.05,2010-07-23 18:30:00,0.557405830645065,ALMOST_OPTIMAL,not_run,true,voltage_drop_tolerance_exceeded
1.05,2010-08-05 14:00:00,0.220214182066749,NUMERICAL_ERROR,OPTIMAL,true,operational_voltage_model_infeasible;diagnostic_solution_recorded
1.05,2010-08-08 17:00:00,0.510417691006992,ALMOST_OPTIMAL,not_run,true,voltage_drop_tolerance_exceeded
1.05,2010-08-12 07:00:00,0.366822166524758,ALMOST_OPTIMAL,not_run,true,voltage_drop_tolerance_exceeded
1.05,2010-08-21 10:00:00,0.23122788923933,NUMERICAL_ERROR,OPTIMAL,true,operational_voltage_model_infeasible;diagnostic_solution_recorded
1.05,2010-09-03 18:30:00,0.455135692613957,ALMOST_OPTIMAL,not_run,true,voltage_drop_tolerance_exceeded
1.05,2010-10-11 13:30:00,0.205830645064578,NUMERICAL_ERROR,OPTIMAL,true,operational_voltage_model_infeasible;diagnostic_solution_recorded
1.05,2010-12-18 08:00:00,0.211035293271134,ALMOST_OPTIMAL,not_run,true,voltage_drop_tolerance_exceeded
1.05,2010-12-20 13:00:00,0.213949416575725,NUMERICAL_ERROR,OPTIMAL,true,operational_voltage_model_infeasible;diagnostic_solution_recorded
1.05,2010-12-31 21:00:00,0.289402424838405,ALMOST_OPTIMAL,not_run,true,voltage_drop_tolerance_exceeded
1.05,2011-01-01 16:00:00,0.517915262570905,ALMOST_OPTIMAL,not_run,true,voltage_drop_tolerance_exceeded
1.05,2011-01-10 22:00:00,0.262520536774318,ALMOST_OPTIMAL,not_run,true,voltage_drop_tolerance_exceeded
1.05,2011-01-14 15:00:00,0.313823497667502,ALMOST_OPTIMAL,not_run,true,voltage_drop_tolerance_exceeded
1.05,2011-01-25 20:00:00,0.44784438821399,SLOW_PROGRESS,OPTIMAL,true,operational_voltage_model_infeasible;diagnostic_solution_recorded
1.05,2011-02-01 02:00:00,0.180354251861801,NUMERICAL_ERROR,OPTIMAL,true,operational_voltage_model_infeasible;diagnostic_solution_recorded
1.05,2011-03-09 19:30:00,0.353129384676268,ALMOST_OPTIMAL,not_run,true,voltage_drop_tolerance_exceeded
1.05,2011-03-15 13:00:00,0.214937580198353,NUMERICAL_ERROR,OPTIMAL,true,operational_voltage_model_infeasible;diagnostic_solution_recorded
1.05,2011-05-04 21:30:00,0.281120558360416,ALMOST_OPTIMAL,not_run,true,voltage_drop_tolerance_exceeded
1.05,2011-05-17 20:30:00,0.424991905213043,ALMOST_OPTIMAL,not_run,true,voltage_drop_tolerance_exceeded
1.05,2011-06-25 11:00:00,0.270540971614281,ALMOST_OPTIMAL,not_run,true,voltage_drop_tolerance_exceeded
1.05,2011-07-21 15:00:00,0.380246321369039,ALMOST_OPTIMAL,not_run,true,voltage_drop_tolerance_exceeded
1.05,2011-07-25 21:00:00,0.475700049168336,ALMOST_OPTIMAL,not_run,true,voltage_drop_tolerance_exceeded
1.05,2011-07-31 17:30:00,0.499907659467303,ALMOST_OPTIMAL,not_run,true,voltage_drop_tolerance_exceeded
1.05,2011-09-07 07:30:00,0.218647990693993,ALMOST_OPTIMAL,not_run,true,voltage_drop_tolerance_exceeded
1.05,2011-11-09 16:30:00,0.379214985549306,ALMOST_OPTIMAL,not_run,true,voltage_drop_tolerance_exceeded
1.05,2011-11-24 10:00:00,0.195059181886865,NUMERICAL_ERROR,ALMOST_OPTIMAL,true,operational_voltage_model_infeasible;diagnostic_solution_recorded
1.05,2011-11-27 20:00:00,0.328446880209146,ALMOST_OPTIMAL,not_run,true,voltage_drop_tolerance_exceeded
1.05,2012-01-18 07:00:00,0.187691126914267,SLOW_PROGRESS,OPTIMAL,true,operational_voltage_model_infeasible;diagnostic_solution_recorded
1.05,2012-01-19 19:30:00,0.292280571312075,ALMOST_OPTIMAL,not_run,true,voltage_drop_tolerance_exceeded
1.05,2012-02-12 20:30:00,0.304304028205835,NUMERICAL_ERROR,OPTIMAL,true,operational_voltage_model_infeasible;diagnostic_solution_recorded
1.05,2012-02-16 18:00:00,0.296223631981004,ALMOST_OPTIMAL,not_run,true,voltage_drop_tolerance_exceeded
1.05,2012-03-02 16:00:00,0.219497043903726,ALMOST_OPTIMAL,not_run,true,voltage_drop_tolerance_exceeded
1.05,2012-03-24 10:00:00,0.221665247580558,NUMERICAL_ERROR,ALMOST_OPTIMAL,true,operational_voltage_model_infeasible;diagnostic_solution_recorded
1.05,2012-04-22 14:30:00,0.221542926355427,ALMOST_OPTIMAL,not_run,true,voltage_drop_tolerance_exceeded
1.05,2012-05-11 11:00:00,0.181519901183638,NUMERICAL_ERROR,OPTIMAL,true,operational_voltage_model_infeasible;diagnostic_solution_recorded
1.05,2012-06-16 20:30:00,0.416297504407162,ALMOST_OPTIMAL,not_run,true,voltage_drop_tolerance_exceeded
1.05,2012-06-22 21:30:00,0.427452720448032,ALMOST_OPTIMAL,not_run,true,voltage_drop_tolerance_exceeded
1.05,2012-06-25 07:30:00,0.452770815594757,ALMOST_OPTIMAL,not_run,true,voltage_drop_tolerance_exceeded
1.05,2012-07-20 20:30:00,0.460584983270774,ALMOST_OPTIMAL,not_run,true,voltage_drop_tolerance_exceeded
1.05,2012-07-28 20:00:00,0.47456557976663,ALMOST_OPTIMAL,not_run,true,voltage_drop_tolerance_exceeded
1.05,2012-07-29 21:00:00,0.449456150239246,ALMOST_OPTIMAL,not_run,true,voltage_drop_tolerance_exceeded
1.05,2012-08-06 21:30:00,0.438583951934954,ALMOST_OPTIMAL,not_run,true,voltage_drop_tolerance_exceeded
1.05,2012-08-09 09:00:00,0.252255147684891,ALMOST_OPTIMAL,not_run,true,voltage_drop_tolerance_exceeded
1.05,2012-08-17 19:30:00,0.482238238574358,ALMOST_OPTIMAL,not_run,true,voltage_drop_tolerance_exceeded
1.05,2012-08-18 21:00:00,0.431024020530778,NUMERICAL_ERROR,OPTIMAL,true,operational_voltage_model_infeasible;diagnostic_solution_recorded
1.05,2012-08-23 18:30:00,0.352436231067193,ALMOST_OPTIMAL,not_run,true,voltage_drop_tolerance_exceeded
1.05,2012-11-30 19:30:00,0.464566419226019,ALMOST_OPTIMAL,not_run,true,voltage_drop_tolerance_exceeded
1.05,2013-01-11 18:30:00,0.523285404199695,SLOW_PROGRESS,OPTIMAL,true,operational_voltage_model_infeasible;diagnostic_solution_recorded
1.05,2013-01-25 12:30:00,0.27373811265545,ALMOST_OPTIMAL,not_run,true,voltage_drop_tolerance_exceeded
1.05,2013-03-28 06:30:00,0.194850516267524,ALMOST_OPTIMAL,not_run,true,voltage_drop_tolerance_exceeded
1.05,2013-04-06 14:30:00,0.213949416575725,NUMERICAL_ERROR,OPTIMAL,true,operational_voltage_model_infeasible;diagnostic_solution_recorded
1.05,2013-04-17 13:00:00,0.173631381390385,ALMOST_OPTIMAL,not_run,true,voltage_drop_tolerance_exceeded
1.05,2013-05-16 22:30:00,0.251439672850684,NUMERICAL_ERROR,OPTIMAL,true,operational_voltage_model_infeasible;diagnostic_solution_recorded
1.05,2013-05-23 06:00:00,0.218647990693993,ALMOST_OPTIMAL,not_run,true,voltage_drop_tolerance_exceeded
1.05,2013-06-06 17:30:00,0.428901387506446,ALMOST_OPTIMAL,not_run,true,voltage_drop_tolerance_exceeded
1.05,2013-06-16 17:30:00,0.538232578219627,ALMOST_OPTIMAL,not_run,true,voltage_drop_tolerance_exceeded
1.05,2013-06-20 22:00:00,0.364440500317796,ALMOST_OPTIMAL,not_run,true,voltage_drop_tolerance_exceeded
1.05,2013-06-21 17:00:00,0.451912168563445,ALMOST_OPTIMAL,not_run,true,voltage_drop_tolerance_exceeded
1.05,2013-06-22 08:00:00,0.389984050271625,ALMOST_OPTIMAL,not_run,true,voltage_drop_tolerance_exceeded
1.05,2013-06-23 17:30:00,0.637039346660751,ALMOST_OPTIMAL,not_run,true,voltage_drop_tolerance_exceeded
