timestamp,class_id,constraint_type,raw_topology_a13,raw_topology_a30,a13_unit,a30_unit,b_kw,center_p13_abs_kw,center_p30_abs_kw,center_strict_slack_kw,contributing_inward_point_count,support_tie_count_at_1e_9_kw,minimum_paired_bracket_length_kw,maximum_paired_bracket_length_kw,construction_status,semantic_class
2010-07-01 07:30:00,VMAX_BUS_13,PHYSICAL_LIMIT_CANDIDATE_FACET,0.893822890071851,0.268450094711859,0.957736813967031,0.287645954555735,2051.26568019254,452.1875,614.6875,1441.37669193585,13,1,0.15625,0.724437485922463,PASS_CENTER_STRICTLY_INTERIOR,TOPOLOGY_NORMAL_PLUS_CLASSWISE_MAX_OFFSET_CANDIDATE_NOT_CERTIFIED_INNER_FACET
2010-07-01 07:30:00,VMAX_BUS_30,PHYSICAL_LIMIT_CANDIDATE_FACET,0.268450094711859,0.625073311221421,0.394616541793754,0.918845898365302,2776.19745795157,452.1875,614.6875,2032.95370230778,13,1,0.209112092993445,0.816604619291455,PASS_CENTER_STRICTLY_INTERIOR,TOPOLOGY_NORMAL_PLUS_CLASSWISE_MAX_OFFSET_CANDIDATE_NOT_CERTIFIED_INNER_FACET
2010-07-01 07:30:00,VMIN_BUS_18,PHYSICAL_LIMIT_CANDIDATE_FACET,-0.893822890071851,-0.268450094711859,-0.957736813967031,-0.287645954555735,1097.79377510211,452.1875,614.6875,1707.68276335881,13,1,0.155761719999873,0.362218746509929,PASS_CENTER_STRICTLY_INTERIOR,TOPOLOGY_NORMAL_PLUS_CLASSWISE_MAX_OFFSET_CANDIDATE_NOT_CERTIFIED_INNER_FACET
2010-07-01 07:30:00,VMIN_BUS_33,PHYSICAL_LIMIT_CANDIDATE_FACET,-0.268450094711859,-0.625073311221421,-0.394616541793754,-0.918845898365302,1544.2887009006,452.1875,614.6875,2287.53245654438,12,1,0.15625,0.434421190000968,PASS_CENTER_STRICTLY_INTERIOR,TOPOLOGY_NORMAL_PLUS_CLASSWISE_MAX_OFFSET_CANDIDATE_NOT_CERTIFIED_INNER_FACET
2010-07-02 17:30:00,VMAX_BUS_13,PHYSICAL_LIMIT_CANDIDATE_FACET,0.893822890071851,0.268450094711859,0.957736813967031,0.287645954555735,2474.00720792085,889.53125,1223.90625,1270.01870105376,15,1,0.205796949351427,0.753715972069775,PASS_CENTER_STRICTLY_INTERIOR,TOPOLOGY_NORMAL_PLUS_CLASSWISE_MAX_OFFSET_CANDIDATE_NOT_CERTIFIED_INNER_FACET
2010-07-02 17:30:00,VMAX_BUS_30,PHYSICAL_LIMIT_CANDIDATE_FACET,0.268450094711859,0.625073311221421,0.394616541793754,0.918845898365302,3357.47112361552,889.53125,1223.90625,1881.86614012689,13,1,0.21904899213067,0.801167029564227,PASS_CENTER_STRICTLY_INTERIOR,TOPOLOGY_NORMAL_PLUS_CLASSWISE_MAX_OFFSET_CANDIDATE_NOT_CERTIFIED_INNER_FACET
2010-07-02 17:30:00,VMIN_BUS_18,PHYSICAL_LIMIT_CANDIDATE_FACET,-0.893822890071851,-0.268450094711859,-0.957736813967031,-0.287645954555735,684.330223884387,889.53125,1223.90625,1888.31873075148,13,1,0.15625,0.364800713678875,PASS_CENTER_STRICTLY_INTERIOR,TOPOLOGY_NORMAL_PLUS_CLASSWISE_MAX_OFFSET_CANDIDATE_NOT_CERTIFIED_INNER_FACET
2010-07-02 17:30:00,VMIN_BUS_33,PHYSICAL_LIMIT_CANDIDATE_FACET,-0.268450094711859,-0.625073311221421,-0.394616541793754,-0.918845898365302,1002.11630790466,889.53125,1223.90625,2477.72129139329,12,1,0.205796949351327,0.438097984261725,PASS_CENTER_STRICTLY_INTERIOR,TOPOLOGY_NORMAL_PLUS_CLASSWISE_MAX_OFFSET_CANDIDATE_NOT_CERTIFIED_INNER_FACET
2010-07-02 18:00:00,VMAX_BUS_13,PHYSICAL_LIMIT_CANDIDATE_FACET,0.893822890071851,0.268450094711859,0.957736813967031,0.287645954555735,2423.36548516121,825.234375,1134.53125,1306.66481969308,15,1,0.156501769999977,0.752918410806335,PASS_CENTER_STRICTLY_INTERIOR,TOPOLOGY_NORMAL_PLUS_CLASSWISE_MAX_OFFSET_CANDIDATE_NOT_CERTIFIED_INNER_FACET
2010-07-02 18:00:00,VMAX_BUS_30,PHYSICAL_LIMIT_CANDIDATE_FACET,0.268450094711859,0.625073311221421,0.394616541793754,0.918845898365302,3283.22790442339,825.234375,1134.53125,1915.1173835618,13,1,0.21058675926628,0.800271867107679,PASS_CENTER_STRICTLY_INTERIOR,TOPOLOGY_NORMAL_PLUS_CLASSWISE_MAX_OFFSET_CANDIDATE_NOT_CERTIFIED_INNER_FACET
2010-07-02 18:00:00,VMIN_BUS_18,PHYSICAL_LIMIT_CANDIDATE_FACET,-0.893822890071851,-0.268450094711859,-0.957736813967031,-0.287645954555735,744.917788041886,825.234375,1134.53125,1861.61845351002,13,1,0.15625,0.364427300499229,PASS_CENTER_STRICTLY_INTERIOR,TOPOLOGY_NORMAL_PLUS_CLASSWISE_MAX_OFFSET_CANDIDATE_NOT_CERTIFIED_INNER_FACET
2010-07-02 18:00:00,VMIN_BUS_33,PHYSICAL_LIMIT_CANDIDATE_FACET,-0.268450094711859,-0.625073311221421,-0.394616541793754,-0.918845898365302,1081.6539059819,825.234375,1134.53125,2449.76442684349,12,1,0.200067967405321,0.437575773383365,PASS_CENTER_STRICTLY_INTERIOR,TOPOLOGY_NORMAL_PLUS_CLASSWISE_MAX_OFFSET_CANDIDATE_NOT_CERTIFIED_INNER_FACET
2010-07-03 00:00:00,VMAX_BUS_13,PHYSICAL_LIMIT_CANDIDATE_FACET,0.893822890071851,0.268450094711859,0.957736813967031,0.287645954555735,1727.16580151899,59.6875,68.28125,1650.36006010082,13,1,0.154968260000032,0.697075891185995,PASS_CENTER_STRICTLY_INTERIOR,TOPOLOGY_NORMAL_PLUS_CLASSWISE_MAX_OFFSET_CANDIDATE_NOT_CERTIFIED_INNER_FACET
2010-07-03 00:00:00,VMAX_BUS_30,PHYSICAL_LIMIT_CANDIDATE_FACET,0.268450094711859,0.625073311221421,0.394616541793754,0.918845898365302,2310.06458925001,59.6875,68.28125,2223.77096791393,13,1,0.202659646367459,0.810638579992157,PASS_CENTER_STRICTLY_INTERIOR,TOPOLOGY_NORMAL_PLUS_CLASSWISE_MAX_OFFSET_CANDIDATE_NOT_CERTIFIED_INNER_FACET
2010-07-03 00:00:00,VMIN_BUS_18,PHYSICAL_LIMIT_CANDIDATE_FACET,-0.893822890071851,-0.268450094711859,-0.957736813967031,-0.287645954555735,1471.32727230136,59.6875,68.28125,1548.13301371953,14,1,0.154968260000032,0.371576592290936,PASS_CENTER_STRICTLY_INTERIOR,TOPOLOGY_NORMAL_PLUS_CLASSWISE_MAX_OFFSET_CANDIDATE_NOT_CERTIFIED_INNER_FACET
2010-07-03 00:00:00,VMIN_BUS_33,PHYSICAL_LIMIT_CANDIDATE_FACET,-0.268450094711859,-0.625073311221421,-0.394616541793754,-0.918845898365302,2034.06674582353,59.6875,68.28125,2120.3603671596,13,1,0.20265964636741,0.423761219612594,PASS_CENTER_STRICTLY_INTERIOR,TOPOLOGY_NORMAL_PLUS_CLASSWISE_MAX_OFFSET_CANDIDATE_NOT_CERTIFIED_INNER_FACET
2010-11-26 18:00:00,VMAX_BUS_13,PHYSICAL_LIMIT_CANDIDATE_FACET,0.893822890071851,0.268450094711859,0.957736813967031,0.287645954555735,1793.46290431674,140.78125,181.25,1606.49568921221,13,1,0.15513610999983,0.698010385134327,PASS_CENTER_STRICTLY_INTERIOR,TOPOLOGY_NORMAL_PLUS_CLASSWISE_MAX_OFFSET_CANDIDATE_NOT_CERTIFIED_INNER_FACET
2010-11-26 18:00:00,VMAX_BUS_30,PHYSICAL_LIMIT_CANDIDATE_FACET,0.268450094711859,0.625073311221421,0.394616541793754,0.918845898365302,2406.00582794525,140.78125,181.25,2183.91039884214,13,1,0.207891909940517,0.811930782755159,PASS_CENTER_STRICTLY_INTERIOR,TOPOLOGY_NORMAL_PLUS_CLASSWISE_MAX_OFFSET_CANDIDATE_NOT_CERTIFIED_INNER_FACET
2010-11-26 18:00:00,VMIN_BUS_18,PHYSICAL_LIMIT_CANDIDATE_FACET,-0.893822890071851,-0.268450094711859,-0.957736813967031,-0.287645954555735,1393.89316594654,140.78125,181.25,1580.86038105107,14,1,0.155136110000058,0.372118153026421,PASS_CENTER_STRICTLY_INTERIOR,TOPOLOGY_NORMAL_PLUS_CLASSWISE_MAX_OFFSET_CANDIDATE_NOT_CERTIFIED_INNER_FACET
2010-11-26 18:00:00,VMIN_BUS_33,PHYSICAL_LIMIT_CANDIDATE_FACET,-0.268450094711859,-0.625073311221421,-0.394616541793754,-0.918845898365302,1932.69087273572,140.78125,181.25,2154.78630183883,13,1,0.15625,0.441963761346424,PASS_CENTER_STRICTLY_INTERIOR,TOPOLOGY_NORMAL_PLUS_CLASSWISE_MAX_OFFSET_CANDIDATE_NOT_CERTIFIED_INNER_FACET
2010-12-21 11:30:00,VMAX_BUS_13,PHYSICAL_LIMIT_CANDIDATE_FACET,0.893822890071851,0.268450094711859,0.957736813967031,0.287645954555735,1621.07379212576,-71.015625,-113.671875,1721.78532554565,13,1,0.154716489999828,0.393699127687997,PASS_CENTER_STRICTLY_INTERIOR,TOPOLOGY_NORMAL_PLUS_CLASSWISE_MAX_OFFSET_CANDIDATE_NOT_CERTIFIED_INNER_FACET
2010-12-21 11:30:00,VMAX_BUS_30,PHYSICAL_LIMIT_CANDIDATE_FACET,0.268450094711859,0.625073311221421,0.394616541793754,0.918845898365302,2156.38116599022,-71.015625,-113.671875,2288.85204244429,13,1,0.220040816796675,0.44008163359335,PASS_CENTER_STRICTLY_INTERIOR,TOPOLOGY_NORMAL_PLUS_CLASSWISE_MAX_OFFSET_CANDIDATE_NOT_CERTIFIED_INNER_FACET
2010-12-21 11:30:00,VMIN_BUS_18,PHYSICAL_LIMIT_CANDIDATE_FACET,-0.893822890071851,-0.268450094711859,-0.957736813967031,-0.287645954555735,1596.62505407608,-71.015625,-113.671875,1495.91352065619,14,1,0.154716500000177,0.3936991292038,PASS_CENTER_STRICTLY_INTERIOR,TOPOLOGY_NORMAL_PLUS_CLASSWISE_MAX_OFFSET_CANDIDATE_NOT_CERTIFIED_INNER_FACET
2010-12-21 11:30:00,VMIN_BUS_33,PHYSICAL_LIMIT_CANDIDATE_FACET,-0.268450094711859,-0.625073311221421,-0.394616541793754,-0.918845898365302,2197.45510476583,-71.015625,-113.671875,2064.98422831177,13,1,0.15625,0.430006313954994,PASS_CENTER_STRICTLY_INTERIOR,TOPOLOGY_NORMAL_PLUS_CLASSWISE_MAX_OFFSET_CANDIDATE_NOT_CERTIFIED_INNER_FACET
2010-12-21 12:00:00,VMAX_BUS_13,PHYSICAL_LIMIT_CANDIDATE_FACET,0.893822890071851,0.268450094711859,0.957736813967031,0.287645954555735,1628.2041624965,-62.109375,-101.25,1716.81275032525,13,1,0.154731749999883,0.695763639554811,PASS_CENTER_STRICTLY_INTERIOR,TOPOLOGY_NORMAL_PLUS_CLASSWISE_MAX_OFFSET_CANDIDATE_NOT_CERTIFIED_INNER_FACET
2010-12-21 12:00:00,VMAX_BUS_30,PHYSICAL_LIMIT_CANDIDATE_FACET,0.268450094711859,0.625073311221421,0.394616541793754,0.918845898365302,2166.61724849866,-62.109375,-101.25,2284.15978248362,13,1,0.220078429271067,0.845557615110435,PASS_CENTER_STRICTLY_INTERIOR,TOPOLOGY_NORMAL_PLUS_CLASSWISE_MAX_OFFSET_CANDIDATE_NOT_CERTIFIED_INNER_FACET
2010-12-21 12:00:00,VMIN_BUS_18,PHYSICAL_LIMIT_CANDIDATE_FACET,-0.893822890071851,-0.268450094711859,-0.957736813967031,-0.287645954555735,1588.06711444604,-62.109375,-101.25,1499.45852661729,14,1,0.15473175000011,0.393759478754346,PASS_CENTER_STRICTLY_INTERIOR,TOPOLOGY_NORMAL_PLUS_CLASSWISE_MAX_OFFSET_CANDIDATE_NOT_CERTIFIED_INNER_FACET
2010-12-21 12:00:00,VMIN_BUS_33,PHYSICAL_LIMIT_CANDIDATE_FACET,-0.268450094711859,-0.625073311221421,-0.394616541793754,-0.918845898365302,2186.26538361289,-62.109375,-101.25,2068.72284962794,13,1,0.202207012579428,0.430078367806597,PASS_CENTER_STRICTLY_INTERIOR,TOPOLOGY_NORMAL_PLUS_CLASSWISE_MAX_OFFSET_CANDIDATE_NOT_CERTIFIED_INNER_FACET
2011-01-21 18:00:00,VMAX_BUS_13,PHYSICAL_LIMIT_CANDIDATE_FACET,0.893822890071851,0.268450094711859,0.957736813967031,0.287645954555735,1903.06803397265,274.21875,366.875,1534.90853243999,13,1,0.15625,0.722335547928152,PASS_CENTER_STRICTLY_INTERIOR,TOPOLOGY_NORMAL_PLUS_CLASSWISE_MAX_OFFSET_CANDIDATE_NOT_CERTIFIED_INNER_FACET
2011-01-21 18:00:00,VMAX_BUS_30,PHYSICAL_LIMIT_CANDIDATE_FACET,0.268450094711859,0.625073311221421,0.394616541793754,0.918845898365302,2564.16034261457,274.21875,366.875,2118.8474988318,13,1,0.208409043725621,0.813914674819387,PASS_CENTER_STRICTLY_INTERIOR,TOPOLOGY_NORMAL_PLUS_CLASSWISE_MAX_OFFSET_CANDIDATE_NOT_CERTIFIED_INNER_FACET
2011-01-21 18:00:00,VMIN_BUS_18,PHYSICAL_LIMIT_CANDIDATE_FACET,-0.893822890071851,-0.268450094711859,-0.957736813967031,-0.287645954555735,1266.8044769306,274.21875,366.875,1634.96397846326,14,1,0.155410759999995,0.372960519022079,PASS_CENTER_STRICTLY_INTERIOR,TOPOLOGY_NORMAL_PLUS_CLASSWISE_MAX_OFFSET_CANDIDATE_NOT_CERTIFIED_INNER_FACET
2011-01-21 18:00:00,VMIN_BUS_33,PHYSICAL_LIMIT_CANDIDATE_FACET,-0.268450094711859,-0.625073311221421,-0.394616541793754,-0.918845898365302,1766.21365165791,274.21875,366.875,2211.52649544069,13,1,0.192372182151607,0.425534019890428,PASS_CENTER_STRICTLY_INTERIOR,TOPOLOGY_NORMAL_PLUS_CLASSWISE_MAX_OFFSET_CANDIDATE_NOT_CERTIFIED_INNER_FACET
2011-02-05 11:30:00,VMAX_BUS_13,PHYSICAL_LIMIT_CANDIDATE_FACET,0.893822890071851,0.268450094711859,0.957736813967031,0.287645954555735,2516.35397978363,942.890625,1298.4375,1239.82262255829,15,1,0.166371166315203,0.75436326264662,PASS_CENTER_STRICTLY_INTERIOR,TOPOLOGY_NORMAL_PLUS_CLASSWISE_MAX_OFFSET_CANDIDATE_NOT_CERTIFIED_INNER_FACET
2011-02-05 11:30:00,VMAX_BUS_30,PHYSICAL_LIMIT_CANDIDATE_FACET,0.268450094711859,0.625073311221421,0.394616541793754,0.918845898365302,3419.47647819224,942.890625,1298.4375,1854.33226930629,13,1,0.211034134037737,0.778495340206598,PASS_CENTER_STRICTLY_INTERIOR,TOPOLOGY_NORMAL_PLUS_CLASSWISE_MAX_OFFSET_CANDIDATE_NOT_CERTIFIED_INNER_FACET
2011-02-05 11:30:00,VMIN_BUS_18,PHYSICAL_LIMIT_CANDIDATE_FACET,-0.893822890071851,-0.268450094711859,-0.957736813967031,-0.287645954555735,634.093788553111,942.890625,1298.4375,1910.62514577846,13,1,0.15625,0.324642740032943,PASS_CENTER_STRICTLY_INTERIOR,TOPOLOGY_NORMAL_PLUS_CLASSWISE_MAX_OFFSET_CANDIDATE_NOT_CERTIFIED_INNER_FACET
2011-02-05 11:30:00,VMIN_BUS_33,PHYSICAL_LIMIT_CANDIDATE_FACET,-0.268450094711859,-0.625073311221421,-0.394616541793754,-0.918845898365302,935.871203362011,942.890625,1298.4375,2501.01541224796,12,1,0.200475380991664,0.400950759249039,PASS_CENTER_STRICTLY_INTERIOR,TOPOLOGY_NORMAL_PLUS_CLASSWISE_MAX_OFFSET_CANDIDATE_NOT_CERTIFIED_INNER_FACET
2011-02-05 17:30:00,VMAX_BUS_13,PHYSICAL_LIMIT_CANDIDATE_FACET,0.893822890071851,0.268450094711859,0.957736813967031,0.287645954555735,2892.40585548224,1316.25,1818.125,1108.80847297149,17,1,0.167249044114521,0.783519419274433,PASS_CENTER_STRICTLY_INTERIOR,TOPOLOGY_NORMAL_PLUS_CLASSWISE_MAX_OFFSET_CANDIDATE_NOT_CERTIFIED_INNER_FACET
2011-02-05 17:30:00,VMAX_BUS_30,PHYSICAL_LIMIT_CANDIDATE_FACET,0.268450094711859,0.625073311221421,0.394616541793754,0.918845898365302,3938.06750860885,1316.25,1818.125,1748.07678650741,14,1,0.217008680767689,0.78351942636401,PASS_CENTER_STRICTLY_INTERIOR,TOPOLOGY_NORMAL_PLUS_CLASSWISE_MAX_OFFSET_CANDIDATE_NOT_CERTIFIED_INNER_FACET
2011-02-05 17:30:00,VMIN_BUS_18,PHYSICAL_LIMIT_CANDIDATE_FACET,-0.893822890071851,-0.268450094711859,-0.957736813967031,-0.287645954555735,284.24190684705,1316.25,1818.125,2067.8392893578,12,1,0.15625,0.355431962450324,PASS_CENTER_STRICTLY_INTERIOR,TOPOLOGY_NORMAL_PLUS_CLASSWISE_MAX_OFFSET_CANDIDATE_NOT_CERTIFIED_INNER_FACET
2011-02-05 17:30:00,VMIN_BUS_33,PHYSICAL_LIMIT_CANDIDATE_FACET,-0.268450094711859,-0.625073311221421,-0.394616541793754,-0.918845898365302,476.574039212121,1316.25,1818.125,2666.56476131356,11,1,0.201805978214029,0.414780807222765,PASS_CENTER_STRICTLY_INTERIOR,TOPOLOGY_NORMAL_PLUS_CLASSWISE_MAX_OFFSET_CANDIDATE_NOT_CERTIFIED_INNER_FACET
2011-02-05 18:00:00,VMAX_BUS_13,PHYSICAL_LIMIT_CANDIDATE_FACET,0.893822890071851,0.268450094711859,0.957736813967031,0.287645954555735,2927.79145911624,1366.015625,1887.34375,1076.62121205601,17,1,0.15625,0.784211511486215,PASS_CENTER_STRICTLY_INTERIOR,TOPOLOGY_NORMAL_PLUS_CLASSWISE_MAX_OFFSET_CANDIDATE_NOT_CERTIFIED_INNER_FACET
2011-02-05 18:00:00,VMAX_BUS_30,PHYSICAL_LIMIT_CANDIDATE_FACET,0.268450094711859,0.625073311221421,0.394616541793754,0.918845898365302,3992.41016289292,1366.015625,1887.34375,1719.1797374263,14,1,0.217218969781233,0.807958569248274,PASS_CENTER_STRICTLY_INTERIOR,TOPOLOGY_NORMAL_PLUS_CLASSWISE_MAX_OFFSET_CANDIDATE_NOT_CERTIFIED_INNER_FACET
2011-02-05 18:00:00,VMIN_BUS_18,PHYSICAL_LIMIT_CANDIDATE_FACET,-0.893822890071851,-0.268450094711859,-0.957736813967031,-0.287645954555735,237.910684965901,1366.015625,1887.34375,2089.08093202614,12,1,0.157569886000033,0.334735985905862,PASS_CENTER_STRICTLY_INTERIOR,TOPOLOGY_NORMAL_PLUS_CLASSWISE_MAX_OFFSET_CANDIDATE_NOT_CERTIFIED_INNER_FACET
2011-02-05 18:00:00,VMIN_BUS_33,PHYSICAL_LIMIT_CANDIDATE_FACET,-0.268450094711859,-0.625073311221421,-0.394616541793754,-0.918845898365302,415.640522466303,1366.015625,1887.34375,2688.87094793292,11,1,0.201989641879376,0.456268310000041,PASS_CENTER_STRICTLY_INTERIOR,TOPOLOGY_NORMAL_PLUS_CLASSWISE_MAX_OFFSET_CANDIDATE_NOT_CERTIFIED_INNER_FACET
2011-02-06 00:00:00,VMAX_BUS_13,PHYSICAL_LIMIT_CANDIDATE_FACET,0.893822890071851,0.268450094711859,0.957736813967031,0.287645954555735,2059.68030104519,461.953125,628.59375,1436.43833765906,13,1,0.158277866474549,0.724564856726744,PASS_CENTER_STRICTLY_INTERIOR,TOPOLOGY_NORMAL_PLUS_CLASSWISE_MAX_OFFSET_CANDIDATE_NOT_CERTIFIED_INNER_FACET
2011-02-06 00:00:00,VMAX_BUS_30,PHYSICAL_LIMIT_CANDIDATE_FACET,0.268450094711859,0.625073311221421,0.394616541793754,0.918845898365302,2788.08012095096,461.953125,628.59375,2028.20498736708,13,1,0.209153145640875,0.854157002870694,PASS_CENTER_STRICTLY_INTERIOR,TOPOLOGY_NORMAL_PLUS_CLASSWISE_MAX_OFFSET_CANDIDATE_NOT_CERTIFIED_INNER_FACET
2011-02-06 00:00:00,VMIN_BUS_18,PHYSICAL_LIMIT_CANDIDATE_FACET,-0.893822890071851,-0.268450094711859,-0.957736813967031,-0.287645954555735,1088.42457360245,461.953125,628.59375,1711.66653698859,13,1,0.155784599999834,0.362282431885759,PASS_CENTER_STRICTLY_INTERIOR,TOPOLOGY_NORMAL_PLUS_CLASSWISE_MAX_OFFSET_CANDIDATE_NOT_CERTIFIED_INNER_FACET
2011-02-06 00:00:00,VMIN_BUS_33,PHYSICAL_LIMIT_CANDIDATE_FACET,-0.268450094711859,-0.625073311221421,-0.394616541793754,-0.918845898365302,1532.18825397915,461.953125,628.59375,2292.06338756303,12,1,0.198765302821056,0.434508432966301,PASS_CENTER_STRICTLY_INTERIOR,TOPOLOGY_NORMAL_PLUS_CLASSWISE_MAX_OFFSET_CANDIDATE_NOT_CERTIFIED_INNER_FACET
2011-03-04 18:00:00,VMAX_BUS_13,PHYSICAL_LIMIT_CANDIDATE_FACET,0.893822890071851,0.268450094711859,0.957736813967031,0.287645954555735,1793.16402203914,140.703125,181.09375,1606.31657480361,13,1,0.155143739999858,0.720750476773087,PASS_CENTER_STRICTLY_INTERIOR,TOPOLOGY_NORMAL_PLUS_CLASSWISE_MAX_OFFSET_CANDIDATE_NOT_CERTIFIED_INNER_FACET
2011-03-04 18:00:00,VMAX_BUS_30,PHYSICAL_LIMIT_CANDIDATE_FACET,0.268450094711859,0.625073311221421,0.394616541793754,0.918845898365302,2405.8304675564,140.703125,181.09375,2183.90943754224,13,1,0.202973381136147,0.445404049999979,PASS_CENTER_STRICTLY_INTERIOR,TOPOLOGY_NORMAL_PLUS_CLASSWISE_MAX_OFFSET_CANDIDATE_NOT_CERTIFIED_INNER_FACET
2011-03-04 18:00:00,VMIN_BUS_18,PHYSICAL_LIMIT_CANDIDATE_FACET,-0.893822890071851,-0.268450094711859,-0.957736813967031,-0.287645954555735,1394.05359448707,140.703125,181.09375,1580.9010417226,14,1,0.155143740000085,0.372110525419971,PASS_CENTER_STRICTLY_INTERIOR,TOPOLOGY_NORMAL_PLUS_CLASSWISE_MAX_OFFSET_CANDIDATE_NOT_CERTIFIED_INNER_FACET
2011-03-04 18:00:00,VMIN_BUS_33,PHYSICAL_LIMIT_CANDIDATE_FACET,-0.268450094711859,-0.625073311221421,-0.394616541793754,-0.918845898365302,1932.74254435499,140.703125,181.09375,2154.66357436916,13,1,0.202973382012766,0.424438365085292,PASS_CENTER_STRICTLY_INTERIOR,TOPOLOGY_NORMAL_PLUS_CLASSWISE_MAX_OFFSET_CANDIDATE_NOT_CERTIFIED_INNER_FACET
2011-03-08 11:30:00,VMAX_BUS_13,PHYSICAL_LIMIT_CANDIDATE_FACET,0.893822890071851,0.268450094711859,0.957736813967031,0.287645954555735,1618.06655971472,-74.53125,-118.75,1723.60583873419,13,1,0.154708869999922,0.718182167757443,PASS_CENTER_STRICTLY_INTERIOR,TOPOLOGY_NORMAL_PLUS_CLASSWISE_MAX_OFFSET_CANDIDATE_NOT_CERTIFIED_INNER_FACET
2011-03-08 11:30:00,VMAX_BUS_30,PHYSICAL_LIMIT_CANDIDATE_FACET,0.268450094711859,0.625073311221421,0.394616541793754,0.918845898365302,2151.91953196617,-74.53125,-118.75,2290.44374652761,13,1,0.202156323822167,0.808625287181876,PASS_CENTER_STRICTLY_INTERIOR,TOPOLOGY_NORMAL_PLUS_CLASSWISE_MAX_OFFSET_CANDIDATE_NOT_CERTIFIED_INNER_FACET
2011-03-08 11:30:00,VMIN_BUS_18,PHYSICAL_LIMIT_CANDIDATE_FACET,-0.893822890071851,-0.268450094711859,-0.957736813967031,-0.287645954555735,1600.07971434651,-74.53125,-118.75,1494.54043532704,14,1,0.154708860000028,0.370734197955448,PASS_CENTER_STRICTLY_INTERIOR,TOPOLOGY_NORMAL_PLUS_CLASSWISE_MAX_OFFSET_CANDIDATE_NOT_CERTIFIED_INNER_FACET
2011-03-08 11:30:00,VMIN_BUS_33,PHYSICAL_LIMIT_CANDIDATE_FACET,-0.268450094711859,-0.625073311221421,-0.394616541793754,-0.918845898365302,2202.03222775832,-74.53125,-118.75,2063.50801319688,13,1,0.202156324261321,0.422667610185108,PASS_CENTER_STRICTLY_INTERIOR,TOPOLOGY_NORMAL_PLUS_CLASSWISE_MAX_OFFSET_CANDIDATE_NOT_CERTIFIED_INNER_FACET
2011-03-08 12:30:00,VMAX_BUS_13,PHYSICAL_LIMIT_CANDIDATE_FACET,0.893822890071851,0.268450094711859,0.957736813967031,0.287645954555735,1640.37044841261,-47.03125,-80.390625,1708.53804600995,13,1,0.15625,0.718534122184156,PASS_CENTER_STRICTLY_INTERIOR,TOPOLOGY_NORMAL_PLUS_CLASSWISE_MAX_OFFSET_CANDIDATE_NOT_CERTIFIED_INNER_FACET
2011-03-08 12:30:00,VMAX_BUS_30,PHYSICAL_LIMIT_CANDIDATE_FACET,0.268450094711859,0.625073311221421,0.394616541793754,0.918845898365302,2184.30556107066,-47.03125,-80.390625,2276.73146635018,13,1,0.215104935165524,0.440292714209973,PASS_CENTER_STRICTLY_INTERIOR,TOPOLOGY_NORMAL_PLUS_CLASSWISE_MAX_OFFSET_CANDIDATE_NOT_CERTIFIED_INNER_FACET
2011-03-08 12:30:00,VMIN_BUS_18,PHYSICAL_LIMIT_CANDIDATE_FACET,-0.893822890071851,-0.268450094711859,-0.957736813967031,-0.287645954555735,1573.64770613423,-47.03125,-80.390625,1505.48010853688,14,1,0.154769890000125,0.37092219436896,PASS_CENTER_STRICTLY_INTERIOR,TOPOLOGY_NORMAL_PLUS_CLASSWISE_MAX_OFFSET_CANDIDATE_NOT_CERTIFIED_INNER_FACET
2011-03-08 12:30:00,VMIN_BUS_33,PHYSICAL_LIMIT_CANDIDATE_FACET,-0.268450094711859,-0.625073311221421,-0.394616541793754,-0.918845898365302,2167.51275198046,-47.03125,-80.390625,2075.08684670095,13,1,0.15625,0.443740839999919,PASS_CENTER_STRICTLY_INTERIOR,TOPOLOGY_NORMAL_PLUS_CLASSWISE_MAX_OFFSET_CANDIDATE_NOT_CERTIFIED_INNER_FACET
2011-05-11 17:30:00,VMAX_BUS_13,PHYSICAL_LIMIT_CANDIDATE_FACET,0.893822890071851,0.268450094711859,0.957736813967031,0.287645954555735,2278.34471932374,638.359375,874.0625,1415.54390319138,14,1,0.15625,0.750540365730538,PASS_CENTER_STRICTLY_INTERIOR,TOPOLOGY_NORMAL_PLUS_CLASSWISE_MAX_OFFSET_CANDIDATE_NOT_CERTIFIED_INNER_FACET
2011-05-11 17:30:00,VMAX_BUS_30,PHYSICAL_LIMIT_CANDIDATE_FACET,0.268450094711859,0.625073311221421,0.394616541793754,0.918845898365302,3068.99286687251,638.359375,874.0625,2013.95695484846,14,1,0.217992596269865,0.797575727410388,PASS_CENTER_STRICTLY_INTERIOR,TOPOLOGY_NORMAL_PLUS_CLASSWISE_MAX_OFFSET_CANDIDATE_NOT_CERTIFIED_INNER_FACET
2011-05-11 17:30:00,VMIN_BUS_18,PHYSICAL_LIMIT_CANDIDATE_FACET,-0.893822890071851,-0.268450094711859,-0.957736813967031,-0.287645954555735,921.439365511657,638.359375,874.0625,1784.24018164401,13,1,0.156135559999939,0.363321129921932,PASS_CENTER_STRICTLY_INTERIOR,TOPOLOGY_NORMAL_PLUS_CLASSWISE_MAX_OFFSET_CANDIDATE_NOT_CERTIFIED_INNER_FACET
2011-05-11 17:30:00,VMIN_BUS_33,PHYSICAL_LIMIT_CANDIDATE_FACET,-0.268450094711859,-0.625073311221421,-0.394616541793754,-0.918845898365302,1313.08821663266,638.359375,874.0625,2368.12412865671,12,1,0.199393930594199,0.449829099999988,PASS_CENTER_STRICTLY_INTERIOR,TOPOLOGY_NORMAL_PLUS_CLASSWISE_MAX_OFFSET_CANDIDATE_NOT_CERTIFIED_INNER_FACET
2011-05-11 18:00:00,VMAX_BUS_13,PHYSICAL_LIMIT_CANDIDATE_FACET,0.893822890071851,0.268450094711859,0.957736813967031,0.287645954555735,2286.79915869036,649.453125,889.765625,1408.85650939792,14,1,0.156150819999993,0.750675971309101,PASS_CENTER_STRICTLY_INTERIOR,TOPOLOGY_NORMAL_PLUS_CLASSWISE_MAX_OFFSET_CANDIDATE_NOT_CERTIFIED_INNER_FACET
2011-05-11 18:00:00,VMAX_BUS_30,PHYSICAL_LIMIT_CANDIDATE_FACET,0.268450094711859,0.625073311221421,0.394616541793754,0.918845898365302,3081.83106100078,649.453125,889.765625,2007.98861971845,14,1,0.204895086489679,0.8195803540782,PASS_CENTER_STRICTLY_INTERIOR,TOPOLOGY_NORMAL_PLUS_CLASSWISE_MAX_OFFSET_CANDIDATE_NOT_CERTIFIED_INNER_FACET
2011-05-11 18:00:00,VMIN_BUS_18,PHYSICAL_LIMIT_CANDIDATE_FACET,-0.893822890071851,-0.268450094711859,-0.957736813967031,-0.287645954555735,910.730369702586,649.453125,889.765625,1788.67301899502,13,1,0.156150819999993,0.351795131981926,PASS_CENTER_STRICTLY_INTERIOR,TOPOLOGY_NORMAL_PLUS_CLASSWISE_MAX_OFFSET_CANDIDATE_NOT_CERTIFIED_INNER_FACET
2011-05-11 18:00:00,VMIN_BUS_33,PHYSICAL_LIMIT_CANDIDATE_FACET,-0.268450094711859,-0.625073311221421,-0.394616541793754,-0.918845898365302,1299.16195848556,649.453125,889.765625,2373.0043997679,12,1,0.15625,0.428607915068978,PASS_CENTER_STRICTLY_INTERIOR,TOPOLOGY_NORMAL_PLUS_CLASSWISE_MAX_OFFSET_CANDIDATE_NOT_CERTIFIED_INNER_FACET
2011-05-16 07:30:00,VMAX_BUS_13,PHYSICAL_LIMIT_CANDIDATE_FACET,0.893822890071851,0.268450094711859,0.957736813967031,0.287645954555735,1926.38510064832,302.109375,405.859375,1520.30002302898,13,1,0.174947754852859,0.722669957134258,PASS_CENTER_STRICTLY_INTERIOR,TOPOLOGY_NORMAL_PLUS_CLASSWISE_MAX_OFFSET_CANDIDATE_NOT_CERTIFIED_INNER_FACET
2011-05-16 07:30:00,VMAX_BUS_30,PHYSICAL_LIMIT_CANDIDATE_FACET,0.268450094711859,0.625073311221421,0.394616541793754,0.918845898365302,2597.30370350416,302.109375,405.859375,2105.16412466633,13,1,0.20358758984551,0.814350386120499,PASS_CENTER_STRICTLY_INTERIOR,TOPOLOGY_NORMAL_PLUS_CLASSWISE_MAX_OFFSET_CANDIDATE_NOT_CERTIFIED_INNER_FACET
2011-05-16 07:30:00,VMIN_BUS_18,PHYSICAL_LIMIT_CANDIDATE_FACET,-0.893822890071851,-0.268450094711859,-0.957736813967031,-0.287645954555735,1240.31043274126,302.109375,405.859375,1646.3955103606,14,1,0.155464169999959,0.37314109392749,PASS_CENTER_STRICTLY_INTERIOR,TOPOLOGY_NORMAL_PLUS_CLASSWISE_MAX_OFFSET_CANDIDATE_NOT_CERTIFIED_INNER_FACET
2011-05-16 07:30:00,VMIN_BUS_33,PHYSICAL_LIMIT_CANDIDATE_FACET,-0.268450094711859,-0.625073311221421,-0.394616541793754,-0.918845898365302,1731.31481494961,302.109375,405.859375,2223.45439378744,13,1,0.15625,0.446853639999972,PASS_CENTER_STRICTLY_INTERIOR,TOPOLOGY_NORMAL_PLUS_CLASSWISE_MAX_OFFSET_CANDIDATE_NOT_CERTIFIED_INNER_FACET
2011-09-11 00:00:00,VMAX_BUS_13,PHYSICAL_LIMIT_CANDIDATE_FACET,0.893822890071851,0.268450094711859,0.957736813967031,0.287645954555735,1661.13133997613,-21.25,-44.609375,1694.31495352694,13,1,0.154815670000062,0.718813601304095,PASS_CENTER_STRICTLY_INTERIOR,TOPOLOGY_NORMAL_PLUS_CLASSWISE_MAX_OFFSET_CANDIDATE_NOT_CERTIFIED_INNER_FACET
2011-09-11 00:00:00,VMAX_BUS_30,PHYSICAL_LIMIT_CANDIDATE_FACET,0.268450094711859,0.625073311221421,0.394616541793754,0.918845898365302,2214.79166101627,-21.25,-44.609375,2264.16640377678,13,1,0.3125,0.828950109260413,PASS_CENTER_STRICTLY_INTERIOR,TOPOLOGY_NORMAL_PLUS_CLASSWISE_MAX_OFFSET_CANDIDATE_NOT_CERTIFIED_INNER_FACET
2011-09-11 00:00:00,VMIN_BUS_18,PHYSICAL_LIMIT_CANDIDATE_FACET,-0.893822890071851,-0.268450094711859,-0.957736813967031,-0.287645954555735,1548.97817200534,-21.25,-44.609375,1515.79455845453,14,1,0.15625,0.359406797109877,PASS_CENTER_STRICTLY_INTERIOR,TOPOLOGY_NORMAL_PLUS_CLASSWISE_MAX_OFFSET_CANDIDATE_NOT_CERTIFIED_INNER_FACET
2011-09-11 00:00:00,VMIN_BUS_33,PHYSICAL_LIMIT_CANDIDATE_FACET,-0.268450094711859,-0.625073311221421,-0.394616541793754,-0.918845898365302,2135.41288706955,-21.25,-44.609375,2086.03814430904,13,1,0.15625,0.44050345151326,PASS_CENTER_STRICTLY_INTERIOR,TOPOLOGY_NORMAL_PLUS_CLASSWISE_MAX_OFFSET_CANDIDATE_NOT_CERTIFIED_INNER_FACET
2011-09-30 05:30:00,VMAX_BUS_13,PHYSICAL_LIMIT_CANDIDATE_FACET,0.893822890071851,0.268450094711859,0.957736813967031,0.287645954555735,1525.74953851077,-103.28125,-158.75,1670.32958911402,12,1,0.196731439286726,0.370553747346441,PASS_CENTER_STRICTLY_INTERIOR,TOPOLOGY_NORMAL_PLUS_CLASSWISE_MAX_OFFSET_CANDIDATE_NOT_CERTIFIED_INNER_FACET
2011-09-30 05:30:00,VMAX_BUS_30,PHYSICAL_LIMIT_CANDIDATE_FACET,0.268450094711859,0.625073311221421,0.394616541793754,0.918845898365302,2118.31960499618,-103.28125,-158.75,2304.94288106881,13,1,0.21486534743398,0.827672476132705,PASS_CENTER_STRICTLY_INTERIOR,TOPOLOGY_NORMAL_PLUS_CLASSWISE_MAX_OFFSET_CANDIDATE_NOT_CERTIFIED_INNER_FACET
2011-09-30 05:30:00,VMIN_BUS_18,PHYSICAL_LIMIT_CANDIDATE_FACET,-0.893822890071851,-0.268450094711859,-0.957736813967031,-0.287645954555735,1627.55246376204,-103.28125,-158.75,1482.97241315878,14,1,0.154647829999931,0.370553733263838,PASS_CENTER_STRICTLY_INTERIOR,TOPOLOGY_NORMAL_PLUS_CLASSWISE_MAX_OFFSET_CANDIDATE_NOT_CERTIFIED_INNER_FACET
2011-09-30 05:30:00,VMIN_BUS_33,PHYSICAL_LIMIT_CANDIDATE_FACET,-0.268450094711859,-0.625073311221421,-0.394616541793754,-0.918845898365302,2237.77903155771,-103.28125,-158.75,2051.15575548508,13,1,0.15625,0.422441254916781,PASS_CENTER_STRICTLY_INTERIOR,TOPOLOGY_NORMAL_PLUS_CLASSWISE_MAX_OFFSET_CANDIDATE_NOT_CERTIFIED_INNER_FACET
2011-09-30 11:30:00,VMAX_BUS_13,PHYSICAL_LIMIT_CANDIDATE_FACET,0.893822890071851,0.268450094711859,0.957736813967031,0.287645954555735,1649.90802264814,-35.3125,-64.0625,1702.15542285508,13,1,0.157229397018657,0.718656224814728,PASS_CENTER_STRICTLY_INTERIOR,TOPOLOGY_NORMAL_PLUS_CLASSWISE_MAX_OFFSET_CANDIDATE_NOT_CERTIFIED_INNER_FACET
2011-09-30 11:30:00,VMAX_BUS_30,PHYSICAL_LIMIT_CANDIDATE_FACET,0.268450094711859,0.625073311221421,0.394616541793754,0.918845898365302,2198.04075609799,-35.3125,-64.0625,2270.83921809411,13,1,0.20718893066643,0.443847659999847,PASS_CENTER_STRICTLY_INTERIOR,TOPOLOGY_NORMAL_PLUS_CLASSWISE_MAX_OFFSET_CANDIDATE_NOT_CERTIFIED_INNER_FACET
2011-09-30 11:30:00,VMIN_BUS_18,PHYSICAL_LIMIT_CANDIDATE_FACET,-0.893822890071851,-0.268450094711859,-0.957736813967031,-0.287645954555735,1562.41673643156,-35.3125,-64.0625,1510.16933622462,14,1,0.154785149999952,0.370989939571166,PASS_CENTER_STRICTLY_INTERIOR,TOPOLOGY_NORMAL_PLUS_CLASSWISE_MAX_OFFSET_CANDIDATE_NOT_CERTIFIED_INNER_FACET
2011-09-30 11:30:00,VMIN_BUS_33,PHYSICAL_LIMIT_CANDIDATE_FACET,-0.268450094711859,-0.625073311221421,-0.394616541793754,-0.918845898365302,2152.81845196299,-35.3125,-64.0625,2080.01998996687,13,1,0.20231030250608,0.43030971319078,PASS_CENTER_STRICTLY_INTERIOR,TOPOLOGY_NORMAL_PLUS_CLASSWISE_MAX_OFFSET_CANDIDATE_NOT_CERTIFIED_INNER_FACET
2011-11-14 17:30:00,VMAX_BUS_13,PHYSICAL_LIMIT_CANDIDATE_FACET,0.893822890071851,0.268450094711859,0.957736813967031,0.287645954555735,2280.25878903318,640.859375,877.65625,1414.02990321672,14,1,0.158646762663706,0.750570592746632,PASS_CENTER_STRICTLY_INTERIOR,TOPOLOGY_NORMAL_PLUS_CLASSWISE_MAX_OFFSET_CANDIDATE_NOT_CERTIFIED_INNER_FACET
2011-11-14 17:30:00,VMAX_BUS_30,PHYSICAL_LIMIT_CANDIDATE_FACET,0.268450094711859,0.625073311221421,0.394616541793754,0.918845898365302,3071.83499047652,640.859375,877.65625,2012.51043465074,14,1,0.209856243719069,0.83942497413164,PASS_CENTER_STRICTLY_INTERIOR,TOPOLOGY_NORMAL_PLUS_CLASSWISE_MAX_OFFSET_CANDIDATE_NOT_CERTIFIED_INNER_FACET
2011-11-14 17:30:00,VMIN_BUS_18,PHYSICAL_LIMIT_CANDIDATE_FACET,-0.893822890071851,-0.268450094711859,-0.957736813967031,-0.287645954555735,919.006605019869,640.859375,877.65625,1785.23549083633,13,1,0.156135559999939,0.363333564741941,PASS_CENTER_STRICTLY_INTERIOR,TOPOLOGY_NORMAL_PLUS_CLASSWISE_MAX_OFFSET_CANDIDATE_NOT_CERTIFIED_INNER_FACET
2011-11-14 17:30:00,VMIN_BUS_33,PHYSICAL_LIMIT_CANDIDATE_FACET,-0.268450094711859,-0.625073311221421,-0.394616541793754,-0.918845898365302,1309.92968385703,640.859375,877.65625,2369.25423968281,12,1,0.199404032913734,0.419712487437801,PASS_CENTER_STRICTLY_INTERIOR,TOPOLOGY_NORMAL_PLUS_CLASSWISE_MAX_OFFSET_CANDIDATE_NOT_CERTIFIED_INNER_FACET
2011-11-14 19:30:00,VMAX_BUS_13,PHYSICAL_LIMIT_CANDIDATE_FACET,0.893822890071851,0.268450094711859,0.957736813967031,0.287645954555735,2316.63855616627,688.515625,943.984375,1385.68850847967,14,1,0.15625,0.751157521088027,PASS_CENTER_STRICTLY_INTERIOR,TOPOLOGY_NORMAL_PLUS_CLASSWISE_MAX_OFFSET_CANDIDATE_NOT_CERTIFIED_INNER_FACET
2011-11-14 19:30:00,VMAX_BUS_30,PHYSICAL_LIMIT_CANDIDATE_FACET,0.268450094711859,0.625073311221421,0.394616541793754,0.918845898365302,3126.19198109532,688.515625,943.984375,1987.11615509717,14,1,0.210038858798501,0.820151517536033,PASS_CENTER_STRICTLY_INTERIOR,TOPOLOGY_NORMAL_PLUS_CLASSWISE_MAX_OFFSET_CANDIDATE_NOT_CERTIFIED_INNER_FACET
2011-11-14 19:30:00,VMIN_BUS_18,PHYSICAL_LIMIT_CANDIDATE_FACET,-0.893822890071851,-0.268450094711859,-0.957736813967031,-0.287645954555735,873.913043771625,688.515625,943.984375,1804.86309145822,13,1,0.156227109999918,0.35200407234753,PASS_CENTER_STRICTLY_INTERIOR,TOPOLOGY_NORMAL_PLUS_CLASSWISE_MAX_OFFSET_CANDIDATE_NOT_CERTIFIED_INNER_FACET
2011-11-14 19:30:00,VMIN_BUS_33,PHYSICAL_LIMIT_CANDIDATE_FACET,-0.268450094711859,-0.625073311221421,-0.394616541793754,-0.918845898365302,1250.92254882139,688.515625,943.984375,2389.99837481953,12,1,0.15625,0.436403694462417,PASS_CENTER_STRICTLY_INTERIOR,TOPOLOGY_NORMAL_PLUS_CLASSWISE_MAX_OFFSET_CANDIDATE_NOT_CERTIFIED_INNER_FACET
2011-12-15 05:30:00,VMAX_BUS_13,PHYSICAL_LIMIT_CANDIDATE_FACET,0.893822890071851,0.268450094711859,0.957736813967031,0.287645954555735,1507.46137514474,-124.375,-188.125,1680.69328658269,12,1,0.173766830381523,0.674065298543788,PASS_CENTER_STRICTLY_INTERIOR,TOPOLOGY_NORMAL_PLUS_CLASSWISE_MAX_OFFSET_CANDIDATE_NOT_CERTIFIED_INNER_FACET
2011-12-15 05:30:00,VMAX_BUS_30,PHYSICAL_LIMIT_CANDIDATE_FACET,0.268450094711859,0.625073311221421,0.394616541793754,0.918845898365302,2093.63291679096,-124.375,-188.125,2315.57123380653,13,1,0.206836017794914,0.827344088236139,PASS_CENTER_STRICTLY_INTERIOR,TOPOLOGY_NORMAL_PLUS_CLASSWISE_MAX_OFFSET_CANDIDATE_NOT_CERTIFIED_INNER_FACET
2011-12-15 05:30:00,VMIN_BUS_18,PHYSICAL_LIMIT_CANDIDATE_FACET,-0.893822890071851,-0.268450094711859,-0.957736813967031,-0.287645954555735,1647.85614727941,-124.375,-188.125,1474.62423584146,14,1,0.154602049999994,0.370418404104555,PASS_CENTER_STRICTLY_INTERIOR,TOPOLOGY_NORMAL_PLUS_CLASSWISE_MAX_OFFSET_CANDIDATE_NOT_CERTIFIED_INNER_FACET
2011-12-15 05:30:00,VMIN_BUS_33,PHYSICAL_LIMIT_CANDIDATE_FACET,-0.268450094711859,-0.625073311221421,-0.394616541793754,-0.918845898365302,2264.20902891279,-124.375,-188.125,2042.27071189722,13,1,0.15625,0.422271467577097,PASS_CENTER_STRICTLY_INTERIOR,TOPOLOGY_NORMAL_PLUS_CLASSWISE_MAX_OFFSET_CANDIDATE_NOT_CERTIFIED_INNER_FACET
2012-08-04 03:30:00,VMAX_BUS_13,PHYSICAL_LIMIT_CANDIDATE_FACET,0.893822890071851,0.268450094711859,0.957736813967031,0.287645954555735,1499.94001249311,-133.046875,-200.15625,1684.93803825542,12,1,0.15625,0.393246625403277,PASS_CENTER_STRICTLY_INTERIOR,TOPOLOGY_NORMAL_PLUS_CLASSWISE_MAX_OFFSET_CANDIDATE_NOT_CERTIFIED_INNER_FACET
2012-08-04 03:30:00,VMAX_BUS_30,PHYSICAL_LIMIT_CANDIDATE_FACET,0.268450094711859,0.625073311221421,0.394616541793754,0.918845898365302,2083.22239759912,-133.046875,-200.15625,2319.63764465277,13,1,0.201936589508407,0.807746358911623,PASS_CENTER_STRICTLY_INTERIOR,TOPOLOGY_NORMAL_PLUS_CLASSWISE_MAX_OFFSET_CANDIDATE_NOT_CERTIFIED_INNER_FACET
2012-08-04 03:30:00,VMIN_BUS_18,PHYSICAL_LIMIT_CANDIDATE_FACET,-0.893822890071851,-0.268450094711859,-0.957736813967031,-0.287645954555735,1656.13873699001,-133.046875,-200.15625,1471.1407112277,14,1,0.154594419999967,0.370365684241506,PASS_CENTER_STRICTLY_INTERIOR,TOPOLOGY_NORMAL_PLUS_CLASSWISE_MAX_OFFSET_CANDIDATE_NOT_CERTIFIED_INNER_FACET
2012-08-04 03:30:00,VMIN_BUS_33,PHYSICAL_LIMIT_CANDIDATE_FACET,-0.268450094711859,-0.625073311221421,-0.394616541793754,-0.918845898365302,2275.11405049326,-133.046875,-200.15625,2038.69880343961,13,1,0.196623313207276,0.429471554897446,PASS_CENTER_STRICTLY_INTERIOR,TOPOLOGY_NORMAL_PLUS_CLASSWISE_MAX_OFFSET_CANDIDATE_NOT_CERTIFIED_INNER_FACET
2012-08-05 23:30:00,VMAX_BUS_13,PHYSICAL_LIMIT_CANDIDATE_FACET,0.893822890071851,0.268450094711859,0.957736813967031,0.287645954555735,1657.80655863817,-25.703125,-50.625,1696.98546413405,13,1,0.15625,0.696161831753131,PASS_CENTER_STRICTLY_INTERIOR,TOPOLOGY_NORMAL_PLUS_CLASSWISE_MAX_OFFSET_CANDIDATE_NOT_CERTIFIED_INNER_FACET
2012-08-05 23:30:00,VMAX_BUS_30,PHYSICAL_LIMIT_CANDIDATE_FACET,0.268450094711859,0.625073311221421,0.394616541793754,0.918845898365302,2209.57179085649,-25.703125,-50.625,2266.23124276202,13,1,0.202338527287493,0.809354102797836,PASS_CENTER_STRICTLY_INTERIOR,TOPOLOGY_NORMAL_PLUS_CLASSWISE_MAX_OFFSET_CANDIDATE_NOT_CERTIFIED_INNER_FACET
2012-08-05 23:30:00,VMIN_BUS_18,PHYSICAL_LIMIT_CANDIDATE_FACET,-0.893822890071851,-0.268450094711859,-0.957736813967031,-0.287645954555735,1553.1149499056,-25.703125,-50.625,1513.93604440972,14,1,0.154808040000034,0.371042525832702,PASS_CENTER_STRICTLY_INTERIOR,TOPOLOGY_NORMAL_PLUS_CLASSWISE_MAX_OFFSET_CANDIDATE_NOT_CERTIFIED_INNER_FACET
2012-08-05 23:30:00,VMIN_BUS_33,PHYSICAL_LIMIT_CANDIDATE_FACET,-0.268450094711859,-0.625073311221421,-0.394616541793754,-0.918845898365302,2140.79324961565,-25.703125,-50.625,2084.13379771012,13,1,0.202338527287697,0.440458385254905,PASS_CENTER_STRICTLY_INTERIOR,TOPOLOGY_NORMAL_PLUS_CLASSWISE_MAX_OFFSET_CANDIDATE_NOT_CERTIFIED_INNER_FACET
2012-08-24 12:00:00,VMAX_BUS_13,PHYSICAL_LIMIT_CANDIDATE_FACET,0.893822890071851,0.268450094711859,0.957736813967031,0.287645954555735,1617.53746508236,-75.15625,-119.6875,1723.94499769296,13,1,0.154708860000028,0.718182181899729,PASS_CENTER_STRICTLY_INTERIOR,TOPOLOGY_NORMAL_PLUS_CLASSWISE_MAX_OFFSET_CANDIDATE_NOT_CERTIFIED_INNER_FACET
2012-08-24 12:00:00,VMAX_BUS_30,PHYSICAL_LIMIT_CANDIDATE_FACET,0.268450094711859,0.625073311221421,0.394616541793754,0.918845898365302,2151.27882072672,-75.15625,-119.6875,2290.91108865651,13,1,0.202156324261321,0.828110324401171,PASS_CENTER_STRICTLY_INTERIOR,TOPOLOGY_NORMAL_PLUS_CLASSWISE_MAX_OFFSET_CANDIDATE_NOT_CERTIFIED_INNER_FACET
2012-08-24 12:00:00,VMIN_BUS_18,PHYSICAL_LIMIT_CANDIDATE_FACET,-0.893822890071851,-0.268450094711859,-0.957736813967031,-0.287645954555735,1600.62586870818,-75.15625,-119.6875,1494.21833609758,14,1,0.154708860000028,0.35909108742055,PASS_CENTER_STRICTLY_INTERIOR,TOPOLOGY_NORMAL_PLUS_CLASSWISE_MAX_OFFSET_CANDIDATE_NOT_CERTIFIED_INNER_FACET
2012-08-24 12:00:00,VMIN_BUS_33,PHYSICAL_LIMIT_CANDIDATE_FACET,-0.268450094711859,-0.625073311221421,-0.394616541793754,-0.918845898365302,2202.71560361958,-75.15625,-119.6875,2063.0833356898,13,1,0.15625,0.40431264129344,PASS_CENTER_STRICTLY_INTERIOR,TOPOLOGY_NORMAL_PLUS_CLASSWISE_MAX_OFFSET_CANDIDATE_NOT_CERTIFIED_INNER_FACET
2012-08-31 11:30:00,VMAX_BUS_13,PHYSICAL_LIMIT_CANDIDATE_FACET,0.893822890071851,0.268450094711859,0.957736813967031,0.287645954555735,1604.76326554719,-91.40625,-142.109375,1733.18358302206,13,1,0.157116710618436,0.393553309255435,PASS_CENTER_STRICTLY_INTERIOR,TOPOLOGY_NORMAL_PLUS_CLASSWISE_MAX_OFFSET_CANDIDATE_NOT_CERTIFIED_INNER_FACET
2012-08-31 11:30:00,VMAX_BUS_30,PHYSICAL_LIMIT_CANDIDATE_FACET,0.268450094711859,0.625073311221421,0.394616541793754,0.918845898365302,2132.34457178422,-91.40625,-142.109375,2298.99160639556,13,1,0.202098099849436,0.827866879909851,PASS_CENTER_STRICTLY_INTERIOR,TOPOLOGY_NORMAL_PLUS_CLASSWISE_MAX_OFFSET_CANDIDATE_NOT_CERTIFIED_INNER_FACET
2012-08-31 11:30:00,VMIN_BUS_18,PHYSICAL_LIMIT_CANDIDATE_FACET,-0.893822890071851,-0.268450094711859,-0.957736813967031,-0.287645954555735,1616.20257146176,-91.40625,-142.109375,1487.78225398689,14,1,0.15467835000004,0.370636436622775,PASS_CENTER_STRICTLY_INTERIOR,TOPOLOGY_NORMAL_PLUS_CLASSWISE_MAX_OFFSET_CANDIDATE_NOT_CERTIFIED_INNER_FACET
2012-08-31 11:30:00,VMIN_BUS_33,PHYSICAL_LIMIT_CANDIDATE_FACET,-0.268450094711859,-0.625073311221421,-0.394616541793754,-0.918845898365302,2222.95833174257,-91.40625,-142.109375,2056.31129713123,13,1,0.15625,0.439901045261048,PASS_CENTER_STRICTLY_INTERIOR,TOPOLOGY_NORMAL_PLUS_CLASSWISE_MAX_OFFSET_CANDIDATE_NOT_CERTIFIED_INNER_FACET
2012-09-03 07:00:00,VMAX_BUS_13,PHYSICAL_LIMIT_CANDIDATE_FACET,0.893822890071851,0.268450094711859,0.957736813967031,0.287645954555735,1855.91609359689,216.953125,287.265625,1565.50130396502,13,1,0.164667417320665,0.395770578248377,PASS_CENTER_STRICTLY_INTERIOR,TOPOLOGY_NORMAL_PLUS_CLASSWISE_MAX_OFFSET_CANDIDATE_NOT_CERTIFIED_INNER_FACET
2012-09-03 07:00:00,VMAX_BUS_30,PHYSICAL_LIMIT_CANDIDATE_FACET,0.268450094711859,0.625073311221421,0.394616541793754,0.918845898365302,2496.08920431717,216.953125,287.265625,2146.52307112573,13,1,0.203264531270122,0.791541165130977,PASS_CENTER_STRICTLY_INTERIOR,TOPOLOGY_NORMAL_PLUS_CLASSWISE_MAX_OFFSET_CANDIDATE_NOT_CERTIFIED_INNER_FACET
2012-09-03 07:00:00,VMIN_BUS_18,PHYSICAL_LIMIT_CANDIDATE_FACET,-0.893822890071851,-0.268450094711859,-0.957736813967031,-0.287645954555735,1321.33724778728,216.953125,287.265625,1611.75203741914,14,1,0.155296330000056,0.372599458482826,PASS_CENTER_STRICTLY_INTERIOR,TOPOLOGY_NORMAL_PLUS_CLASSWISE_MAX_OFFSET_CANDIDATE_NOT_CERTIFIED_INNER_FACET
2012-09-03 07:00:00,VMIN_BUS_33,PHYSICAL_LIMIT_CANDIDATE_FACET,-0.268450094711859,-0.625073311221421,-0.394616541793754,-0.918845898365302,1837.55662975304,216.953125,287.265625,2187.12276294448,13,1,0.15625,0.442611885879486,PASS_CENTER_STRICTLY_INTERIOR,TOPOLOGY_NORMAL_PLUS_CLASSWISE_MAX_OFFSET_CANDIDATE_NOT_CERTIFIED_INNER_FACET
2012-10-15 13:00:00,VMAX_BUS_13,PHYSICAL_LIMIT_CANDIDATE_FACET,0.893822890071851,0.268450094711859,0.957736813967031,0.287645954555735,1507.50058907551,-124.140625,-187.8125,1680.41814158688,12,1,0.15704497486119,0.695087663229036,PASS_CENTER_STRICTLY_INTERIOR,TOPOLOGY_NORMAL_PLUS_CLASSWISE_MAX_OFFSET_CANDIDATE_NOT_CERTIFIED_INNER_FACET
2012-10-15 13:00:00,VMAX_BUS_30,PHYSICAL_LIMIT_CANDIDATE_FACET,0.268450094711859,0.625073311221421,0.394616541793754,0.918845898365302,2093.97414940024,-124.140625,-187.8125,2315.53283882059,13,1,0.201974124062645,0.827349791491677,PASS_CENTER_STRICTLY_INTERIOR,TOPOLOGY_NORMAL_PLUS_CLASSWISE_MAX_OFFSET_CANDIDATE_NOT_CERTIFIED_INNER_FACET
2012-10-15 13:00:00,VMIN_BUS_18,PHYSICAL_LIMIT_CANDIDATE_FACET,-0.893822890071851,-0.268450094711859,-0.957736813967031,-0.287645954555735,1647.60470416243,-124.140625,-187.8125,1474.68715165106,14,1,0.154609680000021,0.370425879385124,PASS_CENTER_STRICTLY_INTERIOR,TOPOLOGY_NORMAL_PLUS_CLASSWISE_MAX_OFFSET_CANDIDATE_NOT_CERTIFIED_INNER_FACET
2012-10-15 13:00:00,VMIN_BUS_33,PHYSICAL_LIMIT_CANDIDATE_FACET,-0.268450094711859,-0.625073311221421,-0.394616541793754,-0.918845898365302,2264.05145530225,-124.140625,-187.8125,2042.4927658819,13,1,0.15625,0.403948235627929,PASS_CENTER_STRICTLY_INTERIOR,TOPOLOGY_NORMAL_PLUS_CLASSWISE_MAX_OFFSET_CANDIDATE_NOT_CERTIFIED_INNER_FACET
2013-04-07 02:00:00,VMAX_BUS_13,PHYSICAL_LIMIT_CANDIDATE_FACET,0.893822890071851,0.268450094711859,0.957736813967031,0.287645954555735,1729.85038513242,63.28125,73.359375,1648.14207492608,13,1,0.164298132163307,0.719821838273908,PASS_CENTER_STRICTLY_INTERIOR,TOPOLOGY_NORMAL_PLUS_CLASSWISE_MAX_OFFSET_CANDIDATE_NOT_CERTIFIED_INNER_FACET
2013-04-07 02:00:00,VMAX_BUS_30,PHYSICAL_LIMIT_CANDIDATE_FACET,0.268450094711859,0.625073311221421,0.394616541793754,0.918845898365302,2314.50580947559,63.28125,73.359375,2222.12802061481,13,1,0.202680326303733,0.444717410000067,PASS_CENTER_STRICTLY_INTERIOR,TOPOLOGY_NORMAL_PLUS_CLASSWISE_MAX_OFFSET_CANDIDATE_NOT_CERTIFIED_INNER_FACET
2013-04-07 02:00:00,VMIN_BUS_18,PHYSICAL_LIMIT_CANDIDATE_FACET,-0.893822890071851,-0.268450094711859,-0.957736813967031,-0.287645954555735,1467.86273985982,63.28125,73.359375,1549.57105006616,14,1,0.154983520000087,0.371614155819385,PASS_CENTER_STRICTLY_INTERIOR,TOPOLOGY_NORMAL_PLUS_CLASSWISE_MAX_OFFSET_CANDIDATE_NOT_CERTIFIED_INNER_FACET
2013-04-07 02:00:00,VMIN_BUS_33,PHYSICAL_LIMIT_CANDIDATE_FACET,-0.268450094711859,-0.625073311221421,-0.394616541793754,-0.918845898365302,2029.47738024691,63.28125,73.359375,2121.85516910769,13,1,0.15625,0.423804664291095,PASS_CENTER_STRICTLY_INTERIOR,TOPOLOGY_NORMAL_PLUS_CLASSWISE_MAX_OFFSET_CANDIDATE_NOT_CERTIFIED_INNER_FACET
2013-04-17 05:30:00,VMAX_BUS_13,PHYSICAL_LIMIT_CANDIDATE_FACET,0.893822890071851,0.268450094711859,0.957736813967031,0.287645954555735,1466.43957076711,-171.875,-254.296875,1704.19805301761,12,1,0.156940869929147,0.673581552432425,PASS_CENTER_STRICTLY_INTERIOR,TOPOLOGY_NORMAL_PLUS_CLASSWISE_MAX_OFFSET_CANDIDATE_NOT_CERTIFIED_INNER_FACET
2013-04-17 05:30:00,VMAX_BUS_30,PHYSICAL_LIMIT_CANDIDATE_FACET,0.268450094711859,0.625073311221421,0.394616541793754,0.918845898365302,2038.03802585985,-171.875,-254.296875,2339.52238454152,13,1,0.206641195450424,0.7859202278797,PASS_CENTER_STRICTLY_INTERIOR,TOPOLOGY_NORMAL_PLUS_CLASSWISE_MAX_OFFSET_CANDIDATE_NOT_CERTIFIED_INNER_FACET
2013-04-17 05:30:00,VMIN_BUS_18,PHYSICAL_LIMIT_CANDIDATE_FACET,-0.893822890071851,-0.268450094711859,-0.957736813967031,-0.287645954555735,1693.57633536463,-171.875,-254.296875,1455.81785311413,14,1,0.154510500000015,0.370110036785248,PASS_CENTER_STRICTLY_INTERIOR,TOPOLOGY_NORMAL_PLUS_CLASSWISE_MAX_OFFSET_CANDIDATE_NOT_CERTIFIED_INNER_FACET
2013-04-17 05:30:00,VMIN_BUS_33,PHYSICAL_LIMIT_CANDIDATE_FACET,-0.268450094711859,-0.625073311221421,-0.394616541793754,-0.918845898365302,2323.78240233118,-171.875,-254.296875,2022.29804364951,13,1,0.15625,0.439178036065691,PASS_CENTER_STRICTLY_INTERIOR,TOPOLOGY_NORMAL_PLUS_CLASSWISE_MAX_OFFSET_CANDIDATE_NOT_CERTIFIED_INNER_FACET
