timestamp,class_id,stored_inward_point_count,fitted_a13_unit,fitted_a30_unit,fitted_normal_angle_deg,topology_normal_angle_deg,angular_deviation_deg,tls_rms_orthogonal_residual_kw,tls_max_orthogonal_residual_kw,unique_point_count,exact_duplicate_count_removed,minimum_paired_bracket_length_kw,maximum_paired_bracket_length_kw,materiality_threshold_deg,materiality_classification,role
2010-07-01 07:30:00,VMAX_BUS_13,13,0.950292158596372,0.311359620551939,18.1411866500582,16.7170751213866,1.42411152867148,15.918667670592,35.4772795762353,13,0,0.15625,0.724437485922463,,UNRESOLVED_THRESHOLD_NOT_PREREGISTERED,DIAGNOSTIC_ONLY_DO_NOT_REPLACE_TOPOLOGY_NORMAL
2010-07-01 07:30:00,VMAX_BUS_30,13,0.429530716675661,0.903052248450826,64.5622180668913,66.7579390959851,2.1957210290939,15.313066713472,33.6545910589771,13,0,0.209112092993445,0.816604619291455,,UNRESOLVED_THRESHOLD_NOT_PREREGISTERED,DIAGNOSTIC_ONLY_DO_NOT_REPLACE_TOPOLOGY_NORMAL
2010-07-01 07:30:00,VMIN_BUS_18,13,-0.965768561229142,-0.259405254652625,195.034774995794,196.717075121387,1.68230012559282,16.1172854552911,30.115171238307,13,0,0.155761719999873,0.362218746509929,,UNRESOLVED_THRESHOLD_NOT_PREREGISTERED,DIAGNOSTIC_ONLY_DO_NOT_REPLACE_TOPOLOGY_NORMAL
2010-07-01 07:30:00,VMIN_BUS_33,12,-0.35727072718793,-0.934000871249383,249.067323658796,246.757939095985,2.30938456281091,15.9097114277241,30.9115886119037,12,0,0.15625,0.434421190000968,,UNRESOLVED_THRESHOLD_NOT_PREREGISTERED,DIAGNOSTIC_ONLY_DO_NOT_REPLACE_TOPOLOGY_NORMAL
2010-07-02 17:30:00,VMAX_BUS_13,15,0.951101739015128,0.308877778485925,17.9916132289775,16.7170751213866,1.2745381075907,18.224411987066,45.6221994314155,15,0,0.205796949351427,0.753715972069775,,UNRESOLVED_THRESHOLD_NOT_PREREGISTERED,DIAGNOSTIC_ONLY_DO_NOT_REPLACE_TOPOLOGY_NORMAL
2010-07-02 17:30:00,VMAX_BUS_30,13,0.43349618060223,0.901155403581024,64.3103579434816,66.7579390959851,2.44758115250356,16.6046720675644,37.5773030430611,13,0,0.21904899213067,0.801167029564227,,UNRESOLVED_THRESHOLD_NOT_PREREGISTERED,DIAGNOSTIC_ONLY_DO_NOT_REPLACE_TOPOLOGY_NORMAL
2010-07-02 17:30:00,VMIN_BUS_18,13,-0.966915096553515,-0.255098404653786,194.779416165115,196.717075121387,1.93765895627175,18.4075406995857,34.8572352137796,13,0,0.15625,0.364800713678875,,UNRESOLVED_THRESHOLD_NOT_PREREGISTERED,DIAGNOSTIC_ONLY_DO_NOT_REPLACE_TOPOLOGY_NORMAL
2010-07-02 17:30:00,VMIN_BUS_33,12,-0.351695840787264,-0.936114328259609,249.408924556895,246.757939095985,2.6509854609099,17.607200536165,31.6982298089678,12,0,0.205796949351327,0.438097984261725,,UNRESOLVED_THRESHOLD_NOT_PREREGISTERED,DIAGNOSTIC_ONLY_DO_NOT_REPLACE_TOPOLOGY_NORMAL
2010-07-02 18:00:00,VMAX_BUS_13,15,0.950706723394229,0.310091480200616,18.0647435970177,16.7170751213866,1.34766847563074,19.5051652038882,48.9896642019633,15,0,0.156501769999977,0.752918410806335,,UNRESOLVED_THRESHOLD_NOT_PREREGISTERED,DIAGNOSTIC_ONLY_DO_NOT_REPLACE_TOPOLOGY_NORMAL
2010-07-02 18:00:00,VMAX_BUS_30,13,0.435266557872821,0.900301629231863,64.1977434195179,66.7579390959851,2.56019567646731,17.4093894313539,39.2027691551637,13,0,0.21058675926628,0.800271867107679,,UNRESOLVED_THRESHOLD_NOT_PREREGISTERED,DIAGNOSTIC_ONLY_DO_NOT_REPLACE_TOPOLOGY_NORMAL
2010-07-02 18:00:00,VMIN_BUS_18,13,-0.9667647448205,-0.255667612677386,194.813147929575,196.717075121387,1.90392719181162,18.0369460917205,34.087291400855,13,0,0.15625,0.364427300499229,,UNRESOLVED_THRESHOLD_NOT_PREREGISTERED,DIAGNOSTIC_ONLY_DO_NOT_REPLACE_TOPOLOGY_NORMAL
2010-07-02 18:00:00,VMIN_BUS_33,12,-0.352449676857508,-0.935830767437702,249.362778307163,246.757939095985,2.60483921117811,17.2385167842141,30.9744330307406,12,0,0.200067967405321,0.437575773383365,,UNRESOLVED_THRESHOLD_NOT_PREREGISTERED,DIAGNOSTIC_ONLY_DO_NOT_REPLACE_TOPOLOGY_NORMAL
2010-07-03 00:00:00,VMAX_BUS_13,13,0.947810612462405,0.318833879792662,18.5924175344941,16.7170751213866,1.87534241310731,21.4878241923279,47.2019066583413,13,0,0.154968260000032,0.697075891185995,,UNRESOLVED_THRESHOLD_NOT_PREREGISTERED,DIAGNOSTIC_ONLY_DO_NOT_REPLACE_TOPOLOGY_NORMAL
2010-07-03 00:00:00,VMAX_BUS_30,13,0.438933283726928,0.898519656121498,63.9641597647048,66.7579390959851,2.79377933128037,18.9923213907116,41.2215224132822,13,0,0.202659646367459,0.810638579992157,,UNRESOLVED_THRESHOLD_NOT_PREREGISTERED,DIAGNOSTIC_ONLY_DO_NOT_REPLACE_TOPOLOGY_NORMAL
2010-07-03 00:00:00,VMIN_BUS_18,14,-0.965592212511861,-0.260060914280574,195.073676612256,196.717075121387,1.64339850913033,19.3375583370869,38.3279182757874,14,0,0.154968260000032,0.371576592290936,,UNRESOLVED_THRESHOLD_NOT_PREREGISTERED,DIAGNOSTIC_ONLY_DO_NOT_REPLACE_TOPOLOGY_NORMAL
2010-07-03 00:00:00,VMIN_BUS_33,13,-0.35534062179978,-0.934736884101053,249.185678257366,246.757939095985,2.42773916138071,17.018888720589,32.8647654391256,13,0,0.20265964636741,0.423761219612594,,UNRESOLVED_THRESHOLD_NOT_PREREGISTERED,DIAGNOSTIC_ONLY_DO_NOT_REPLACE_TOPOLOGY_NORMAL
2010-11-26 18:00:00,VMAX_BUS_13,13,0.948342536709785,0.317248219958522,18.496590259043,16.7170751213866,1.77951513765608,20.2903364520797,44.6654502664139,13,0,0.15513610999983,0.698010385134327,,UNRESOLVED_THRESHOLD_NOT_PREREGISTERED,DIAGNOSTIC_ONLY_DO_NOT_REPLACE_TOPOLOGY_NORMAL
2010-11-26 18:00:00,VMAX_BUS_30,13,0.436985980293092,0.899468316855733,64.0882676299883,66.7579390959851,2.66967146599689,18.1984958384511,39.5773655825316,13,0,0.207891909940517,0.811930782755159,,UNRESOLVED_THRESHOLD_NOT_PREREGISTERED,DIAGNOSTIC_ONLY_DO_NOT_REPLACE_TOPOLOGY_NORMAL
2010-11-26 18:00:00,VMIN_BUS_18,14,-0.965856941108561,-0.259075991385564,195.015241814703,196.717075121387,1.70183330668405,19.9115358448555,39.7202615619549,14,0,0.155136110000058,0.372118153026421,,UNRESOLVED_THRESHOLD_NOT_PREREGISTERED,DIAGNOSTIC_ONLY_DO_NOT_REPLACE_TOPOLOGY_NORMAL
2010-11-26 18:00:00,VMIN_BUS_33,13,-0.3540124924896,-0.935240693704728,249.267065534121,246.757939095985,2.50912643813602,17.2517997571216,33.2629828514882,13,0,0.15625,0.441963761346424,,UNRESOLVED_THRESHOLD_NOT_PREREGISTERED,DIAGNOSTIC_ONLY_DO_NOT_REPLACE_TOPOLOGY_NORMAL
2010-12-21 11:30:00,VMAX_BUS_13,13,0.946936714742002,0.321420065138481,18.7488261608133,16.7170751213866,2.03175103942653,23.4319437052123,51.4471239782143,13,0,0.154716489999828,0.393699127687997,,UNRESOLVED_THRESHOLD_NOT_PREREGISTERED,DIAGNOSTIC_ONLY_DO_NOT_REPLACE_TOPOLOGY_NORMAL
2010-12-21 11:30:00,VMAX_BUS_30,13,0.442067695631396,0.896981690158248,63.7641171511771,66.7579390959851,2.99382194480804,20.3016705552303,44.2632708213218,13,0,0.220040816796675,0.44008163359335,,UNRESOLVED_THRESHOLD_NOT_PREREGISTERED,DIAGNOSTIC_ONLY_DO_NOT_REPLACE_TOPOLOGY_NORMAL
2010-12-21 11:30:00,VMIN_BUS_18,14,-0.965150994417219,-0.261693633807651,195.170580141835,196.717075121387,1.54649497955121,18.4245025769729,36.3862682030233,14,0,0.154716500000177,0.3936991292038,,UNRESOLVED_THRESHOLD_NOT_PREREGISTERED,DIAGNOSTIC_ONLY_DO_NOT_REPLACE_TOPOLOGY_NORMAL
2010-12-21 11:30:00,VMIN_BUS_33,13,-0.357611108973187,-0.933870598497976,249.04644166577,246.757939095985,2.28850256978484,16.6612669836432,32.1839353106241,13,0,0.15625,0.430006313954994,,UNRESOLVED_THRESHOLD_NOT_PREREGISTERED,DIAGNOSTIC_ONLY_DO_NOT_REPLACE_TOPOLOGY_NORMAL
2010-12-21 12:00:00,VMAX_BUS_13,13,0.94700195920972,0.32122778406133,18.7371923161544,16.7170751213866,2.02011719476776,23.2934317327013,51.1675048414111,13,0,0.154731749999883,0.695763639554811,,UNRESOLVED_THRESHOLD_NOT_PREREGISTERED,DIAGNOSTIC_ONLY_DO_NOT_REPLACE_TOPOLOGY_NORMAL
2010-12-21 12:00:00,VMAX_BUS_30,13,0.441802821179469,0.897112182058555,63.7810350932325,66.7579390959851,2.97690400275271,20.1935564364299,44.0613760179185,13,0,0.220078429271067,0.845557615110435,,UNRESOLVED_THRESHOLD_NOT_PREREGISTERED,DIAGNOSTIC_ONLY_DO_NOT_REPLACE_TOPOLOGY_NORMAL
2010-12-21 12:00:00,VMIN_BUS_18,14,-0.965181812029629,-0.261579949015978,195.163831400138,196.717075121387,1.55324372124864,18.4962991805895,36.5035787210558,14,0,0.15473175000011,0.393759478754346,,UNRESOLVED_THRESHOLD_NOT_PREREGISTERED,DIAGNOSTIC_ONLY_DO_NOT_REPLACE_TOPOLOGY_NORMAL
2010-12-21 12:00:00,VMIN_BUS_33,13,-0.357466517978922,-0.933925954518893,249.055312496693,246.757939095985,2.29737340070792,16.6459583309739,32.1519211252879,13,0,0.202207012579428,0.430078367806597,,UNRESOLVED_THRESHOLD_NOT_PREREGISTERED,DIAGNOSTIC_ONLY_DO_NOT_REPLACE_TOPOLOGY_NORMAL
2011-01-21 18:00:00,VMAX_BUS_13,13,0.949206733790831,0.314653105063566,18.3398733395478,16.7170751213866,1.62279821816134,18.3362465825032,40.5233946130357,13,0,0.15625,0.722335547928152,,UNRESOLVED_THRESHOLD_NOT_PREREGISTERED,DIAGNOSTIC_ONLY_DO_NOT_REPLACE_TOPOLOGY_NORMAL
2011-01-21 18:00:00,VMAX_BUS_30,13,0.43374787108485,0.901034285878934,64.2943542981514,66.7579390959851,2.4635847978337,16.9582904240984,36.9796375943615,13,0,0.208409043725621,0.813914674819387,,UNRESOLVED_THRESHOLD_NOT_PREREGISTERED,DIAGNOSTIC_ONLY_DO_NOT_REPLACE_TOPOLOGY_NORMAL
2011-01-21 18:00:00,VMIN_BUS_18,14,-0.966275430578136,-0.257510761447046,194.922410649364,196.717075121387,1.79466447202269,20.812691236605,41.8214044637857,14,0,0.155410759999995,0.372960519022079,,UNRESOLVED_THRESHOLD_NOT_PREREGISTERED,DIAGNOSTIC_ONLY_DO_NOT_REPLACE_TOPOLOGY_NORMAL
2011-01-21 18:00:00,VMIN_BUS_33,13,-0.351885671698305,-0.936042987289276,249.397305330352,246.757939095985,2.63936623436706,17.6380232174738,34.206353057659,13,0,0.192372182151607,0.425534019890428,,UNRESOLVED_THRESHOLD_NOT_PREREGISTERED,DIAGNOSTIC_ONLY_DO_NOT_REPLACE_TOPOLOGY_NORMAL
2011-02-05 11:30:00,VMAX_BUS_13,15,0.951418557011181,0.307900518633474,17.9327514547033,16.7170751213866,1.21567633331654,17.2191129044298,42.7798012719715,15,0,0.166371166315203,0.75436326264662,,UNRESOLVED_THRESHOLD_NOT_PREREGISTERED,DIAGNOSTIC_ONLY_DO_NOT_REPLACE_TOPOLOGY_NORMAL
2011-02-05 11:30:00,VMAX_BUS_30,13,0.432040986618922,0.901853971483936,64.4028438247707,66.7579390959851,2.35509527121448,15.9424360059604,36.215468206979,13,0,0.211034134037737,0.778495340206598,,UNRESOLVED_THRESHOLD_NOT_PREREGISTERED,DIAGNOSTIC_ONLY_DO_NOT_REPLACE_TOPOLOGY_NORMAL
2011-02-05 11:30:00,VMIN_BUS_18,13,-0.967042536675309,-0.254614870462399,194.750765622452,196.717075121387,1.96630949893441,18.7333555358067,35.5362716894972,13,0,0.15625,0.324642740032943,,UNRESOLVED_THRESHOLD_NOT_PREREGISTERED,DIAGNOSTIC_ONLY_DO_NOT_REPLACE_TOPOLOGY_NORMAL
2011-02-05 11:30:00,VMIN_BUS_33,12,-0.351160392494547,-0.936315320147586,249.441693666816,246.757939095985,2.68375457083071,17.9157749933036,32.3051705702692,12,0,0.200475380991664,0.400950759249039,,UNRESOLVED_THRESHOLD_NOT_PREREGISTERED,DIAGNOSTIC_ONLY_DO_NOT_REPLACE_TOPOLOGY_NORMAL
2011-02-05 17:30:00,VMAX_BUS_13,17,0.951192027672548,0.308599621665658,17.9748574449765,16.7170751213866,1.25778232358967,21.3044879538598,57.644928428047,17,0,0.167249044114521,0.783519419274433,,UNRESOLVED_THRESHOLD_NOT_PREREGISTERED,DIAGNOSTIC_ONLY_DO_NOT_REPLACE_TOPOLOGY_NORMAL
2011-02-05 17:30:00,VMAX_BUS_30,14,0.436864831221618,0.899527164260039,64.0959845259448,66.7579390959851,2.66195457004046,20.2162282667751,49.1397394864514,14,0,0.217008680767689,0.78351942636401,,UNRESOLVED_THRESHOLD_NOT_PREREGISTERED,DIAGNOSTIC_ONLY_DO_NOT_REPLACE_TOPOLOGY_NORMAL
2011-02-05 17:30:00,VMIN_BUS_18,12,-0.966621093729841,-0.256210189408084,194.845306389925,196.717075121387,1.87176873146176,17.3520145885616,31.0937667698449,12,0,0.15625,0.355431962450324,,UNRESOLVED_THRESHOLD_NOT_PREREGISTERED,DIAGNOSTIC_ONLY_DO_NOT_REPLACE_TOPOLOGY_NORMAL
2011-02-05 17:30:00,VMIN_BUS_33,11,-0.353308884485185,-0.93550672479883,249.310164636421,246.757939095985,2.55222554043597,17.1902561626827,28.3703373466028,11,0,0.201805978214029,0.414780807222765,,UNRESOLVED_THRESHOLD_NOT_PREREGISTERED,DIAGNOSTIC_ONLY_DO_NOT_REPLACE_TOPOLOGY_NORMAL
2011-02-05 18:00:00,VMAX_BUS_13,17,0.951528529276154,0.307560494819409,17.9122759202936,16.7170751213866,1.1952007989067,19.9600067973339,52.9906855938988,17,0,0.15625,0.784211511486215,,UNRESOLVED_THRESHOLD_NOT_PREREGISTERED,DIAGNOSTIC_ONLY_DO_NOT_REPLACE_TOPOLOGY_NORMAL
2011-02-05 18:00:00,VMAX_BUS_30,14,0.435274852937115,0.900297618790905,64.1972155150713,66.7579390959851,2.56072358091387,19.2825382792964,46.9694609569015,14,0,0.217218969781233,0.807958569248274,,UNRESOLVED_THRESHOLD_NOT_PREREGISTERED,DIAGNOSTIC_ONLY_DO_NOT_REPLACE_TOPOLOGY_NORMAL
2011-02-05 18:00:00,VMIN_BUS_18,12,-0.966710685802196,-0.255871940540279,194.825257857585,196.717075121387,1.89181726380138,17.7400780109734,31.8144561533155,12,0,0.157569886000033,0.334735985905862,,UNRESOLVED_THRESHOLD_NOT_PREREGISTERED,DIAGNOSTIC_ONLY_DO_NOT_REPLACE_TOPOLOGY_NORMAL
2011-02-05 18:00:00,VMIN_BUS_33,11,-0.352923411154475,-0.935652214158172,249.333771390708,246.757939095985,2.5758322947231,17.6519397909769,28.9906995527122,11,0,0.201989641879376,0.456268310000041,,UNRESOLVED_THRESHOLD_NOT_PREREGISTERED,DIAGNOSTIC_ONLY_DO_NOT_REPLACE_TOPOLOGY_NORMAL
2011-02-06 00:00:00,VMAX_BUS_13,13,0.950334912263686,0.311229102965599,18.1333175557446,16.7170751213866,1.41624243435792,15.7703412077534,35.2502042302704,13,0,0.158277866474549,0.724564856726744,,UNRESOLVED_THRESHOLD_NOT_PREREGISTERED,DIAGNOSTIC_ONLY_DO_NOT_REPLACE_TOPOLOGY_NORMAL
2011-02-06 00:00:00,VMAX_BUS_30,13,0.429297175632951,0.903163293648259,64.5770345887337,66.7579390959851,2.18090450725146,15.2499697081608,33.5202318028719,13,0,0.209153145640875,0.854157002870694,,UNRESOLVED_THRESHOLD_NOT_PREREGISTERED,DIAGNOSTIC_ONLY_DO_NOT_REPLACE_TOPOLOGY_NORMAL
2011-02-06 00:00:00,VMIN_BUS_18,13,-0.965799451367705,-0.259290222989299,195.027950665749,196.717075121387,1.68912445563775,16.1638269821792,30.1866684997837,13,0,0.155784599999834,0.362282431885759,,UNRESOLVED_THRESHOLD_NOT_PREREGISTERED,DIAGNOSTIC_ONLY_DO_NOT_REPLACE_TOPOLOGY_NORMAL
2011-02-06 00:00:00,VMIN_BUS_33,12,-0.357150194070368,-0.934046968238481,249.07471751539,246.757939095985,2.31677841940515,15.8973651147631,30.9463715952725,12,0,0.198765302821056,0.434508432966301,,UNRESOLVED_THRESHOLD_NOT_PREREGISTERED,DIAGNOSTIC_ONLY_DO_NOT_REPLACE_TOPOLOGY_NORMAL
2011-03-04 18:00:00,VMAX_BUS_13,13,0.94834092741551,0.317253030542957,18.4968808991949,16.7170751213866,1.77980577780798,20.2704025418936,44.4943626500235,13,0,0.155143739999858,0.720750476773087,,UNRESOLVED_THRESHOLD_NOT_PREREGISTERED,DIAGNOSTIC_ONLY_DO_NOT_REPLACE_TOPOLOGY_NORMAL
2011-03-04 18:00:00,VMAX_BUS_30,13,0.436996103722868,0.899463398549953,64.0876227697133,66.7579390959851,2.67031632627185,18.2149353113903,39.4752360257326,13,0,0.202973381136147,0.445404049999979,,UNRESOLVED_THRESHOLD_NOT_PREREGISTERED,DIAGNOSTIC_ONLY_DO_NOT_REPLACE_TOPOLOGY_NORMAL
2011-03-04 18:00:00,VMIN_BUS_18,14,-0.965857836593188,-0.259072652921004,195.015043773116,196.717075121387,1.70203134827004,19.8978263364485,39.6952363344496,14,0,0.155143740000085,0.372110525419971,,UNRESOLVED_THRESHOLD_NOT_PREREGISTERED,DIAGNOSTIC_ONLY_DO_NOT_REPLACE_TOPOLOGY_NORMAL
2011-03-04 18:00:00,VMIN_BUS_33,13,-0.354017997746227,-0.935238609805943,249.26672826445,246.757939095985,2.50878916846498,17.2453077921325,33.2715719995963,13,0,0.202973382012766,0.424438365085292,,UNRESOLVED_THRESHOLD_NOT_PREREGISTERED,DIAGNOSTIC_ONLY_DO_NOT_REPLACE_TOPOLOGY_NORMAL
2011-03-08 11:30:00,VMAX_BUS_13,13,0.946918246797745,0.321474468475312,18.7521179457222,16.7170751213866,2.03504282433537,23.4657366750275,51.5817990250965,13,0,0.154708869999922,0.718182167757443,,UNRESOLVED_THRESHOLD_NOT_PREREGISTERED,DIAGNOSTIC_ONLY_DO_NOT_REPLACE_TOPOLOGY_NORMAL
2011-03-08 11:30:00,VMAX_BUS_30,13,0.442123361623682,0.896954253630906,63.7605613648845,66.7579390959851,2.99737773110061,20.3424345952485,44.348588466869,13,0,0.202156323822167,0.808625287181876,,UNRESOLVED_THRESHOLD_NOT_PREREGISTERED,DIAGNOSTIC_ONLY_DO_NOT_REPLACE_TOPOLOGY_NORMAL
2011-03-08 11:30:00,VMIN_BUS_18,14,-0.965138568207117,-0.2617394585444,195.173300525412,196.717075121387,1.54377459597431,18.3801748440525,36.35054003493,14,0,0.154708860000028,0.370734197955448,,UNRESOLVED_THRESHOLD_NOT_PREREGISTERED,DIAGNOSTIC_ONLY_DO_NOT_REPLACE_TOPOLOGY_NORMAL
2011-03-08 11:30:00,VMIN_BUS_33,13,-0.357676303094209,-0.933845630821743,249.04244175623,246.757939095985,2.28450266024436,16.5995490092406,32.0012859477572,13,0,0.202156324261321,0.422667610185108,,UNRESOLVED_THRESHOLD_NOT_PREREGISTERED,DIAGNOSTIC_ONLY_DO_NOT_REPLACE_TOPOLOGY_NORMAL
2011-03-08 12:30:00,VMAX_BUS_13,13,0.947103146106682,0.320929323426242,18.7191357314889,16.7170751213866,2.00206061010217,23.073204882963,50.6416443772077,13,0,0.15625,0.718534122184156,,UNRESOLVED_THRESHOLD_NOT_PREREGISTERED,DIAGNOSTIC_ONLY_DO_NOT_REPLACE_TOPOLOGY_NORMAL
2011-03-08 12:30:00,VMAX_BUS_30,13,0.441480830436333,0.897270681766236,63.8015978290876,66.7579390959851,2.95634126689757,20.0061983892986,43.597404101158,13,0,0.215104935165524,0.440292714209973,,UNRESOLVED_THRESHOLD_NOT_PREREGISTERED,DIAGNOSTIC_ONLY_DO_NOT_REPLACE_TOPOLOGY_NORMAL
2011-03-08 12:30:00,VMIN_BUS_18,14,-0.965235705104795,-0.261381012299766,195.152022313153,196.717075121387,1.56505280823377,18.5956411017363,36.6576983072871,14,0,0.154769890000125,0.37092219436896,,UNRESOLVED_THRESHOLD_NOT_PREREGISTERED,DIAGNOSTIC_ONLY_DO_NOT_REPLACE_TOPOLOGY_NORMAL
2011-03-08 12:30:00,VMIN_BUS_33,13,-0.357201502894879,-0.934027347741831,249.071570125514,246.757939095985,2.31363102952848,16.7300960433369,32.2782668448175,13,0,0.15625,0.443740839999919,,UNRESOLVED_THRESHOLD_NOT_PREREGISTERED,DIAGNOSTIC_ONLY_DO_NOT_REPLACE_TOPOLOGY_NORMAL
2011-05-11 17:30:00,VMAX_BUS_13,14,0.948346661783711,0.317235888706954,18.4958452464478,16.7170751213866,1.77877012506107,21.9086178089816,52.6169314268101,14,0,0.15625,0.750540365730538,,UNRESOLVED_THRESHOLD_NOT_PREREGISTERED,DIAGNOSTIC_ONLY_DO_NOT_REPLACE_TOPOLOGY_NORMAL
2011-05-11 17:30:00,VMAX_BUS_30,14,0.436554088246449,0.899678013533349,64.1157757771408,66.7579390959851,2.64216331884428,21.4045163811277,50.1241720065418,14,0,0.217992596269865,0.797575727410388,,UNRESOLVED_THRESHOLD_NOT_PREREGISTERED,DIAGNOSTIC_ONLY_DO_NOT_REPLACE_TOPOLOGY_NORMAL
2011-05-11 17:30:00,VMIN_BUS_18,13,-0.966287314859972,-0.257466163098583,194.919766184499,196.717075121387,1.79730893688779,17.0355421737609,31.8974135554495,13,0,0.156135559999939,0.363321129921932,,UNRESOLVED_THRESHOLD_NOT_PREREGISTERED,DIAGNOSTIC_ONLY_DO_NOT_REPLACE_TOPOLOGY_NORMAL
2011-05-11 17:30:00,VMIN_BUS_33,12,-0.354746336210971,-0.934962585852981,249.22210128199,246.757939095985,2.46416218600541,16.4576041250579,31.2391967692887,12,0,0.199393930594199,0.449829099999988,,UNRESOLVED_THRESHOLD_NOT_PREREGISTERED,DIAGNOSTIC_ONLY_DO_NOT_REPLACE_TOPOLOGY_NORMAL
2011-05-11 18:00:00,VMAX_BUS_13,14,0.9484423039985,0.316949831970323,18.4785635731762,16.7170751213866,1.76148845178932,21.6303594720195,52.0338661549029,14,0,0.156150819999993,0.750675971309101,,UNRESOLVED_THRESHOLD_NOT_PREREGISTERED,DIAGNOSTIC_ONLY_DO_NOT_REPLACE_TOPOLOGY_NORMAL
2011-05-11 18:00:00,VMAX_BUS_30,14,0.436217170507273,0.899841419448243,64.1372303543112,66.7579390959851,2.62070874167397,21.249822601786,49.8510902699413,14,0,0.204895086489679,0.8195803540782,,UNRESOLVED_THRESHOLD_NOT_PREREGISTERED,DIAGNOSTIC_ONLY_DO_NOT_REPLACE_TOPOLOGY_NORMAL
2011-05-11 18:00:00,VMIN_BUS_18,13,-0.96631471926935,-0.25736329055131,194.913666467457,196.717075121387,1.80340865392909,17.0732509991773,32.0483359908633,13,0,0.156150819999993,0.351795131981926,,UNRESOLVED_THRESHOLD_NOT_PREREGISTERED,DIAGNOSTIC_ONLY_DO_NOT_REPLACE_TOPOLOGY_NORMAL
2011-05-11 18:00:00,VMIN_BUS_33,12,-0.354603664809189,-0.935016706216468,249.230844126575,246.757939095985,2.47290503059011,16.5583866038402,31.3389174693646,12,0,0.15625,0.428607915068978,,UNRESOLVED_THRESHOLD_NOT_PREREGISTERED,DIAGNOSTIC_ONLY_DO_NOT_REPLACE_TOPOLOGY_NORMAL
2011-05-16 07:30:00,VMAX_BUS_13,13,0.949369912590118,0.314160419322091,18.3101365227247,16.7170751213866,1.593061401338,18.0039756995596,39.812304847614,13,0,0.174947754852859,0.722669957134258,,UNRESOLVED_THRESHOLD_NOT_PREREGISTERED,DIAGNOSTIC_ONLY_DO_NOT_REPLACE_TOPOLOGY_NORMAL
2011-05-16 07:30:00,VMAX_BUS_30,13,0.433088217682286,0.901351538360467,64.3362935474647,66.7579390959851,2.42164554852053,16.6933234270596,36.3783831048059,13,0,0.20358758984551,0.814350386120499,,UNRESOLVED_THRESHOLD_NOT_PREREGISTERED,DIAGNOSTIC_ONLY_DO_NOT_REPLACE_TOPOLOGY_NORMAL
2011-05-16 07:30:00,VMIN_BUS_18,14,-0.966680935440032,-0.255984314083471,194.831918204797,196.717075121387,1.88515691659,19.3463684245862,38.4227816801441,14,0,0.155464169999959,0.37314109392749,,UNRESOLVED_THRESHOLD_NOT_PREREGISTERED,DIAGNOSTIC_ONLY_DO_NOT_REPLACE_TOPOLOGY_NORMAL
2011-05-16 07:30:00,VMIN_BUS_33,13,-0.353008454196197,-0.93562013192642,249.328563589316,246.757939095985,2.57062449333131,19.3478034265947,37.8205126221519,13,0,0.15625,0.446853639999972,,UNRESOLVED_THRESHOLD_NOT_PREREGISTERED,DIAGNOSTIC_ONLY_DO_NOT_REPLACE_TOPOLOGY_NORMAL
2011-09-11 00:00:00,VMAX_BUS_13,13,0.947277203505186,0.320415198951913,18.6880362093615,16.7170751213866,1.97096108797484,22.6584973301854,49.7385616750927,13,0,0.154815670000062,0.718813601304095,,UNRESOLVED_THRESHOLD_NOT_PREREGISTERED,DIAGNOSTIC_ONLY_DO_NOT_REPLACE_TOPOLOGY_NORMAL
2011-09-11 00:00:00,VMAX_BUS_30,13,0.440906106963011,0.897553232317015,63.838291376599,66.7579390959851,2.91964771938614,19.8160269042284,43.150206478702,13,0,0.3125,0.828950109260413,,UNRESOLVED_THRESHOLD_NOT_PREREGISTERED,DIAGNOSTIC_ONLY_DO_NOT_REPLACE_TOPOLOGY_NORMAL
2011-09-11 00:00:00,VMIN_BUS_18,14,-0.96532107294897,-0.261065559047242,195.133298036252,196.717075121387,1.58377708513438,18.757597360669,36.9498472129499,14,0,0.15625,0.359406797109877,,UNRESOLVED_THRESHOLD_NOT_PREREGISTERED,DIAGNOSTIC_ONLY_DO_NOT_REPLACE_TOPOLOGY_NORMAL
2011-09-11 00:00:00,VMIN_BUS_33,13,-0.356731599225404,-0.934206918254241,249.100392524247,246.757939095985,2.34245342826188,16.7456645172306,32.2911660012858,13,0,0.15625,0.44050345151326,,UNRESOLVED_THRESHOLD_NOT_PREREGISTERED,DIAGNOSTIC_ONLY_DO_NOT_REPLACE_TOPOLOGY_NORMAL
2011-09-30 05:30:00,VMAX_BUS_13,12,0.949546900174748,0.313625069738578,18.2778304515155,16.7170751213866,1.5607553301286,16.2242586462023,32.5573178107717,12,0,0.196731439286726,0.370553747346441,,UNRESOLVED_THRESHOLD_NOT_PREREGISTERED,DIAGNOSTIC_ONLY_DO_NOT_REPLACE_TOPOLOGY_NORMAL
2011-09-30 05:30:00,VMAX_BUS_30,13,0.442814660604451,0.896613169852955,63.7163940684676,66.7579390959851,3.04154502751762,20.6351018356672,44.9782561556904,13,0,0.21486534743398,0.827672476132705,,UNRESOLVED_THRESHOLD_NOT_PREREGISTERED,DIAGNOSTIC_ONLY_DO_NOT_REPLACE_TOPOLOGY_NORMAL
2011-09-30 05:30:00,VMIN_BUS_18,14,-0.965038707179953,-0.262107408602743,195.195145135675,196.717075121387,1.521929985712,18.1799245823978,35.9694502623552,14,0,0.154647829999931,0.370553733263838,,UNRESOLVED_THRESHOLD_NOT_PREREGISTERED,DIAGNOSTIC_ONLY_DO_NOT_REPLACE_TOPOLOGY_NORMAL
2011-09-30 05:30:00,VMIN_BUS_33,13,-0.358201125015307,-0.933644447334085,249.010238018566,246.757939095985,2.25229892258054,16.5181986763829,31.8638684784612,13,0,0.15625,0.422441254916781,,UNRESOLVED_THRESHOLD_NOT_PREREGISTERED,DIAGNOSTIC_ONLY_DO_NOT_REPLACE_TOPOLOGY_NORMAL
2011-09-30 11:30:00,VMAX_BUS_13,13,0.947182091209042,0.320696252071749,18.7050364769443,16.7170751213866,1.98796135555755,22.9126670539471,50.3414509198176,13,0,0.157229397018657,0.718656224814728,,UNRESOLVED_THRESHOLD_NOT_PREREGISTERED,DIAGNOSTIC_ONLY_DO_NOT_REPLACE_TOPOLOGY_NORMAL
2011-09-30 11:30:00,VMAX_BUS_30,13,0.441196037138319,0.897410751447431,63.8197820634268,66.7579390959851,2.93815703255825,19.9345671242753,43.3698556891987,13,0,0.20718893066643,0.443847659999847,,UNRESOLVED_THRESHOLD_NOT_PREREGISTERED,DIAGNOSTIC_ONLY_DO_NOT_REPLACE_TOPOLOGY_NORMAL
2011-09-30 11:30:00,VMIN_BUS_18,14,-0.965269082430675,-0.261257724294313,195.14470414185,196.717075121387,1.57237097953593,18.6603187499381,36.7446642443035,14,0,0.154785149999952,0.370989939571166,,UNRESOLVED_THRESHOLD_NOT_PREREGISTERED,DIAGNOSTIC_ONLY_DO_NOT_REPLACE_TOPOLOGY_NORMAL
2011-09-30 11:30:00,VMIN_BUS_33,13,-0.357006480046718,-0.934101907290983,249.083532880272,246.757939095985,2.32559378428711,16.7408918045613,32.2403199251927,13,0,0.20231030250608,0.43030971319078,,UNRESOLVED_THRESHOLD_NOT_PREREGISTERED,DIAGNOSTIC_ONLY_DO_NOT_REPLACE_TOPOLOGY_NORMAL
2011-11-14 17:30:00,VMAX_BUS_13,14,0.948375632094499,0.317149271557352,18.4906122219632,16.7170751213866,1.77353710057636,21.8463352341078,52.5409357282439,14,0,0.158646762663706,0.750570592746632,,UNRESOLVED_THRESHOLD_NOT_PREREGISTERED,DIAGNOSTIC_ONLY_DO_NOT_REPLACE_TOPOLOGY_NORMAL
2011-11-14 17:30:00,VMAX_BUS_30,14,0.436477539561897,0.899715153511372,64.1206506612181,66.7579390959851,2.6372884347671,21.3780980929296,50.0518913556534,14,0,0.209856243719069,0.83942497413164,,UNRESOLVED_THRESHOLD_NOT_PREREGISTERED,DIAGNOSTIC_ONLY_DO_NOT_REPLACE_TOPOLOGY_NORMAL
2011-11-14 17:30:00,VMIN_BUS_18,13,-0.966290172879813,-0.257455436524268,194.919130155733,196.717075121387,1.7979449656533,17.0465849821702,31.9852507828491,13,0,0.156135559999939,0.363333564741941,,UNRESOLVED_THRESHOLD_NOT_PREREGISTERED,DIAGNOSTIC_ONLY_DO_NOT_REPLACE_TOPOLOGY_NORMAL
2011-11-14 17:30:00,VMIN_BUS_33,12,-0.354700561492632,-0.934979952553429,249.224906392966,246.757939095985,2.46696729698062,16.4784229749538,31.2846665447488,12,0,0.199404032913734,0.419712487437801,,UNRESOLVED_THRESHOLD_NOT_PREREGISTERED,DIAGNOSTIC_ONLY_DO_NOT_REPLACE_TOPOLOGY_NORMAL
2011-11-14 19:30:00,VMAX_BUS_13,14,0.948750825458918,0.316025111646246,18.4227099367896,16.7170751213866,1.705634815403,20.8288746203995,50.132660342481,14,0,0.15625,0.751157521088027,,UNRESOLVED_THRESHOLD_NOT_PREREGISTERED,DIAGNOSTIC_ONLY_DO_NOT_REPLACE_TOPOLOGY_NORMAL
2011-11-14 19:30:00,VMAX_BUS_30,14,0.435107742961578,0.90037839379612,64.2078500725579,66.7579390959851,2.55008902342725,20.6681155846222,48.6003529400416,14,0,0.210038858798501,0.820151517536033,,UNRESOLVED_THRESHOLD_NOT_PREREGISTERED,DIAGNOSTIC_ONLY_DO_NOT_REPLACE_TOPOLOGY_NORMAL
2011-11-14 19:30:00,VMIN_BUS_18,13,-0.966415003239679,-0.256986461731451,194.891324284325,196.717075121387,1.82575083706179,17.2961698866401,32.4451882049451,13,0,0.156227109999918,0.35200407234753,,UNRESOLVED_THRESHOLD_NOT_PREREGISTERED,DIAGNOSTIC_ONLY_DO_NOT_REPLACE_TOPOLOGY_NORMAL
2011-11-14 19:30:00,VMIN_BUS_33,12,-0.35409795291825,-0.935208340285257,249.261829869546,246.757939095985,2.50389077356062,16.6414223840153,31.1638978565063,12,0,0.15625,0.436403694462417,,UNRESOLVED_THRESHOLD_NOT_PREREGISTERED,DIAGNOSTIC_ONLY_DO_NOT_REPLACE_TOPOLOGY_NORMAL
2011-12-15 05:30:00,VMAX_BUS_13,12,0.949446966645032,0.313927471764654,18.2960783879271,16.7170751213866,1.5790032665404,16.4124588563375,33.0168485148433,12,0,0.173766830381523,0.674065298543788,,UNRESOLVED_THRESHOLD_NOT_PREREGISTERED,DIAGNOSTIC_ONLY_DO_NOT_REPLACE_TOPOLOGY_NORMAL
2011-12-15 05:30:00,VMAX_BUS_30,13,0.443298347298425,0.896374126847984,63.6854811829719,66.7579390959851,3.07245791301331,20.8741294757264,45.6031412486963,13,0,0.206836017794914,0.827344088236139,,UNRESOLVED_THRESHOLD_NOT_PREREGISTERED,DIAGNOSTIC_ONLY_DO_NOT_REPLACE_TOPOLOGY_NORMAL
2011-12-15 05:30:00,VMIN_BUS_18,14,-0.964967776119644,-0.26236842616959,195.21064270524,196.717075121387,1.50643241614685,18.0294299091876,35.7562212964995,14,0,0.154602049999994,0.370418404104555,,UNRESOLVED_THRESHOLD_NOT_PREREGISTERED,DIAGNOSTIC_ONLY_DO_NOT_REPLACE_TOPOLOGY_NORMAL
2011-12-15 05:30:00,VMIN_BUS_33,13,-0.358588449438172,-0.933495754639263,248.98646684767,246.757939095985,2.22852775168463,16.4732149606637,31.8524702667389,13,0,0.15625,0.422271467577097,,UNRESOLVED_THRESHOLD_NOT_PREREGISTERED,DIAGNOSTIC_ONLY_DO_NOT_REPLACE_TOPOLOGY_NORMAL
2012-08-04 03:30:00,VMAX_BUS_13,12,0.949398532603493,0.314073918513356,18.3049161586786,16.7170751213866,1.58784103729174,16.5211093301369,33.1594006424153,12,0,0.15625,0.393246625403277,,UNRESOLVED_THRESHOLD_NOT_PREREGISTERED,DIAGNOSTIC_ONLY_DO_NOT_REPLACE_TOPOLOGY_NORMAL
2012-08-04 03:30:00,VMAX_BUS_30,13,0.443503552926621,0.896272613963778,63.6723638006021,66.7579390959851,3.0855752953831,20.8867931020378,45.6514624242208,13,0,0.201936589508407,0.807746358911623,,UNRESOLVED_THRESHOLD_NOT_PREREGISTERED,DIAGNOSTIC_ONLY_DO_NOT_REPLACE_TOPOLOGY_NORMAL
2012-08-04 03:30:00,VMIN_BUS_18,14,-0.96493467538324,-0.262490137420517,195.217869537853,196.717075121387,1.49920558353395,17.970741815946,35.6664833334909,14,0,0.154594419999967,0.370365684241506,,UNRESOLVED_THRESHOLD_NOT_PREREGISTERED,DIAGNOSTIC_ONLY_DO_NOT_REPLACE_TOPOLOGY_NORMAL
2012-08-04 03:30:00,VMIN_BUS_33,13,-0.358737707085154,-0.933438405849731,248.977305482052,246.757939095985,2.21936638606724,16.4343997630233,31.7583977289497,13,0,0.196623313207276,0.429471554897446,,UNRESOLVED_THRESHOLD_NOT_PREREGISTERED,DIAGNOSTIC_ONLY_DO_NOT_REPLACE_TOPOLOGY_NORMAL
2012-08-05 23:30:00,VMAX_BUS_13,13,0.947241783115326,0.320519896918269,18.6943689530628,16.7170751213866,1.97729383167606,22.7762513997557,50.0095627074344,13,0,0.15625,0.696161831753131,,UNRESOLVED_THRESHOLD_NOT_PREREGISTERED,DIAGNOSTIC_ONLY_DO_NOT_REPLACE_TOPOLOGY_NORMAL
2012-08-05 23:30:00,VMAX_BUS_30,13,0.440988494728641,0.89751275618621,63.8330319919513,66.7579390959851,2.92490710403401,19.8512467080031,43.1760819526386,13,0,0.202338527287493,0.809354102797836,,UNRESOLVED_THRESHOLD_NOT_PREREGISTERED,DIAGNOSTIC_ONLY_DO_NOT_REPLACE_TOPOLOGY_NORMAL
2012-08-05 23:30:00,VMIN_BUS_18,14,-0.965306184971878,-0.261120602892685,195.136565140265,196.717075121387,1.58050998112135,18.7389471695026,36.8843843827322,14,0,0.154808040000034,0.371042525832702,,UNRESOLVED_THRESHOLD_NOT_PREREGISTERED,DIAGNOSTIC_ONLY_DO_NOT_REPLACE_TOPOLOGY_NORMAL
2012-08-05 23:30:00,VMIN_BUS_33,13,-0.35681842682142,-0.934173758077525,249.095067212487,246.757939095985,2.33712811650238,16.7402356964856,32.1977077236971,13,0,0.202338527287697,0.440458385254905,,UNRESOLVED_THRESHOLD_NOT_PREREGISTERED,DIAGNOSTIC_ONLY_DO_NOT_REPLACE_TOPOLOGY_NORMAL
2012-08-24 12:00:00,VMAX_BUS_13,13,0.946917780228962,0.321475842772448,18.7522011012062,16.7170751213866,2.03512597981927,23.4620355895371,51.5740691976414,13,0,0.154708860000028,0.718182181899729,,UNRESOLVED_THRESHOLD_NOT_PREREGISTERED,DIAGNOSTIC_ONLY_DO_NOT_REPLACE_TOPOLOGY_NORMAL
2012-08-24 12:00:00,VMAX_BUS_30,13,0.442165042252843,0.896933707366125,63.7578988528549,66.7579390959851,3.00004024313024,20.3390744913576,44.3536668121775,13,0,0.202156324261321,0.828110324401171,,UNRESOLVED_THRESHOLD_NOT_PREREGISTERED,DIAGNOSTIC_ONLY_DO_NOT_REPLACE_TOPOLOGY_NORMAL
2012-08-24 12:00:00,VMIN_BUS_18,14,-0.965136193401416,-0.261748215250122,195.173820370867,196.717075121387,1.54325475051995,18.384028898728,36.3206655753272,14,0,0.154708860000028,0.35909108742055,,UNRESOLVED_THRESHOLD_NOT_PREREGISTERED,DIAGNOSTIC_ONLY_DO_NOT_REPLACE_TOPOLOGY_NORMAL
2012-08-24 12:00:00,VMIN_BUS_33,13,-0.357688867985796,-0.933840818190681,249.041670839614,246.757939095985,2.28373174362908,16.6153656351947,32.0756905447384,13,0,0.15625,0.40431264129344,,UNRESOLVED_THRESHOLD_NOT_PREREGISTERED,DIAGNOSTIC_ONLY_DO_NOT_REPLACE_TOPOLOGY_NORMAL
2012-08-31 11:30:00,VMAX_BUS_13,13,0.946792790003548,0.32184377079151,18.774465033956,16.7170751213866,2.05738991256901,23.7879267415284,52.2312496835075,13,0,0.157116710618436,0.393553309255435,,UNRESOLVED_THRESHOLD_NOT_PREREGISTERED,DIAGNOSTIC_ONLY_DO_NOT_REPLACE_TOPOLOGY_NORMAL
2012-08-31 11:30:00,VMAX_BUS_30,13,0.442502851435317,0.896767097116979,63.7363177283337,66.7579390959851,3.02162136765149,20.4969601344358,44.831891202422,13,0,0.202098099849436,0.827866879909851,,UNRESOLVED_THRESHOLD_NOT_PREREGISTERED,DIAGNOSTIC_ONLY_DO_NOT_REPLACE_TOPOLOGY_NORMAL
2012-08-31 11:30:00,VMIN_BUS_18,14,-0.96508325434633,-0.261943337728404,195.185404229343,196.717075121387,1.53167089204339,18.2806822394604,36.136117766016,14,0,0.15467835000004,0.370636436622775,,UNRESOLVED_THRESHOLD_NOT_PREREGISTERED,DIAGNOSTIC_ONLY_DO_NOT_REPLACE_TOPOLOGY_NORMAL
2012-08-31 11:30:00,VMIN_BUS_33,13,-0.357980297762516,-0.933729139747636,249.023789104021,246.757939095985,2.26585000803576,16.556400167671,31.9782400297811,13,0,0.15625,0.439901045261048,,UNRESOLVED_THRESHOLD_NOT_PREREGISTERED,DIAGNOSTIC_ONLY_DO_NOT_REPLACE_TOPOLOGY_NORMAL
2012-09-03 07:00:00,VMAX_BUS_13,13,0.948827816442468,0.315793880157639,18.4087462590484,16.7170751213866,1.6916711376616,19.1492105735897,42.1915467860177,13,0,0.164667417320665,0.395770578248377,,UNRESOLVED_THRESHOLD_NOT_PREREGISTERED,DIAGNOSTIC_ONLY_DO_NOT_REPLACE_TOPOLOGY_NORMAL
2012-09-03 07:00:00,VMAX_BUS_30,13,0.435123619590856,0.900370721244395,64.2068397554149,66.7579390959851,2.5510993405703,17.4876054728325,37.920077709175,13,0,0.203264531270122,0.791541165130977,,UNRESOLVED_THRESHOLD_NOT_PREREGISTERED,DIAGNOSTIC_ONLY_DO_NOT_REPLACE_TOPOLOGY_NORMAL
2012-09-03 07:00:00,VMIN_BUS_18,14,-0.966101481233983,-0.258162599842626,194.961065207226,196.717075121387,1.75600991416052,20.4220304056632,40.9010013522246,14,0,0.155296330000056,0.372599458482826,,UNRESOLVED_THRESHOLD_NOT_PREREGISTERED,DIAGNOSTIC_ONLY_DO_NOT_REPLACE_TOPOLOGY_NORMAL
2012-09-03 07:00:00,VMIN_BUS_33,13,-0.352756234311164,-0.935715255382003,249.344008319248,246.757939095985,2.58606922326283,17.4467725423943,33.7553611236441,13,0,0.15625,0.442611885879486,,UNRESOLVED_THRESHOLD_NOT_PREREGISTERED,DIAGNOSTIC_ONLY_DO_NOT_REPLACE_TOPOLOGY_NORMAL
2012-10-15 13:00:00,VMAX_BUS_13,12,0.949450416897709,0.313917036576173,18.2954486622099,16.7170751213866,1.57837354082288,16.3951003280719,32.9031673121146,12,0,0.15704497486119,0.695087663229036,,UNRESOLVED_THRESHOLD_NOT_PREREGISTERED,DIAGNOSTIC_ONLY_DO_NOT_REPLACE_TOPOLOGY_NORMAL
2012-10-15 13:00:00,VMAX_BUS_30,13,0.443305259863392,0.896370708232621,63.685039334483,66.7579390959851,3.07289976150217,20.8511305193578,45.6282490409767,13,0,0.201974124062645,0.827349791491677,,UNRESOLVED_THRESHOLD_NOT_PREREGISTERED,DIAGNOSTIC_ONLY_DO_NOT_REPLACE_TOPOLOGY_NORMAL
2012-10-15 13:00:00,VMIN_BUS_18,14,-0.964966448832228,-0.262373307766089,195.210932554368,196.717075121387,1.50614256701821,18.0407565815948,35.7396467671884,14,0,0.154609680000021,0.370425879385124,,UNRESOLVED_THRESHOLD_NOT_PREREGISTERED,DIAGNOSTIC_ONLY_DO_NOT_REPLACE_TOPOLOGY_NORMAL
2012-10-15 13:00:00,VMIN_BUS_33,13,-0.358585084680805,-0.933497047153584,248.98667336844,246.757939095985,2.22873427245528,16.495181172417,31.782783434216,13,0,0.15625,0.403948235627929,,UNRESOLVED_THRESHOLD_NOT_PREREGISTERED,DIAGNOSTIC_ONLY_DO_NOT_REPLACE_TOPOLOGY_NORMAL
2013-04-07 02:00:00,VMAX_BUS_13,13,0.947845527317243,0.318730068152815,18.5861421676733,16.7170751213866,1.86906704628646,21.3759885644938,46.9461171077601,13,0,0.164298132163307,0.719821838273908,,UNRESOLVED_THRESHOLD_NOT_PREREGISTERED,DIAGNOSTIC_ONLY_DO_NOT_REPLACE_TOPOLOGY_NORMAL
2013-04-07 02:00:00,VMAX_BUS_30,13,0.438853281207348,0.898558733513589,63.9692611634482,66.7579390959851,2.78867793253694,19.0002282046737,41.2451569664702,13,0,0.202680326303733,0.444717410000067,,UNRESOLVED_THRESHOLD_NOT_PREREGISTERED,DIAGNOSTIC_ONLY_DO_NOT_REPLACE_TOPOLOGY_NORMAL
2013-04-07 02:00:00,VMIN_BUS_18,14,-0.965603313022948,-0.260019695175396,195.071230789728,196.717075121387,1.64584433165887,19.3581547896675,38.4008554830199,14,0,0.154983520000087,0.371614155819385,,UNRESOLVED_THRESHOLD_NOT_PREREGISTERED,DIAGNOSTIC_ONLY_DO_NOT_REPLACE_TOPOLOGY_NORMAL
2013-04-07 02:00:00,VMIN_BUS_33,13,-0.355298062954367,-0.934753061755282,249.188286928494,246.757939095985,2.43034783250839,17.0268343111217,32.7503929740751,13,0,0.15625,0.423804664291095,,UNRESOLVED_THRESHOLD_NOT_PREREGISTERED,DIAGNOSTIC_ONLY_DO_NOT_REPLACE_TOPOLOGY_NORMAL
2013-04-17 05:30:00,VMAX_BUS_13,12,0.948756858169229,0.316007000044071,18.4216161669212,16.7170751213866,1.70454104553443,15.6390899595744,31.8408120364463,12,0,0.156940869929147,0.673581552432425,,UNRESOLVED_THRESHOLD_NOT_PREREGISTERED,DIAGNOSTIC_ONLY_DO_NOT_REPLACE_TOPOLOGY_NORMAL
2013-04-17 05:30:00,VMAX_BUS_30,13,0.442869034089164,0.896586314107532,63.7129194174671,66.7579390959851,3.04501967851814,22.7073685226677,49.3125304302816,13,0,0.206641195450424,0.7859202278797,,UNRESOLVED_THRESHOLD_NOT_PREREGISTERED,DIAGNOSTIC_ONLY_DO_NOT_REPLACE_TOPOLOGY_NORMAL
2013-04-17 05:30:00,VMIN_BUS_18,14,-0.964800603512625,-0.262982500295503,195.24710703423,196.717075121387,1.469968087156,17.6741877579437,35.1547145730021,14,0,0.154510500000015,0.370110036785248,,UNRESOLVED_THRESHOLD_NOT_PREREGISTERED,DIAGNOSTIC_ONLY_DO_NOT_REPLACE_TOPOLOGY_NORMAL
2013-04-17 05:30:00,VMIN_BUS_33,13,-0.359418641124187,-0.933176425126805,248.935502916054,246.757939095985,2.17756382006866,16.3414232070387,31.6122834464776,13,0,0.15625,0.439178036065691,,UNRESOLVED_THRESHOLD_NOT_PREREGISTERED,DIAGNOSTIC_ONLY_DO_NOT_REPLACE_TOPOLOGY_NORMAL
